product_name,brand,msc_number,manufacturer_number,price,availability,description,specifications,image_url,product_url
22 Piece L-Key Ball End Hex Key Set,Bondhus,05051644,20199,$48.49 /each,In Stock,"Find 22 Piece L-Key Ball End Hex Key Set at MSC Industrial Supply, serving the metalworking, safety, and MRO industries for over 75 years","Ball End: Yes; Tool Type: Ball End; Handle Type: L-Handle; Measurement Type: Inch; Hex Size Range (Inch): 0.050 - 3/8; Hex Size Range (mm): 1.5 - 10; Container Type: Plastic Holder; Material: Steel; Hex Size: 8 mm; 5 mm; 6 mm; 2.5 mm; 4 mm; 1.5 mm; 10 mm; 2 mm; 3 mm; Metric Hex Sizes: 1.5,2,2.5,3,4,5,6,8,10; SPI: 97-679-5; Fastener Type: Standard Ball End; Number Of Pieces: 22; UNSPSC Code: 27111710; Country of Origin: UNITED STATES",https://cdn.mscdirect.com/global/images/ProductImages/0505164-24.jpg,https://www.mscdirect.com/product/details/05051644
"Utility Blade: 1992 Heavy-Duty Blade In Dispenser, 100-Pack",Stanley,84969427,11-921A,$24.25 /each,Limited Quantities,"Find Utility Blade: 1992 Heavy-Duty Blade In Dispenser, 100-Pack at MSC Industrial Supply, serving the metalworking, safety, and MRO industries for over 75 years",Blade Type: Utility Knife; Blade Material: Carbon Steel; Style: Heavy-Duty; Overall Length (Inch): 2-7/16; Number Of Pieces: 100; Number Of Blades: 100; UNSPSC Code: 27110000; Product Service Code: 5110; Country of Origin: UNITED STATES,https://cdn.mscdirect.com/global/images/ProductImages/8496942AA-24.jpg,https://www.mscdirect.com/product/details/84969427
"Box Cutter: Recessed & Hook Blade, 5-3/4"" Blade Length",Klever Innovations,44510550,KCJ-XC-20Y,$11.25 /each,In Stock,"Find Box Cutter: Recessed & Hook Blade, 5-3/4"" Blade Length at MSC Industrial Supply, serving the metalworking, safety, and MRO industries for over 75 years",Knife Type: Snap-off Utility Knife; Blade Material: Carbon steel; Blade Type: Hook Blade; Recessed; Blade Length (Inch): 5-3/4; Handle Material: Plastic; Handle Color: Yellow; Number of Blades Included in Order: 1; Number Of Blades: 1; UNSPSC Code: 27112151; Country of Origin: VARIOUS,https://cdn.mscdirect.com/global/images/ProductImages/4451055-24.jpg,https://www.mscdirect.com/product/details/44510550
"Utility Blade: 1992 Heavy-Duty Blade, 5-Pack",Stanley,84969419,11-921,$2.38 /each,In Stock,"Find Utility Blade: 1992 Heavy-Duty Blade, 5-Pack at MSC Industrial Supply, serving the metalworking, safety, and MRO industries for over 75 years",Blade Type: Utility Knife; Blade Material: Carbon Steel; Style: Heavy-Duty; Overall Length (Inch): 2-7/16; Number Of Pieces: 5; Number Of Blades: 5; UNSPSC Code: 27110000; Product Service Code: 5110; Country of Origin: UNITED STATES,https://cdn.mscdirect.com/global/images/ProductImages/8496941AA-24.jpg,https://www.mscdirect.com/product/details/84969419
13 Piece L-Key Ball End Hex Key Set,Bondhus,05051586,10937,$27.28 /each,In Stock,"Find 13 Piece L-Key Ball End Hex Key Set at MSC Industrial Supply, serving the metalworking, safety, and MRO industries for over 75 years",Ball End: Yes; Tool Type: Ball End; Handle Type: L-Handle; Measurement Type: Inch; Hex Size Range (Inch): 0.050 - 3/8; Container Type: Plastic Holder; Material: Steel; Hex Size: 5/64 in; 1/4 in; 0.05 in; 1/8 in; 5/16 in; 5/32 in; 1/16 in; 7/64 in; 3/16 in; 9/64 in; 3/32 in; 3/8 in; 7/32 in; Arm Style: Long; SPI: 97-677-9; Fastener Type: Standard Ball End; Number Of Pieces: 13; UNSPSC Code: 27111710; Country of Origin: UNITED STATES,https://cdn.mscdirect.com/global/images/ProductImages/0505158-24.jpg,https://www.mscdirect.com/product/details/05051586
"Utility Blade: Glass Scraper Blade, 100-Pack",Stanley,06526115,11-515,$10.67 /each,In Stock,"Find Utility Blade: Glass Scraper Blade, 100-Pack at MSC Industrial Supply, serving the metalworking, safety, and MRO industries for over 75 years",Blade Type: Single Edge; Blade Material: Steel; Style: Single Edge; Overall Length (Inch): 1-1/2; Number Of Pieces: 100; Number Of Blades: 100; UNSPSC Code: 27110000; Product Service Code: 5110; Country of Origin: China,https://cdn.mscdirect.com/global/images/ProductImages/0652611AA-24.jpg,https://www.mscdirect.com/product/details/06526115
Snap-off Utility Knife: Retractable Blade,Stanley,06525968,10-099,$7.34 /each,In Stock,"Find Snap-off Utility Knife: Retractable Blade at MSC Industrial Supply, serving the metalworking, safety, and MRO industries for over 75 years",Knife Type: Snap-off Utility Knife; Blade Type: Retractable; Handle Material: Aluminum; Number of Blades Included in Order: 3; Number Of Blades: 3; Replaceable Blade: Yes; Replacement Blade: Stanley #11-921 (MSC #84969419); UNSPSC Code: 27110000; Country of Origin: UNITED STATES,https://cdn.mscdirect.com/global/images/ProductImages/0652596-24.jpg,https://www.mscdirect.com/product/details/06525968
"Tongue & Groove Plier: 2"" Cutting Capacity, Standard Straight Jaw",Channellock,76636109,430 BULK,$22.53 /each,In Stock,"Find Tongue & Groove Plier: 2"" Cutting Capacity, Standard Straight Jaw at MSC Industrial Supply, serving the metalworking, safety, and MRO industries for over 75 years",Maximum Capacity (Inch): 2; Joint Type: Groove; Type: Pliers; Jaw Style: Straight Jaw; Overall Length Range: 9 to 11.9 in; Handle Type: Comfort Grip; Jaw Length (mm): 35.05; Jaw Length (Decimal Inch): 1.3800; Handle Material: Plastic; Body Material: Steel; Handle Color: Blue; Tether Style: Not Tether Capable; Style: Comfort Grip; Jaw Type: Standard; Number Of Positions: 7; UNSPSC Code: 27112112; Country of Origin: UNITED STATES,https://cdn.mscdirect.com/global/images/ProductImages/7663610-24.jpg,https://www.mscdirect.com/product/details/76636109
9 Piece L-Key Ball End Hex Key Set,Bondhus,05051636,10999,$26.30 /each,In Stock,"Find 9 Piece L-Key Ball End Hex Key Set at MSC Industrial Supply, serving the metalworking, safety, and MRO industries for over 75 years","Ball End: Yes; Tool Type: Ball End; Handle Type: L-Handle; Measurement Type: Metric; Hex Size Range (mm): 1.5 - 10; Container Type: Plastic Holder; Material: Steel; Hex Size: 8 mm; 5 mm; 6 mm; 2.5 mm; 4 mm; 1.5 mm; 10 mm; 2 mm; 3 mm; Arm Style: Long; Metric Hex Sizes: 1.5,2,2.5,3,4,5,6,8,10; SPI: 97-688-6; Fastener Type: Standard Ball End; Number Of Pieces: 9; UNSPSC Code: 27111710; Country of Origin: UNITED STATES",https://cdn.mscdirect.com/global/images/ProductImages/0505163-24.jpg,https://www.mscdirect.com/product/details/05051636
Snap-off Utility Knife: Retractable Blade,Stanley,06526198,10-499,$9.69 /each,In Stock,"Find Snap-off Utility Knife: Retractable Blade at MSC Industrial Supply, serving the metalworking, safety, and MRO industries for over 75 years",Knife Type: Snap-off Utility Knife; Blade Type: Retractable; Handle Material: Aluminum; Number of Blades Included in Order: 3; Number Of Blades: 3; Replaceable Blade: Yes; Replacement Blade: Stanley #11-921 (MSC #84969419); UNSPSC Code: 27110000; Country of Origin: UNITED STATES,https://cdn.mscdirect.com/global/images/ProductImages/0652619-24.jpg,https://www.mscdirect.com/product/details/06526198
Utility Knife: Retractable Blade,Stanley,06526271,10-189C,$10.38 /each,In Stock,"Find Utility Knife: Retractable Blade at MSC Industrial Supply, serving the metalworking, safety, and MRO industries for over 75 years",Knife Type: Utility Blade; Blade Type: Retractable; Handle Color: Orange; Number of Blades Included in Order: 1; Number Of Blades: 1; Replaceable Blade: Yes; Replacement Blade: Stanley #11-987; UNSPSC Code: 27110000; Country of Origin: UNITED STATES,https://cdn.mscdirect.com/global/images/ProductImages/0652627-24.jpg,https://www.mscdirect.com/product/details/06526271
"Aviation Snips: 9-3/4"" OAL, 1-3/8"" LOC, Jaw: Molybdenum Steel Blades",Wiss,06642607,M3R,$29.28 /each,In Stock,"Find Aviation Snips: 9-3/4"" OAL, 1-3/8"" LOC, Jaw: Molybdenum Steel Blades at MSC Industrial Supply, serving the metalworking, safety, and MRO industries for over 75 years","Tool Type: Aviation Snips; Cutting Length (Fractional Inch): 1-3/8; Cutting Length (Decimal Inch): 1.3750; Overall Length Range: 7 to 9.9 in; Cutting Direction: Straight; Overall Length (Inch): 9-3/4; Overall Length (Decimal Inch): 9.7500; Blade Material: Molybdenum Steel; Edge Type: Serrated; Handle Length: 210.00; Handle Color: Yellow; Tether Style: Not Tether Capable; Application: General Purpose; Features: Tough Molybdenum Steel Holds Material Firmly; Non-Slip Serrated Jaw; Withstands Strain of Cutting Heavy Stock; Non-Slip; Uniformly Spreads Cutting Force Across Blade Edge; Spring-Action for Fast, Effortless Feed; Compound Leverage Mechanism Reduces Hand Fatigue; Textured Grips & Safety Latch; Steel Capacity (AWG): 18; UNSPSC Code: 27111500; Country of Origin: UNITED STATES",https://cdn.mscdirect.com/global/images/ProductImages/0664260AL-21.jpg,https://www.mscdirect.com/product/details/06642607
Retrieving Tool: Magnetic,Mag-Mate,02511764,240N,$9.75 /each,In Stock,"Find Retrieving Tool: Magnetic at MSC Industrial Supply, serving the metalworking, safety, and MRO industries for over 75 years",Type: Magnetic Retrieving Tool; Magnetic: Yes; Overall Length Range: 25 in to 35.9 in; Maximum Pull (Lb.): 2.0; Overall Length (Decimal Inch): 25.5000; Extended Length: 25.50; Collapsed Length (Fractional Inch): 5-1/2; Body Material: Stainless Steel; Shaft Material: Stainless Steel; Shaft Length: 5.5000 in; Features: Stainless Steel Pen Sized Tool For Tiny Jobs; Additional Information: Pocket-size Telescoping Magnetic Retrieving Tool; Average Magnetic Pull: 2; Style: Pocket-size Telescoping; Head/Holder Diameter (Fractional Inch): 5/16; UNSPSC Code: 27112109; Country of Origin: VARIOUS,https://cdn.mscdirect.com/global/images/ProductImages/0251176-24.jpg,https://www.mscdirect.com/product/details/02511764
"Tongue & Groove Plier: 1-1/2"" Cutting Capacity, Standard Jaw",Channellock,76636091,420 BULK,$21.51 /each,In Stock,"Find Tongue & Groove Plier: 1-1/2"" Cutting Capacity, Standard Jaw at MSC Industrial Supply, serving the metalworking, safety, and MRO industries for over 75 years",Maximum Capacity (Inch): 1-1/2; Joint Type: Groove; Type: Pliers; Jaw Style: Straight Jaw; Overall Length Range: 9 to 11.9 in; Head Style: Standard; Handle Type: Comfort Grip; Jaw Length (mm): 28.45; Jaw Length (Inch): 1-1/8; Jaw Length (Decimal Inch): 1.1200; Handle Material: Plastic; Body Material: Steel; Handle Color: Blue; Tether Style: Not Tether Capable; Features: Standard; Style: Comfort Grip; Jaw Type: Standard; Capacity: 1-1/2 in; Number Of Positions: 5; UNSPSC Code: 27112112; Country of Origin: UNITED STATES,https://cdn.mscdirect.com/global/images/ProductImages/7663609-24.jpg,https://www.mscdirect.com/product/details/76636091
"8"" Adjustable Black Oxide Wrench - Bagged",Crescent,33173766,AT28BK,$26.39 /each,In Stock,"Find 8"" Adjustable Black Oxide Wrench - Bagged at MSC Industrial Supply, serving the metalworking, safety, and MRO industries for over 75 years",Overall Length (Inch): 8; Finish: Black; Handle Type: Plain; Material: Alloy Steel; Measuring Scale: Yes; Jaw Capacity (Inch): 1-1/8; Ratcheting: No; Lockable: No; Corrosion Resistant: Yes; Non-Sparking: No; Insulated: No; Extra Thin Jaw: No; Non-Magnetic: No; Hang Hole: Yes; Standards: ASME; Warranty: Limited Lifetime; UNSPSC Code: 27111707; Country of Origin: Vietnam,https://cdn.mscdirect.com/global/images/ProductImages/3317376AA-21.jpg,https://www.mscdirect.com/product/details/33173766
Nut Driver & Bit Screwdriver Set,Klein Tools,82787110,32500,$24.28 /each,In Stock,"Find Nut Driver & Bit Screwdriver Set at MSC Industrial Supply, serving the metalworking, safety, and MRO industries for over 75 years","Type: Nut Driver & Screwdriver Set; Tip Type: Nut Driver; Slotted; Torx; Phillips; Square; Torx Size: T10; T15; Phillips Point Size: #1 - #2; Slotted Point Size: 6.4 mm; 1/4 in; 3/16 in; 4.8 mm; Handle Type: Cushion Grip; Overall Length (Inch): 7-1/4; Overall Length (Decimal Inch): 7.2500; Overall Length (mm): 184.00; Handle Length (Inch): 3.0000; Insulated: No; Tether Style: Not Tether Capable; Magnetic: No; Features: Interchangeable Blade for Fast; Comfortable Cushion-Grip Handle; Handle for Greater Torque & Comfort; Shaft Holds 8 Popular Tips; Blade for Easy Switch Out; Reduce Cam-Out; Blast Finish Bit Tips Provide a Firm Hold; Converts to 3 Nut Driver Sizes; Includes: 3/8 in, 5/16 in & 1/4 in Nut Driver, #1 & #2 Phillips, 1/4 in & 3/16 in Slotted, T10 & T15 Torx, #1 & #2 Square Recess; Contents: 3/8 in, 5/16 in & 1/4 in Nut Driver, #1 & #2 Phillips, 1/4 in & 3/16 in Slotted, T10 & T15 Torx, #1 & #2 Square Recess; Style: Electricians; Number Of Pieces: 11; Drive Size: 6.4 mm; T10; 1/4 in; 3/16 in; T15; 4.8 mm; #1; 3/8 in; #2; 5/16 in; Shaft Length: 3.0000; UNSPSC Code: 27112814; Product Service Code: 5133; Country of Origin: VARIOUS",https://cdn.mscdirect.com/global/images/ProductImages/8278711-21.jpg,https://www.mscdirect.com/product/details/82787110
Snap-off Utility Knife: Fixed Blade,PHC,05857958,C11001-3,$2.90 /each,In Stock,"Find Snap-off Utility Knife: Fixed Blade at MSC Industrial Supply, serving the metalworking, safety, and MRO industries for over 75 years",Knife Type: Snap-off Utility Knife; Blade Type: Fixed; Handle Material: Plastic; Handle Color: Yellow; Number of Blades Included in Order: 1; Number Of Blades: 1; UNSPSC Code: 27111503; Country of Origin: UNITED STATES,https://cdn.mscdirect.com/global/images/ProductImages/0585795-23.jpg,https://www.mscdirect.com/product/details/05857958
"SHOCKWAVE™ Impact Duty 1/4"" Hex to 3/8"" Square Socket Adapter",Milwaukee Tool,78598711,48-32-5031,$5.87 /each,In Stock,"Find SHOCKWAVE&trade; Impact Duty 1/4"" Hex to 3/8"" Square Socket Adapter at MSC Industrial Supply, serving the metalworking, safety, and MRO industries for over 75 years",Adapter Type: Hex Drive Socket Adapter; Male Size: 3/8 Square; Female Size: 1/4 Hex; Overall Length (Inch): 2; Overall Length (Decimal Inch): 2.0000; UNSPSC Code: 27112832; Country of Origin: VARIOUS,https://cdn.mscdirect.com/global/images/ProductImages/7859871-21.jpg,https://www.mscdirect.com/product/details/78598711
10 Pc Spiral Extractor & Drill Bit Set in Metal Index,Irwin,05083837,11119,$84.62 /each,In Stock,"Find 10 Pc Spiral Extractor & Drill Bit Set in Metal Index at MSC Industrial Supply, serving the metalworking, safety, and MRO industries for over 75 years",Tool Type: Spiral Flute Screw Extractor & Drill; Compatible Screw Size: 1/4 in; 15/32 in; 5/8 in; 13/32 in; 9/16 in; 19/32 in; 23/32 in; 9/32 in; 5/16 in; 11/32 in; 21/32 in; 17/32 in; 3/4 in; 3/16 in; 1/2 in; 11/16 in; 7/32 in; 3/8 in; 7/16 in; Includes: (5) Spiral Flute Screw Extractors: #1 to #5 with Corresponding Left Hand Cobalt Drill Bits; Additional Information: Cobalt Drill; Screw Size Range (Inch): 3/16 to 3/4; Extractor Size: #3; #4; #5; #1; #2; Size Range: 3/16 in - 3/4 in; Pipe Sizes: 1/4; 1/8; Number Of Pieces: 10; UNSPSC Code: 27110000; Country of Origin: Canada,https://cdn.mscdirect.com/global/images/ProductImages/0508383-24.jpg,https://www.mscdirect.com/product/details/05083837
Knife Blade: Utility Knife,Stanley,06525992,11-987,$2.47 /each,In Stock,"Find Knife Blade: Utility Knife at MSC Industrial Supply, serving the metalworking, safety, and MRO industries for over 75 years",Blade Type: Utility Knife; Blade Material: Carbon Steel; Style: Round Point; Overall Length (Inch): 1-7/8; Number Of Pieces: 5; Number Of Blades: 5; UNSPSC Code: 27110000; Product Service Code: 5110; Country of Origin: UNITED STATES,https://cdn.mscdirect.com/global/images/ProductImages/0652599-11.jpg,https://www.mscdirect.com/product/details/06525992
9 Piece L-Key Ball End Hex Key Set,Eklind,88349857,13609,$24.78 /each,Limited Quantities,"Find 9 Piece L-Key Ball End Hex Key Set at MSC Industrial Supply, serving the metalworking, safety, and MRO industries for over 75 years","Ball End: Yes; Tool Type: Ball End; Handle Type: L-Handle; Measurement Type: Metric; Hex Size Range (mm): 1.5 - 10; Container Type: Plastic Holder; Material: Steel; Hex Size: 8 mm; 5 mm; 6 mm; 2.5 mm; 4 mm; 1.5 mm; 10 mm; 2 mm; 3 mm; Arm Style: Long; Metric Hex Sizes: 1.5,2,2.5,3,4,5,6,8,10; Fastener Type: Standard Ball End; Number Of Pieces: 9; UNSPSC Code: 27111710; Country of Origin: UNITED STATES",https://cdn.mscdirect.com/global/images/ProductImages/8834985-21.jpg,https://www.mscdirect.com/product/details/88349857
Snap-off Utility Knife: Spring Back Blade,Martor USA,36590578,625001.02,$69.57 /each,In Stock,"Find Snap-off Utility Knife: Spring Back Blade at MSC Industrial Supply, serving the metalworking, safety, and MRO industries for over 75 years",Knife Type: Snap-off Utility Knife; Blade Material: Carbon Steel; Blade Type: Spring Back; Handle Material: Aluminum; Handle Color: Silver; Blue; Number of Blades Included in Order: 1; Number Of Blades: 1; Replaceable Blade: Yes; Replacement Blade: Trapezoid Blade #60099.70; UNSPSC Code: 27111503; Country of Origin: Germany,https://cdn.mscdirect.com/global/images/ProductImages/3659057-21.jpg,https://www.mscdirect.com/product/details/36590578
20 Pc 72-Tooth SAE & Metric Ratcheting Combination Wrench Set,GEARWRENCH,26092213,35720-06,$185.17 /each,In Stock,"Find 20 Pc 72-Tooth SAE & Metric Ratcheting Combination Wrench Set at MSC Industrial Supply, serving the metalworking, safety, and MRO industries for over 75 years",Set Type: Combination Wrench Set; System Of Measurement: Inch; Metric; Head Size Range Included: 1/4 to 3/4; Number Of Pieces: 20; Material: Alloy Steel; Ratcheting: Yes; Finish Coating: Full-Polished Chrome; Head Offset Angle: 15; Number of Points: 12; Warranty: Limited Lifetime; Magnetic: No; UNSPSC Code: 27111753; Country of Origin: Vietnam,https://cdn.mscdirect.com/global/images/ProductImages/2609221AE-21.jpg,https://www.mscdirect.com/product/details/26092213
"10"" Adjustable Black Oxide Wrench - Boxed",Crescent,33173857,AT210BK,$33.84 /each,In Stock,"Find 10"" Adjustable Black Oxide Wrench - Boxed at MSC Industrial Supply, serving the metalworking, safety, and MRO industries for over 75 years",Overall Length (Inch): 10; Finish: Black; Handle Type: Plain; Material: Alloy Steel; Measuring Scale: Yes; Jaw Capacity (Inch): 1-5/16; Ratcheting: No; Lockable: No; Corrosion Resistant: Yes; Non-Sparking: No; Insulated: No; Extra Thin Jaw: No; Non-Magnetic: No; Hang Hole: Yes; Standards: ASME; Warranty: Limited Lifetime; UNSPSC Code: 27111707; Country of Origin: Vietnam,https://cdn.mscdirect.com/global/images/ProductImages/3317385AA-21.jpg,https://www.mscdirect.com/product/details/33173857
"Eyewear Cleaning Wipes: Silicone Free, Use with Lens",PRO-SAFE,89374268,LCTM,$9.02 /each,In Stock,"Find Eyewear Cleaning Wipes: Silicone Free, Use with Lens at MSC Industrial Supply, serving the metalworking, safety, and MRO industries for over 75 years",Cleaning Supplies Type: Cleaning Wipes; For Use With: Lens; Cleaner Type: Silicone Free; Individually Wrapped: Yes; Towelette/Tissue Properties: Anti-Static; Anti-Fog; Towelette/Tissue Length (Inch): 8; Towelette/Tissue Width (Decimal Inch): 5.0000; Towelette/Tissue Width (Inch): 5; Number of Towelettes/ Tissues: 100; UNSPSC Code: 46181800; Product Service Code: 4240; Country of Origin: UNITED STATES,https://cdn.mscdirect.com/global/images/ProductImages/8937426AA-24.jpg,https://www.mscdirect.com/product/details/89374268
"Disposable Gloves: Size Large, 5 mil, Nitrile, General Purpose, Powder-Free",PRO-SAFE,85966539,D5000L,$29.07 /each,In Stock,"Find Disposable Gloves: Size Large, 5 mil, Nitrile, General Purpose, Powder-Free at MSC Industrial Supply, serving the metalworking, safety, and MRO industries for over 75 years",Primary Material: Nitrile; Thickness (mil): 5.0000; Grip Surface: Grain (Full); Grade: General Purpose; Cuff Type: Regular; Length (Inch): 9.5; Glove Size: Large; Numeric Size: 9; Color: Blue; Sterility: Non-Sterile; Powdered: Powder-Free; Cuff Style: Rolled; Texture: Grain; Package Quantity: 100; Nominal Palm Thickness (mil): 5; MSC Series: D5000; Hand: Ambidextrous; FDA Approved: Yes; Static Dissipative: No; Thickness Range: 5 mil - 6.9 mil; UNSPSC Code: 46181504; Country of Origin: VARIOUS,https://cdn.mscdirect.com/global/images/ProductImages/8596653AI-24.jpg,https://www.mscdirect.com/product/details/85966539
"Standard Battery: Size AA, Alkaline",Energizer®,06505788,92797018,$2.76 /each,In Stock,"Find Standard Battery: Size AA, Alkaline at MSC Industrial Supply, serving the metalworking, safety, and MRO industries for over 75 years",Rechargeable: Disposable; Battery Type: Standard Battery; Battery Size: AA; Battery Chemistry: Alkaline; Voltage: 1.5V; Terminal Style: Button Tab; Number Of Batteries: 4; Standards: IEC; ANSI; Shape: Cylinder; Height (Decimal Inch): 1.9880; Width (Decimal Inch - 4 Decimals): 0.5710; IEC Number: LR6; Diameter (Inch): 0.5710; Capacity (mAh): 2850.00; Series: Industrial; UNSPSC Code: 26111705; Country of Origin: VARIOUS,https://cdn.mscdirect.com/global/images/ProductImages/0650578AA-21.jpg,https://www.mscdirect.com/product/details/06505788
"Disposable Gloves: Size X-Large, 5 mil, Nitrile, General Purpose, Powder-Free",PRO-SAFE,85966398,D5000XL,$29.07 /each,In Stock,"Find Disposable Gloves: Size X-Large, 5 mil, Nitrile, General Purpose, Powder-Free at MSC Industrial Supply, serving the metalworking, safety, and MRO industries for over 75 years",Primary Material: Nitrile; Thickness (mil): 5.0000; Grip Surface: Grain (Full); Grade: General Purpose; Cuff Type: Regular; Length (Inch): 9.5; Glove Size: X-Large; Numeric Size: 10; Color: Blue; Sterility: Non-Sterile; Powdered: Powder-Free; Cuff Style: Rolled; Texture: Grain; Package Quantity: 100; Nominal Palm Thickness (mil): 5; MSC Series: D5000; Hand: Ambidextrous; FDA Approved: Yes; Static Dissipative: No; Thickness Range: 5 mil - 6.9 mil; UNSPSC Code: 46181504; Country of Origin: China,https://cdn.mscdirect.com/global/images/ProductImages/8596653AI-24.jpg,https://www.mscdirect.com/product/details/85966398
"Standard Battery: Size AAA, Alkaline",Energizer®,06505796,92797026,$2.76 /each,In Stock,"Find Standard Battery: Size AAA, Alkaline at MSC Industrial Supply, serving the metalworking, safety, and MRO industries for over 75 years",Rechargeable: Disposable; Battery Type: Standard Battery; Battery Size: AAA; Battery Chemistry: Alkaline; Voltage: 1.5V; Terminal Style: Button Tab; Number Of Batteries: 4; Standards: IEC; ANSI; Shape: Cylinder; Height (Decimal Inch): 1.7520; Width (Decimal Inch - 4 Decimals): 0.4130; IEC Number: LR03; Diameter (Inch): 0.4130; Capacity (mAh): 1250.00; Series: Industrial; UNSPSC Code: 26111705; Country of Origin: VARIOUS,https://cdn.mscdirect.com/global/images/ProductImages/0650579-24.jpg,https://www.mscdirect.com/product/details/06505796
"Safety Glasses: Uncoated, Polycarbonate, Clear Lenses, Frameless",PRO-SAFE,06529127,48249,$2.39 /each,In Stock,"Find Safety Glasses: Uncoated, Polycarbonate, Clear Lenses, Frameless at MSC Industrial Supply, serving the metalworking, safety, and MRO industries for over 75 years",Glasses Style: Over-the-Glasses (OTG); Lens Coating: Uncoated; Frame Style: Frameless; Frame Design: Over-the-Glasses; Lens Color: Clear; Frame Color: Clear; Size: Universal; Series: 482; Lens Material: Polycarbonate; Temple Color: Clear; Adjustable Temples: Non-Adjustable; UV Protection: Yes; Special Item Information: Side Shields; Type: Safety; Frame Material: Plastic; Standards: ANSI Z87.1+; UNSPSC Code: 46181802; Product Service Code: 4240; Country of Origin: VARIOUS,https://cdn.mscdirect.com/global/images/ProductImages/0652912AA-24.jpg,https://www.mscdirect.com/product/details/06529127
"Safety Glasses: Scratch-Resistant, Polycarbonate, Clear Lenses, Frameless",PRO-SAFE,93884351,48283,$1.89 /each,In Stock,"Find Safety Glasses: Scratch-Resistant, Polycarbonate, Clear Lenses, Frameless at MSC Industrial Supply, serving the metalworking, safety, and MRO industries for over 75 years",Glasses Style: Clear; Lens Coating: Scratch-Resistant; Frame Style: Frameless; Frame Design: Wrap Around; Lens Color: Clear; Frame Color: Clear; Size: Universal; Series: Mac 3; Lens Material: Polycarbonate; Temple Color: Clear; Adjustable Temples: Non-Adjustable; UV Protection: Yes; Special Item Information: Wraparound Style; Type: Safety; Frame Material: Polycarbonate; Temple Type: Flexible; Standards: ANSI Z87.1+; UNSPSC Code: 46181802; Product Service Code: 4240; Country of Origin: VARIOUS,https://cdn.mscdirect.com/global/images/ProductImages/9388435AA-24.jpg,https://www.mscdirect.com/product/details/93884351
"Hand Sanding Pad: Non-Woven, Aluminum Oxide, Very Fine Grade, Maroon",3M,03356540,7000000728,$50.40 /pack of 20,In Stock,"Find Hand Sanding Pad: Non-Woven, Aluminum Oxide, Very Fine Grade, Maroon at MSC Industrial Supply, serving the metalworking, safety, and MRO industries for over 75 years",Abrasive Type: Non-Woven; Abrasive Material: Aluminum Oxide; Pad Color: Maroon; Grade: Very Fine; Overall Length (Inch): 9; Width/Diameter (Inch): 6; Pad Shape: Rectangle; Series: 7447; Overall Thickness (Fractional Inch): 1/4; Material Application: Composites; Porcelain; Wood; Metals; Ceramics; Plastics; Rubber; Application: Light Cleaning; Blending; Surface Preparation; Cleaning; Light Scuffing; Finishing; Paint Preparation; UNSPSC Code: 31191505; Country of Origin: Canada,https://cdn.mscdirect.com/global/images/ProductImages/0335654-24.jpg,https://www.mscdirect.com/product/details/03356540
"Pacific Blue Basic Jumbo Jr. 2-Ply High-Capacity Toilet Paper, White",Georgia Pacific,68993468,12798,$69.49 /each,In Stock,"Find Pacific Blue Basic Jumbo Jr. 2-Ply High-Capacity Toilet Paper, White at MSC Industrial Supply, serving the metalworking, safety, and MRO industries for over 75 years",Form: Jumbo Roll; Type: Jumbo Roll; Recycled Fiber: Yes; Ply: 2; Sheet Width: 3.50 in; Color: White; Packages per Case: 8; EPP Indicators: EcoLogo; USDA Certified BioBased; Number Of Plys: 2; EPP GSA Codes: EP - Ecolabels; BQ - BioPreferred Item; Number Of Sheets: 8000; Series: Pacific Blue Basic; Length per Roll (Feet): 1000; UNSPSC Code: 14111704; Country of Origin: UNITED STATES,https://cdn.mscdirect.com/global/images/ProductImages/6899346AO-21.jpg,https://www.mscdirect.com/product/details/68993468
"Bathroom Tissue: Recycled Fiber, 2-Ply, White",PRO-SOURCE,89816466,89816466,$56.70 /each,In Stock,"Find Bathroom Tissue: Recycled Fiber, 2-Ply, White at MSC Industrial Supply, serving the metalworking, safety, and MRO industries for over 75 years",Form: Jumbo Roll; Type: Jumbo Roll; Recycled Fiber: Yes; Ply: 2; Dispenser Compatibility: Universal Jumbo Roll Dispensers; Sheet Width: 3.3 in; Core Diameter: 3.3 in; Outside Diameter (Inch): 9.0000; Color: White; Total Sheets Included: 1; Packages per Case: 12; EPP Indicators: Biodegradable; Green Seal; Number Of Plys: 2; EPP GSA Codes: AQ - CPG(Comprehensive Procurement Guidelines); Sheets Per Package: 12; Number Of Sheets: 1; Series: None; For Use With: 36554574; 36554566; 56590557; 36554558; 36554590; Length per Roll (Feet): 1000; UNSPSC Code: 14111704; Country of Origin: UNITED STATES,https://cdn.mscdirect.com/global/images/ProductImages/8981646AF-24.jpg,https://www.mscdirect.com/product/details/89816466
Simple Green® All-Purpose Cleaner: 1 gal Bottle,Simple Green®,89887517,2710200613005,$27.15 /each,In Stock,"Find Simple Green® All-Purpose Cleaner: 1 gal Bottle at MSC Industrial Supply, serving the metalworking, safety, and MRO industries for over 75 years",Product Type: All-Purpose Cleaner; Form: Liquid; Container Type: Bottle; Container Size: 1 gal; Scent: Sassafras; Application: Surfaces and More; Concrete; Heavy Equipment; Disinfectant: No; Primary Chemical: Sodium Carbonate; Material Application: Traps; Appliances; Vents; Trash Containers; Counters; Grills; Formula Type: Biodegradable; Concentrated; For Use With: Steam Extractors & Foamers; Carpet Extractors; Parts Washers; Pressure Washer; Cleaning Equipment Such as Floor Scrubbers; Dip Tanks; EPP Indicators: USDA BioPreferred; Biodegradable; EPP GSA Codes: SF - Safer Choice; UNSPSC Code: 47131800; Country of Origin: UNITED STATES,https://cdn.mscdirect.com/global/images/ProductImages/8988751AB-21.jpg,https://www.mscdirect.com/product/details/89887517
"Magnifying Safety Glasses: 1.50, Clear Lenses, Scratch-Resistant, ANSI Z87.1+",MCR Safety,02484921,BKH15,$7.15 /each,In Stock,"Find Magnifying Safety Glasses: 1.50, Clear Lenses, Scratch-Resistant, ANSI Z87.1+ at MSC Industrial Supply, serving the metalworking, safety, and MRO industries for over 75 years",Diopter Lens: 1.50; Lens Coating: Scratch-Resistant; Frame Type: Frameless; Frame Design: Wrap Around; Lens Color: Clear; Frame Color: Clear; Size: Universal; Series: BearKat; Lens Material: Polycarbonate; Temple Color: Clear; Adjustable Temples: Non-Adjustable; UV Protection: Yes; Standards: ANSI Z87.1+; Special Item Information: Side Shields; Temple Type: Bayonet; Lens Color Family: Clear; Over the Glass: No; UNSPSC Code: 46181802; Country of Origin: Taiwan,https://cdn.mscdirect.com/global/images/ProductImages/0248492-24.jpg,https://www.mscdirect.com/product/details/02484921
"GOJO Green Certified Foam Hand Cleaner, 1250 mL Refill for GOJO FMX-12 Dispenser",GOJO,15824857,5165-04,$33.88 /each,In Stock,"Find GOJO Green Certified Foam Hand Cleaner, 1250 mL Refill for GOJO FMX-12 Dispenser at MSC Industrial Supply, serving the metalworking, safety, and MRO industries for over 75 years",Product Type: Hand Cleaner; Scent: Fragrance Free; Container Type: Dispenser Refill; Container Size: 1250 mL; Form: Foam; EPP GSA Codes: EP - Ecolabels; BQ - BioPreferred Item; EPP Indicators: EcoLogo; Biodegradable; USDA Certified BioBased; Fits Dispenser: FMX-12; Features: Antibacterial; EcoLogo™ Certified; SANITARY SEALED™; Standards: UL ECOLOGO; USDA Certified Biobased Product; UNSPSC Code: 53131600; Country of Origin: VARIOUS,https://cdn.mscdirect.com/global/images/ProductImages/1582485AA-21.jpg,https://www.mscdirect.com/product/details/15824857
"GOJO NATURAL* ORANGE Pumice Hand Cleaner, 1 gal Pump Bottle",GOJO,00281535,0955-04,$33.63 /each,In Stock,"Find GOJO NATURAL* ORANGE Pumice Hand Cleaner, 1 gal Pump Bottle at MSC Industrial Supply, serving the metalworking, safety, and MRO industries for over 75 years",Product Type: Hand Cleaner; Scent: Orange; Container Type: Trigger Spray Bottle; Container Size: 1 gal; Form: Liquid; Applications: General Duty; Disclaimer: This product is not a substitute for proper handwashing & has not been tested to determine its efficacy against viruses such as the coronavirus.; Features: None; Scrubbing Agents (Grit): Pumice; UNSPSC Code: 53131600; Country of Origin: VARIOUS,https://cdn.mscdirect.com/global/images/ProductImages/0028153AA-21.jpg,https://www.mscdirect.com/product/details/00281535
Hand Cleaner: 2 L Dispenser Refill,SC Johnson Professional,03354529,PN98704506,$63.08 /each,In Stock,"Find Hand Cleaner: 2 L Dispenser Refill at MSC Industrial Supply, serving the metalworking, safety, and MRO industries for over 75 years","Product Type: Hand Cleaner; Scent: Fragrance-Free; Container Type: Dispenser Refill; Container Size: 2 L; Form: Paste; Color: Beige; Applications: Washroom areas in offices, education, preschools, public facilities, and food handling environments; Series: Kresto; Features: None; Scrubbing Agents (Grit): Walnut Shell Scrubbers; UNSPSC Code: 53131600; Country of Origin: UNITED STATES",https://cdn.mscdirect.com/global/images/ProductImages/0335452-21.jpg,https://www.mscdirect.com/product/details/03354529
"GOJO SUPRO MAX Hand Cleaner, 2000 mL Refill for GOJO PRO TDX Dispenser",GOJO,71939086,7272-04,$38.35 /each,In Stock,"Find GOJO SUPRO MAX Hand Cleaner, 2000 mL Refill for GOJO PRO TDX Dispenser at MSC Industrial Supply, serving the metalworking, safety, and MRO industries for over 75 years",Product Type: Hand Cleaner; Container Type: Dispenser Refill; Container Size: 2000 mL; Form: Liquid; Color: Beige; Fits Dispenser: 7200-01; Features: None; UNSPSC Code: 53131600; Country of Origin: UNITED STATES,https://cdn.mscdirect.com/global/images/ProductImages/7193908-21.jpg,https://www.mscdirect.com/product/details/71939086
"GOJO MULTI GREEN Hand Cleaner, 2000 mL Refill for GOJO PRO TDX Dispenser",GOJO,00250399,7265-04,$34.76 /each,In Stock,"Find GOJO MULTI GREEN Hand Cleaner, 2000 mL Refill for GOJO PRO TDX Dispenser at MSC Industrial Supply, serving the metalworking, safety, and MRO industries for over 75 years",Product Type: Hand Cleaner; Scent: Citrus; Container Type: Bag-in-Box; Container Size: 2 L; Form: Liquid; Color: Green; Applications: General Duty; EPP GSA Codes: BQ - BioPreferred Item; EPP Indicators: USDA Certified BioBased; Fits Dispenser: 7200-01; Features: Antibacterial; None; UNSPSC Code: 53131600; Country of Origin: UNITED STATES,https://cdn.mscdirect.com/global/images/ProductImages/0025039AA-21.jpg,https://www.mscdirect.com/product/details/00250399
"Foam Hand Soap with Moisturizers, 1.2 L Pink, Floral Scent",Scott,62494992,91592,$100.98 /each,In Stock,"Find Foam Hand Soap with Moisturizers, 1.2 L Pink, Floral Scent at MSC Industrial Supply, serving the metalworking, safety, and MRO industries for over 75 years",Product Type: Hand Cleaner; Scent: Floral; Container Type: Dispenser Refill; Container Size: 1200 mL; Form: Foam; Color: Pink; Applications: Hand Cleanser; Disclaimer: This product is not a substitute for proper handwashing & has not been tested to determine its efficacy against viruses such as the coronavirus.; Fits Dispenser: 58734; 53694; 11430; UNSPSC Code: 53131600; Country of Origin: Mexico,https://cdn.mscdirect.com/global/images/ProductImages/6249499AP-21.jpg,https://www.mscdirect.com/product/details/62494992
"GOJO Clear & Mild Foam Handwash, 1200 mL Refill for GOJO LTX-12 Dispenser",GOJO,64866874,1911-02,$54.66 /each,In Stock,"Find GOJO Clear & Mild Foam Handwash, 1200 mL Refill for GOJO LTX-12 Dispenser at MSC Industrial Supply, serving the metalworking, safety, and MRO industries for over 75 years",Product Type: Hand Cleaner; Soap; Container Type: Dispenser Refill; Container Size: 1200 mL; Form: Foam; Color: Clear; Applications: Hand Cleaner; EPP GSA Codes: EP - Ecolabels; BQ - BioPreferred Item; EPP Indicators: EcoLogo; Biodegradable; USDA Certified BioBased; Disclaimer: This product is not a substitute for proper handwashing & has not been tested to determine its efficacy against viruses such as the coronavirus.; Fits Dispenser: 8882-06; 8788-06; 8786-06; 1986-04; 8888-06; 8784-06; 8880-06; 1984-04; 8780-06; 8886-06; Features: Antibacterial; None; Standards: UL ECOLOGO; USDA Certified Biobased Product; UNSPSC Code: 53131600; Country of Origin: VARIOUS,https://cdn.mscdirect.com/global/images/ProductImages/6486687AA-21.jpg,https://www.mscdirect.com/product/details/64866874
Hand Soap: 1 gal Bottle,PRO-SOURCE,77303477,2609PRC,$20.63 /each,In Stock,"Find Hand Soap: 1 gal Bottle at MSC Industrial Supply, serving the metalworking, safety, and MRO industries for over 75 years",Product Type: Soap; Scent: Fresh; Container Type: Bottle; Container Size: 1 gal; Form: Liquid; Color: Pink; Applications: General Duty; EPP Indicators: Biodegradable; Disclaimer: This product is not a substitute for proper handwashing & has not been tested to determine its efficacy against viruses such as the coronavirus.; Features: None; UNSPSC Code: 53131600; Country of Origin: UNITED STATES,https://cdn.mscdirect.com/global/images/ProductImages/7730347-24.jpg,https://www.mscdirect.com/product/details/77303477
"GOJO MULTI GREEN Hand Cleaner, 5000 mL Refill for GOJO PRO TDX Dispenser",GOJO,94559713,7565-02,$80.95 /each,In Stock,"Find GOJO MULTI GREEN Hand Cleaner, 5000 mL Refill for GOJO PRO TDX Dispenser at MSC Industrial Supply, serving the metalworking, safety, and MRO industries for over 75 years",Product Type: Hand Cleaner; Scent: Citrus; Container Type: Dispenser Refill; Container Size: 5 L; Form: Liquid; Color: Green; EPP GSA Codes: BQ - BioPreferred Item; EPP Indicators: USDA Certified BioBased; Disclaimer: This product is not a substitute for proper handwashing & has not been tested to determine its efficacy against viruses such as the coronavirus.; Fits Dispenser: 7500-01; Features: None; Standards: USDA Certified Biobased Product; UNSPSC Code: 53131600; Country of Origin: UNITED STATES,https://cdn.mscdirect.com/global/images/ProductImages/9455971AA-21.jpg,https://www.mscdirect.com/product/details/94559713
"GOJO NATURAL* ORANGE Pumice Hand Cleaner, 2000 mL Refill for GOJO PRO TDX Dispenser",GOJO,00250373,7255-04,$30.21 /each,In Stock,"Find GOJO NATURAL* ORANGE Pumice Hand Cleaner, 2000 mL Refill for GOJO PRO TDX Dispenser at MSC Industrial Supply, serving the metalworking, safety, and MRO industries for over 75 years",Product Type: Hand Cleaner; Scent: Orange; Container Type: Bag-in-Box; Container Size: 2 L; Form: Liquid; Color: White; Applications: General Duty; Fits Dispenser: 7200-01; Features: Antibacterial; None; Scrubbing Agents (Grit): Pumice; UNSPSC Code: 53131600; Country of Origin: UNITED STATES,https://cdn.mscdirect.com/global/images/ProductImages/0025037-21.jpg,https://www.mscdirect.com/product/details/00250373
"1 L Dispenser Refill, Hand Cleaner",Scott,93503522,91552,$18.40 /each,In Stock,"Find 1 L Dispenser Refill, Hand Cleaner at MSC Industrial Supply, serving the metalworking, safety, and MRO industries for over 75 years",Product Type: Hand Cleaner; Scent: Citrus Floral; Container Type: Dispenser Refill; Container Size: 1 L; Form: Foam; Color: Light Pink; Applications: Moisturizing; Disclaimer: This product is not a substitute for proper handwashing & has not been tested to determine its efficacy against viruses such as the coronavirus.; Features: Moisturizing; UNSPSC Code: 53131600; Country of Origin: UNITED STATES,https://cdn.mscdirect.com/global/images/ProductImages/9350352BL-21.jpg,https://www.mscdirect.com/product/details/93503522
PURELL HEALTHY SOAP Premium Lotion Handwash - 1000 mL Refill for CS2 Dispenser,PURELL®,85189199,4171-08,$18.07 /each,In Stock,"Find PURELL HEALTHY SOAP Premium Lotion Handwash - 1000 mL Refill for CS2 Dispenser at MSC Industrial Supply, serving the metalworking, safety, and MRO industries for over 75 years","Product Type: Hand Cleaner; Scent: Clear; Container Type: Dispenser Refill; Container Size: 1000 mL; Form: Lotion; Series: CS2; Fits Dispenser: CS2; Features: Moisturizer; Additional Information: A high-performance, mild lotion soap for general handwashing; Standards: USDA Certified Biobased Product; UNSPSC Code: 53131600; Country of Origin: UNITED STATES",https://cdn.mscdirect.com/global/images/ProductImages/8518919-21.jpg,https://www.mscdirect.com/product/details/85189199
Hand Cleaner: 2 L Dispenser Refill,SC Johnson Professional,03354560,PN98318706,$52.26 /each,In Stock,"Find Hand Cleaner: 2 L Dispenser Refill at MSC Industrial Supply, serving the metalworking, safety, and MRO industries for over 75 years","Product Type: Hand Cleaner; Scent: Fragrance-Free; Container Type: Dispenser Refill; Container Size: 2 L; Form: Liquid; Color: Beige; Applications: Washroom areas in offices, education, preschools, public facilities, and food handling environments; EPP Indicators: USDA Certified BioBased; Series: Solopol; Features: Solvent Free; Standards: FDA; USDA Certified Biobased Product; Scrubbing Agents (Grit): Walnut Shell Scrubbers; UNSPSC Code: 53131600; Country of Origin: UNITED STATES",https://cdn.mscdirect.com/global/images/ProductImages/0335456-21.jpg,https://www.mscdirect.com/product/details/03354560
"GOJO RICH PINK Antibacterial Lotion Soap, 2000 mL Refill for GOJO PRO TDX Dispenser",GOJO,00250381,7220-04,$23.12 /each,In Stock,"Find GOJO RICH PINK Antibacterial Lotion Soap, 2000 mL Refill for GOJO PRO TDX Dispenser at MSC Industrial Supply, serving the metalworking, safety, and MRO industries for over 75 years",Product Type: Hand Cleaner; Container Type: Dispenser Refill; Container Size: 2 L; Form: Liquid; Color: Pink; Applications: Antibacterial; Disclaimer: This product is not a substitute for proper handwashing & has not been tested to determine its efficacy against viruses such as the coronavirus.; Fits Dispenser: 7200-01; Features: Antibacterial; None; UNSPSC Code: 53131600; Country of Origin: VARIOUS,https://cdn.mscdirect.com/global/images/ProductImages/0025038-21.jpg,https://www.mscdirect.com/product/details/00250381
"GOJO SUPRO MAX Hand Cleaner, 5000 mL Refill for GOJO PRO TDX Dispenser",GOJO,03826732,7572-02,$83.00 /each,In Stock,"Find GOJO SUPRO MAX Hand Cleaner, 5000 mL Refill for GOJO PRO TDX Dispenser at MSC Industrial Supply, serving the metalworking, safety, and MRO industries for over 75 years",Product Type: Hand Cleaner; Container Type: Dispenser Refill; Container Size: 5000 mL; Form: Liquid; Color: Beige; Applications: General Duty; Fits Dispenser: 7500-01; Features: None; UNSPSC Code: 53131600; Country of Origin: UNITED STATES,https://cdn.mscdirect.com/global/images/ProductImages/0382673AA-21.jpg,https://www.mscdirect.com/product/details/03826732
"GOJO Cherry Gel Pumice Hand Cleaner, Cherry Scent, 2000 mL Refill for GOJO PRO TDX Dispenser",GOJO,51373934,7290-04,$36.31 /each,In Stock,"Find GOJO Cherry Gel Pumice Hand Cleaner, Cherry Scent, 2000 mL Refill for GOJO PRO TDX Dispenser at MSC Industrial Supply, serving the metalworking, safety, and MRO industries for over 75 years",Product Type: Hand Cleaner; Scent: Cherry; Container Type: Dispenser Refill; Container Size: 2 L; Form: Gel; Color: Red; Applications: Heavy & Medium Duty; EPP GSA Codes: BQ - BioPreferred Item; EPP Indicators: USDA Certified BioBased; Disclaimer: This product is not a substitute for proper handwashing & has not been tested to determine its efficacy against viruses such as the coronavirus.; Fits Dispenser: 1204-01; Features: None; Scrubbing Agents (Grit): Pumice; UNSPSC Code: 53131600; Country of Origin: UNITED STATES,https://cdn.mscdirect.com/global/images/ProductImages/5137393AB-21.jpg,https://www.mscdirect.com/product/details/51373934
"2 L Dispenser Refill, Hand Cleaner",SC Johnson Professional,03354578,PN88331106,$38.82 /each,In Stock,"Find 2 L Dispenser Refill, Hand Cleaner at MSC Industrial Supply, serving the metalworking, safety, and MRO industries for over 75 years","Product Type: Hand Cleaner; Scent: Pleasant Fragrance; Container Type: Dispenser Refill; Container Size: 2 L; Form: Liquid; Color: Green; Applications: Washroom areas in offices, education, preschools, public facilities, and food handling environments; EPP Indicators: USDA BioPreferred; Biodegradable; Green Seal; Features: None; UNSPSC Code: 53131600; Country of Origin: UNITED STATES",https://cdn.mscdirect.com/global/images/ProductImages/0335457-21.jpg,https://www.mscdirect.com/product/details/03354578
"GOJO Cherry Gel Pumice Hand Cleaner, 1 gal Hand Cleaner with Pumice Pump Bottle, Cherry Fragrance",GOJO,70880935,2358-02,$52.76 /each,In Stock,"Find GOJO Cherry Gel Pumice Hand Cleaner, 1 gal Hand Cleaner with Pumice Pump Bottle, Cherry Fragrance at MSC Industrial Supply, serving the metalworking, safety, and MRO industries for over 75 years",Product Type: Hand Cleaner; Scent: Cherry; Container Type: Bottle; Container Size: 1 gal; Form: Gel; Color: Red; Applications: Heavy & Medium Duty; EPP GSA Codes: EP - Ecolabels; BQ - BioPreferred Item; EPP Indicators: EcoLogo; Biodegradable; USDA Certified BioBased; Disclaimer: This product is not a substitute for proper handwashing & has not been tested to determine its efficacy against viruses such as the coronavirus.; Features: None; Scrubbing Agents (Grit): Pumice; UNSPSC Code: 53131600; Country of Origin: VARIOUS,https://cdn.mscdirect.com/global/images/ProductImages/7088093-21.jpg,https://www.mscdirect.com/product/details/70880935
"GOJO Luxury Foam Handwash, 1250 mL Refill for GOJO FMX-12 Dispenser",GOJO,15824790,5161-04,$29.64 /each,In Stock,"Find GOJO Luxury Foam Handwash, 1250 mL Refill for GOJO FMX-12 Dispenser at MSC Industrial Supply, serving the metalworking, safety, and MRO industries for over 75 years",Product Type: Hand Cleaner; Scent: Cranberry; Container Type: Dispenser Refill; Container Size: 1250 mL; Form: Foam; Color: Pink; EPP GSA Codes: EP - Ecolabels; BQ - BioPreferred Item; EPP Indicators: EcoLogo; USDA Certified BioBased; Fits Dispenser: FMX-12; Features: Antibacterial; EcoLogo™ Certified; SANITARY SEALED™; Standards: UL ECOLOGO; USDA Certified Biobased Product; UNSPSC Code: 53131600; Country of Origin: VARIOUS,https://cdn.mscdirect.com/global/images/ProductImages/1582479AB-21.jpg,https://www.mscdirect.com/product/details/15824790
"GOJO Luxury Foam Handwash, 2000 mL Refill for GOJO FMX-20 Dispenser",GOJO,04482485,5261-02,$48.85 /each,In Stock,"Find GOJO Luxury Foam Handwash, 2000 mL Refill for GOJO FMX-20 Dispenser at MSC Industrial Supply, serving the metalworking, safety, and MRO industries for over 75 years",Product Type: Hand Cleaner; Soap; Scent: Cranberry; Container Type: Dispenser Refill; Container Size: 2 L; Form: Foam; Color: Pink; EPP GSA Codes: EP - Ecolabels; BQ - BioPreferred Item; EPP Indicators: EcoLogo; USDA Certified BioBased; Fits Dispenser: 8882-06; 8788-06; 8786-06; 1986-04; 8888-06; 8784-06; 8880-06; 1984-04; 8780-06; 8886-06; Features: Antibacterial; None; Standards: UL ECOLOGO; USDA Certified Biobased Product; UNSPSC Code: 53131600; Country of Origin: VARIOUS,https://cdn.mscdirect.com/global/images/ProductImages/0448248AA-21.jpg,https://www.mscdirect.com/product/details/04482485
"2000 mL Dispenser Refill, Hand Cleaner",GOJO,93712347,7282-04,$39.29 /each,In Stock,"Find 2000 mL Dispenser Refill, Hand Cleaner at MSC Industrial Supply, serving the metalworking, safety, and MRO industries for over 75 years",Product Type: Hand Cleaner; Scent: Cherry; Container Type: Dispenser Refill; Container Size: 2000 mL; Form: Liquid; Color: Beige; Applications: Heavy & Medium Duty; Fits Dispenser: 7200-01; Features: None; UNSPSC Code: 53131600; Country of Origin: UNITED STATES,https://cdn.mscdirect.com/global/images/ProductImages/9371234-21.jpg,https://www.mscdirect.com/product/details/93712347
Hand Cleaner: 1 gal Pump Spray Bottle,PRO-SOURCE,77303519,4902PRC,$32.61 /each,In Stock,"Find Hand Cleaner: 1 gal Pump Spray Bottle at MSC Industrial Supply, serving the metalworking, safety, and MRO industries for over 75 years",Product Type: Hand Cleaner; Scent: Citrus; Container Type: Trigger Spray Bottle; Container Size: 1 gal; Form: Liquid; Color: Orange; Applications: Heavy & Medium Duty; EPP Indicators: Biodegradable; Disclaimer: This product is not a substitute for proper handwashing & has not been tested to determine its efficacy against viruses such as the coronavirus.; Features: None; Scrubbing Agents (Grit): Pumice; UNSPSC Code: 53131600; Country of Origin: UNITED STATES,https://cdn.mscdirect.com/global/images/ProductImages/7730351-24.jpg,https://www.mscdirect.com/product/details/77303519
"GOJO NATURAL* ORANGE Pumice Hand Cleaner, 14 fl oz Squeeze Bottle",GOJO,00281576,0957-12,$6.06 /each,In Stock,"Find GOJO NATURAL* ORANGE Pumice Hand Cleaner, 14 fl oz Squeeze Bottle at MSC Industrial Supply, serving the metalworking, safety, and MRO industries for over 75 years",Product Type: Hand Cleaner; Scent: Orange; Container Type: Squeeze Bottle; Container Size: 14 oz; Form: Liquid; Applications: General Duty; Disclaimer: This product is not a substitute for proper handwashing & has not been tested to determine its efficacy against viruses such as the coronavirus.; Features: None; UNSPSC Code: 53131600; Country of Origin: VARIOUS,https://cdn.mscdirect.com/global/images/ProductImages/0028157-21.jpg,https://www.mscdirect.com/product/details/00281576
"GOJO Green Certified Foam Hand Cleaner, 7.5 fl oz Foamer Bottle w/ Pump",GOJO,44574820,5715-06,$6.90 /each,In Stock,"Find GOJO Green Certified Foam Hand Cleaner, 7.5 fl oz Foamer Bottle w/ Pump at MSC Industrial Supply, serving the metalworking, safety, and MRO industries for over 75 years",Product Type: Hand Cleaner; Container Type: Bottle; Container Size: 7-1/2 oz; Form: Foam; EPP GSA Codes: EP - Ecolabels; BQ - BioPreferred Item; EPP Indicators: EcoLogo; Biodegradable; USDA Certified BioBased; Fits Dispenser: 2740-12; 2730-12; Features: None; Standards: UL ECOLOGO; USDA Certified Biobased Product; UNSPSC Code: 53131600; Country of Origin: UNITED STATES,https://cdn.mscdirect.com/global/images/ProductImages/4457482-21.jpg,https://www.mscdirect.com/product/details/44574820
"M18™ REDLITHIUM™ XC5.0 Extended Capacity Battery, 2-Pack",Milwaukee Tool,43900802,48-11-1852,$360.81 /each,In Stock,"Find M18&trade; REDLITHIUM&trade; XC5.0 Extended Capacity Battery, 2-Pack at MSC Industrial Supply, serving the metalworking, safety, and MRO industries for over 75 years",Battery Voltage: 18.00; Battery Chemistry: Lithium-ion; Battery Capacity (Ah): 5.00; Battery Series: RED LITHIUM; For Use With: Milwaukee M12 Cordless Tools; Charging Time: 110.00 min; Features: Fuel Gauge Onboard; Best-in-Class Construction; All-Weather Performance; REDLINK Intelligence; Versatility; Charger Replacement Number: 48-59-1812; UNSPSC Code: 27112800; Country of Origin: VARIOUS,https://cdn.mscdirect.com/global/images/ProductImages/4390080-21.jpg,https://www.mscdirect.com/product/details/43900802
"Air Die Grinder: 1/4"" Collet, 1/4"" Inlet",Ingersoll Rand,42178277,301B,$101.02 /each,In Stock,"Find Air Die Grinder: 1/4"" Collet, 1/4"" Inlet at MSC Industrial Supply, serving the metalworking, safety, and MRO industries for over 75 years",Air Consumption CFM: 24.00; Air Inlet Size: 1/4; Collet Size (Inch): 1/4; Speed Range (RPM): 18000 to 24999; Throttle Type: Lever; Handle Type: Angle; Overall Length (mm): 128.00; Exhaust Location: Front; Horsepower: 0.25; Includes: 1/4 in & 6 mm Collet Insert; Measurement Type: Fractional Inch; Speed (RPM): 21000; Standards: CE Certified; EAC Certified; Additional Information: 90° Angle; No Load RPM: 21000; Type: Angle Die Grinder; UNSPSC Code: 27131511; Country of Origin: VARIOUS,https://cdn.mscdirect.com/global/images/ProductImages/4217827-24.jpg,https://www.mscdirect.com/product/details/42178277
M18™ REDLITHIUM™ FORGE™ HD12.0 Battery Pack,Milwaukee Tool,83122564,48-11-1813,$334.17 /each,In Stock,"Find M18&trade; REDLITHIUM&trade; FORGE&trade; HD12.0 Battery Pack at MSC Industrial Supply, serving the metalworking, safety, and MRO industries for over 75 years","Battery Voltage: 18.00; Battery Chemistry: Lithium-ion; Battery Capacity (Ah): 12.00; Battery Series: M18 FORGE; For Use With: M18 system, featuring 250+ tools; Charging Time: 45 min; Features: 35 min supercharge to 80% with the M18™ Dual Bay Simultaneous Super Charger; UNSPSC Code: 27112800; Country of Origin: China",https://cdn.mscdirect.com/global/images/ProductImages/8312256-21.jpg,https://www.mscdirect.com/product/details/83122564
"M18 FUEL™ 1/2"" High Torque Impact Wrench with Friction Ring",Milwaukee Tool,79898664,2967-20,$364.32 /each,In Stock,"Find M18 FUEL&trade; 1/2"" High Torque Impact Wrench with Friction Ring at MSC Industrial Supply, serving the metalworking, safety, and MRO industries for over 75 years","Drive Size (Fractional Inch): 1/2; Voltage: 18.00; Handle Type: Pistol Grip; Speed (RPM): 0 to 2000; Torque (Ft/Lb): 1200; Brushless Motor: Yes; Battery Chemistry: Lithium-ion; Battery Series: M18; Overall Length (Decimal Inch): 7.6000; Drive Type: Standard; Batteries Included: No; Blows Per Minute: 2000; Number Of Speeds: Variable; Charger Included: No; Retainer Type: Friction Ring; Case Included: No; Battery Replacement Number: None; Includes: (1) M18 FUEL™ 1/2; Handle Material: Rubber; Housing Material: Nylon; Aluminum; Battery Included: No; Series: M18 FUEL™; Additional Information: Mode 4 RPMs: FWD: 0 - 900, REV: 0 - 2,000 / 0 - 750, Friction ring (hog ring) ensures quick and easy socket changes, REDLITHIUM™ batteries deliver more work per charge and more work over the life of the battery, REDLINK PLUS™ Intelligence ensures maximum performance and protects from overloads, heating and over-discharge,Compatible with all M18™ batteries & chargers.; Mode 2 RPMs: 0 - 1,300; Most Power Dense - Best Combination of Power and Size,POWERSTATE™ Brushless Motor delivers up to 1,200 ft-lbs of Fastening Torque & 1,600 ft-lbs of Nut-Busting Torque w/ M18™ REDLITHIUM™ FORGE™ Battery, Up to 2; Number Of Batteries Included: 0; UNSPSC Code: 27112713; Country of Origin: VARIOUS",https://cdn.mscdirect.com/global/images/ProductImages/7989866AB-21.jpg,https://www.mscdirect.com/product/details/79898664
SHOCKWAVE™ Impact Duty Hex Shank Socket Adapter Set,Milwaukee Tool,39915889,48-32-5033,$14.12 /each,In Stock,"Find SHOCKWAVE&trade; Impact Duty Hex Shank Socket Adapter Set at MSC Industrial Supply, serving the metalworking, safety, and MRO industries for over 75 years",Set Type: Impact Driver; Bit Type: Impact Socket Adapter; Point Type: Square; Overall Length (Inch): 2; Overall Length (Decimal Inch): 2.0000; Hex Size Range (mm): 5.00 to 10.00; Hex Size Range (Inch): 1/4; Material: Alloy Steel; Measurement Type: Inch; Includes: (1) 1/2 in Socket Adapter; (1) 1/4 in Socket Adapter; (1) 3/8 in Socket Adapter; Type: Basic Set; Bit Length (Inch): 2; Number Of Pieces: 3; UNSPSC Code: 27112836; Product Service Code: 5130; Country of Origin: VARIOUS,https://cdn.mscdirect.com/global/images/ProductImages/3991588-21.jpg,https://www.mscdirect.com/product/details/39915889
M18™ REDLITHIUM™ XC5.0 Extended Capacity Battery Pack,Milwaukee Tool,65406811,48-11-1850,$202.27 /each,Limited Quantities,"Find M18&trade; REDLITHIUM&trade; XC5.0 Extended Capacity Battery Pack at MSC Industrial Supply, serving the metalworking, safety, and MRO industries for over 75 years",Battery Voltage: 18.00; Battery Chemistry: Lithium-ion; Battery Capacity (Ah): 5.00; Battery Series: M18 RED; For Use With: Milwaukee M18 Cordless Tools; Charging Time: 110.00 min; Features: Fuel Gauge Onboard; Best-in-Class Construction; All-Weather Performance; REDLINK Intelligence; Versatility; Charger Replacement Number: 48-59-1812; UNSPSC Code: 27112800; Country of Origin: VARIOUS,https://cdn.mscdirect.com/global/images/ProductImages/6540681-21.jpg,https://www.mscdirect.com/product/details/65406811
"Air Die Grinder: 1/4"" Collet, 1/4"" Inlet",Value Collection,42183566,WFG-1015,$27.99 /each,In Stock,"Find Air Die Grinder: 1/4"" Collet, 1/4"" Inlet at MSC Industrial Supply, serving the metalworking, safety, and MRO industries for over 75 years",Air Consumption CFM: 4.00; Air Consumption (LPS): 1.89; Air Inlet Size: 1/4; Air Pressure (bar): 6.20; Air Pressure (psig): 90.00; Air Pressure (kPa): 620.00; Collet Size (Inch): 1/4; Speed Range (RPM): 18000 to 24999; Handle Type: Angle; Overall Length (Inch): 6-1/8; Overall Length (Decimal Inch): 6.1250; Exhaust Location: Rear; Horsepower: 0.30; Measurement Type: Fractional Inch; Speed (RPM): 22000; Additional Information: 90° Angle; Type: Angle Die Grinder; UNSPSC Code: 27131511; Country of Origin: VARIOUS,https://cdn.mscdirect.com/global/images/ProductImages/4218356-24.jpg,https://www.mscdirect.com/product/details/42183566
M12™ REDLITHIUM™ XC6.0 Battery,Milwaukee Tool,42539742,48-11-2460,$148.58 /each,In Stock,"Find M12&trade; REDLITHIUM&trade; XC6.0 Battery at MSC Industrial Supply, serving the metalworking, safety, and MRO industries for over 75 years",Battery Voltage: 12.00; Battery Chemistry: Lithium-ion; Battery Capacity (Ah): 6.00; Battery Series: M12 REDLITHIUM Xc; For Use With: Milwaukee M12 Cordless Tools; Features: Best-in-Class Construction; All-Weather Performance; REDLINK Intelligence; Versatility; Charger Replacement Number: 48-59-1812; UNSPSC Code: 27112800; Country of Origin: China,https://cdn.mscdirect.com/global/images/ProductImages/4253974-21.jpg,https://www.mscdirect.com/product/details/42539742
"Air Die Grinder: 1/8"" Collet, 1/4"" NPT Inlet",Force,80702830,5978C,$87.83 /each,In Stock,"Find Air Die Grinder: 1/8"" Collet, 1/4"" NPT Inlet at MSC Industrial Supply, serving the metalworking, safety, and MRO industries for over 75 years",Air Consumption CFM: 6.00; Air Inlet Size: 1/4 NPT; Air Pressure (bar): 6.21; Air Pressure (psig): 90.00; Collet Size (Inch): 1/8; Speed Range (RPM): 50000 & Above; Throttle Type: Twist; Speed Control Type: Variable; Overall Length (Inch): 5-3/10; Overall Length (Decimal Inch): 5.3000; Overall Length (mm): 135.00; Horsepower: 0.10; Includes: 60; Measurement Type: Fractional Inch; Speed (RPM): 54000; No Load RPM: 54000; Type: Straight Pencil Die Grinder; Air Inlet Gender: Female; UNSPSC Code: 27131511; Country of Origin: Taiwan,https://cdn.mscdirect.com/global/images/ProductImages/8070283-21.jpg,https://www.mscdirect.com/product/details/80702830
M18™ REDLITHIUM™ FORGE™ XC8.0 Battery Pack,Milwaukee Tool,84215680,48-11-1881,$274.29 /each,In Stock,"Find M18&trade; REDLITHIUM&trade; FORGE&trade; XC8.0 Battery Pack at MSC Industrial Supply, serving the metalworking, safety, and MRO industries for over 75 years","Battery Voltage: 18.00; Battery Chemistry: Lithium-ion; Battery Capacity (Ah): 8.00; Battery Series: M18 FORGE; For Use With: M18 system, featuring 250+ tools; Charging Time: 45 min; Features: 35 min supercharge to 80% with the M18™ Dual Bay Simultaneous Super Charger; UNSPSC Code: 27112800; Country of Origin: China",https://cdn.mscdirect.com/global/images/ProductImages/8421568-21.jpg,https://www.mscdirect.com/product/details/84215680
"Air Die Grinder: 1/4"" Collet, 1/4"" Inlet",Value Collection,42183624,WFG-1310,$25.83 /each,In Stock,"Find Air Die Grinder: 1/4"" Collet, 1/4"" Inlet at MSC Industrial Supply, serving the metalworking, safety, and MRO industries for over 75 years",Air Consumption CFM: 4.00; Air Consumption (LPS): 1.89; Air Inlet Size: 1/4; Air Pressure (bar): 6.20; Air Pressure (psig): 90.00; Air Pressure (kPa): 620.00; Collet Size (Inch): 1/4; Speed Range (RPM): 18000 to 24999; Handle Type: Straight; Overall Length (Inch): 6-3/4; Overall Length (Decimal Inch): 6.7500; Exhaust Location: Rear; Horsepower: 0.45; Measurement Type: Fractional Inch; Speed (RPM): 22000; Type: Straight Die Grinder; UNSPSC Code: 27131511; Country of Origin: VARIOUS,https://cdn.mscdirect.com/global/images/ProductImages/4218362-24.jpg,https://www.mscdirect.com/product/details/42183624
"Power Screwdriver Bit: Phillips Bit, 1/4"" Hex, #2 Phillips",Apex,06686034,492X,$2.77 /each,In Stock,"Find Power Screwdriver Bit: Phillips Bit, 1/4"" Hex, #2 Phillips at MSC Industrial Supply, serving the metalworking, safety, and MRO industries for over 75 years",Bit Type: Phillips; Hex Size (Inch): 1/4; Hex Size (Decimal Inch): 0.2500; Drive Size (Inch): 1/4; Phillips Size: #2; Overall Length (Inch): 1-15/16; Specialty Point Size: #2; Number Of Pieces: 1; Body Diameter (Inch): 1/4; Body Diameter (mm): 6.40; Body Diameter (Decimal Inch): 0.2500; UNSPSC Code: 27112814; Country of Origin: UNITED STATES,https://cdn.mscdirect.com/global/images/ProductImages/0668603-24.jpg,https://www.mscdirect.com/product/details/06686034
"20V MAX Lithium-Ion 5Ah Battery, 2-Pack",DeWALT,73659377,DCB205-2,$302.07 /each,In Stock,"Find 20V MAX Lithium-Ion 5Ah Battery, 2-Pack at MSC Industrial Supply, serving the metalworking, safety, and MRO industries for over 75 years",Battery Voltage: 20.00; Battery Chemistry: Lithium-ion; Battery Capacity (Ah): 5.00; Battery Series: MAX; Charging Time: 1.50 hr; Charger Replacement Number: DCB118; UNSPSC Code: 27112700; Country of Origin: South Korea,https://cdn.mscdirect.com/global/images/ProductImages/7365937-21.jpg,https://www.mscdirect.com/product/details/73659377
"Air Die Grinder: 1/4"" Collet, 1/4"" Inlet",Chicago Pneumatic,81995565,T023995,$118.04 /each,In Stock,"Find Air Die Grinder: 1/4"" Collet, 1/4"" Inlet at MSC Industrial Supply, serving the metalworking, safety, and MRO industries for over 75 years",Air Consumption CFM: 22.00; Air Consumption (LPS): 10.38; Air Inlet Size: 1/4; Air Pressure (bar): 6.20; Collet Size (Inch): 1/4; Speed Range (RPM): 18000 to 24999; Throttle Type: Lever; Head Angle: 7.000; Handle Type: Angle; Overall Length (Inch): 4-3/4; Overall Length (Decimal Inch): 4.7500; Exhaust Location: Front; Horsepower: 0.30; Measurement Type: Fractional Inch; Speed (RPM): 22500; Standards: CE Certified; Additional Information: 90° Angle; No Load RPM: 22500; Type: Straight Die Grinder; UNSPSC Code: 27131511; Country of Origin: Taiwan,https://cdn.mscdirect.com/global/images/ProductImages/8199556-24.jpg,https://www.mscdirect.com/product/details/81995565
"M18 FUEL™ 1/2"" Hammer Drill/Driver Kit",Milwaukee Tool,16076689,2904-22,$465.41 /each,In Stock,"Find M18 FUEL&trade; 1/2"" Hammer Drill/Driver Kit at MSC Industrial Supply, serving the metalworking, safety, and MRO industries for over 75 years",Voltage: 18.00 V; Chuck Size (Inch): 1/2; Chuck Type: Single Sleeve Ratcheting; Handle Type: Side Handle; Reversible: Yes; Speed (RPM): 2100; Number Of Speeds: 2; Battery Series: M18; Batteries Included: Yes; Charger Included: Yes; Battery Chemistry: Lithium-ion; Includes: Bit Holder; Belt Clip; Carrying Case; Side Handle; Number of Clutch Settings: 14; Battery Voltage: 18.00; Charger Replacement Number: 48-59-1812; Overall Length (Decimal Inch): 6.9000; Features: Brushless Motor; Delivers More Work Per Charge; Compatible with all M18 Batteries; Tight Spaces & Reduced Fatigue; UNSPSC Code: 27112703; Country of Origin: VARIOUS,https://cdn.mscdirect.com/global/images/ProductImages/1607668-21.jpg,https://www.mscdirect.com/product/details/16076689
"M4™ 1/4"" Hex Screwdriver Kit",Milwaukee Tool,43380468,2101-22,$250.46 /each,In Stock,"Find M4&trade; 1/4"" Hex Screwdriver Kit at MSC Industrial Supply, serving the metalworking, safety, and MRO industries for over 75 years",Handle Type: Swivel; Voltage: 4.00; Speed (RPM): Variable; Batteries Included: Yes; Battery Chemistry: Lithium-ion; Battery Replacement Number: 48-11-2001; Torque (In/Lb): 44.00; Bit Holder Size (Inch): 1/4; Reversible: Yes; Clutch Style: Shut-Off; Drive Direction: Clockwise; Counterclockwise; Driver Type: Standard; Number Of Speeds: 2; Throttle Type: Trigger; Charger Replacement Number: 48-59-2001; Series: M4; Chuck Type: Hex; Number of Clutch Settings: 21; Drive Size (Inch): 1/4; Number Of Batteries Included: 2; UNSPSC Code: 27112720; Country of Origin: China,https://cdn.mscdirect.com/global/images/ProductImages/4338046-24.jpg,https://www.mscdirect.com/product/details/43380468
"M18 FUEL™ 1/4"" Hex Impact Driver",Milwaukee Tool,16076788,2953-20,$233.01 /each,In Stock,"Find M18 FUEL&trade; 1/4"" Hex Impact Driver at MSC Industrial Supply, serving the metalworking, safety, and MRO industries for over 75 years",Voltage: 18.00; Handle Type: Pistol Grip; Speed (RPM): 3600; Number Of Speeds: 4; Impacts per Minute: 4400; Battery Chemistry: Lithium-ion; Battery Replacement Number: 48-11-1860; Charger Replacement Number: 48-59-1812; Overall Length (Decimal Inch): 4.5900; Features: Increasing Users Productivity; Most Compact Impact Driver; Provides Greater Control Over Output Speed And Power; Faster Driving Speed; Premium Rubber Overmold Withstands Corrosive Materials; Delivers More Work Per Charge And More Work Over The Life Of The Pack; Number Of Batteries Included: 0; Includes: Bit Holder; Belt Clip; UNSPSC Code: 27112713; Country of Origin: VARIOUS,https://cdn.mscdirect.com/global/images/ProductImages/1607678-21.jpg,https://www.mscdirect.com/product/details/16076788
"M18 FUEL™ 3/8"""" Compact Impact Wrench w/ Friction Ring Bare Tool",Milwaukee Tool,16448888,2854-20,$311.12 /each,In Stock,"Find M18 FUEL&trade; 3/8"""" Compact Impact Wrench w/ Friction Ring Bare Tool at MSC Industrial Supply, serving the metalworking, safety, and MRO industries for over 75 years",Drive Size (Fractional Inch): 3/8; Voltage: 18.00; Handle Type: Pistol Grip; Speed (RPM): 0 to 2500; Torque (N/m): 284.72; Torque (Ft/Lb): 210.00; Torque (In/Lb): 2520.00; Brushless Motor: Yes; Battery Chemistry: Lithium-ion; Battery Series: M18 Red Lithium; Overall Length (Decimal Inch): 4.8000; Batteries Included: No; Blows Per Minute: 0 to 3200; Number Of Speeds: 4; Charger Included: No; Retainer Type: Friction Ring; Case Included: No; Battery Replacement Number: M12 REDLITHIUM Batteries; Includes: Tool Only; Handle Material: Rubber Over Mold; Housing Material: Metal; Battery Included: No; Number Of Batteries Included: 0; UNSPSC Code: 27112713; Country of Origin: VARIOUS,https://cdn.mscdirect.com/global/images/ProductImages/1644888-21.jpg,https://www.mscdirect.com/product/details/16448888
"M18™ REDLITHIUM™ HIGH OUTPUT™ XC6.0 Battery Pack, 2-Pack",Milwaukee Tool,69588135,48-11-1862,$344.43 /each,In Stock,"Find M18&trade; REDLITHIUM&trade; HIGH OUTPUT&trade; XC6.0 Battery Pack, 2-Pack at MSC Industrial Supply, serving the metalworking, safety, and MRO industries for over 75 years",Battery Voltage: 18.00; Battery Chemistry: Lithium-ion; Battery Capacity (Ah): 6.00; Battery Series: M18 RED; Charging Time: 1.00 hr; Features: Fuel Gauge Onboard; Best-in-Class Construction; REDLINK Intelligence; Versatility; UNSPSC Code: 27112800; Country of Origin: China,https://cdn.mscdirect.com/global/images/ProductImages/6958813AD-21.jpg,https://www.mscdirect.com/product/details/69588135
"M12 FUEL™ 1/4"" Right Angle Die Grinder (Bare Tool)",Milwaukee Tool,55428890,3485-20,$286.27 /each,In Stock,"Find M12 FUEL&trade; 1/4"" Right Angle Die Grinder (Bare Tool) at MSC Industrial Supply, serving the metalworking, safety, and MRO industries for over 75 years",Voltage: 12.00; No-Load RPM: 20000; Speed (RPM): 20000; Switch Type: Trigger; Batteries Included: No; Battery Chemistry: Lithium-ion; Battery Series: M12; Speed Control Type: Variable; Maximum Wheel Diameter Compatibility (Inch): 2; Handle Type: Straight; Includes: (1) M12 FUEL™ 1/4; Tool Type: Right Angle Die Grinder; Additional Information: Generates 0.4 HP Motor Output; Features: 4-Mode RPM Control With Responsive Variable-Speed Trigger Precision Allows Users To Alter The Speed Based On The Application; Standards: None; Collet Size (Decimal Inch): 1/4; Number Of Batteries: 0; Length (Decimal Inch - 4 Decimals): 8.2000; Standards Included (mm): None; UNSPSC Code: 27112704; Country of Origin: VARIOUS,https://cdn.mscdirect.com/global/images/ProductImages/5542889-21.jpg,https://www.mscdirect.com/product/details/55428890
M12™ REDLITHIUM™ 3.0 Compact Battery Pack,Milwaukee Tool,37812906,48-11-2430,$97.54 /each,In Stock,"Find M12&trade; REDLITHIUM&trade; 3.0 Compact Battery Pack at MSC Industrial Supply, serving the metalworking, safety, and MRO industries for over 75 years",Battery Voltage: 12.00; Battery Chemistry: Lithium-ion; Battery Capacity (Ah): 3.00; Battery Series: M12 REDLITHIUM; For Use With: Milwaukee M12 Cordless Tools; Features: Best-in-Class Construction; All-Weather Performance; REDLINK Intelligence; Versatility; Charger Replacement Number: 48-59-1812; UNSPSC Code: 27112800; Country of Origin: China,https://cdn.mscdirect.com/global/images/ProductImages/3781290-21.jpg,https://www.mscdirect.com/product/details/37812906
"Power Screwdriver Bit: Magnetic Nutsetter Bit, 5/16"" Hex",VEGA Industries,61488201,120241,$2.35 /each,In Stock,"Find Power Screwdriver Bit: Magnetic Nutsetter Bit, 5/16"" Hex at MSC Industrial Supply, serving the metalworking, safety, and MRO industries for over 75 years",Bit Type: Magnetic Nutsetter; Magnetic: Yes; Hex Size (Inch): 5/16; Drive Size (Inch): 1/4; Overall Length (Inch): 1-3/4; Number Of Pieces: 1; UNSPSC Code: 27112814; Country of Origin: Taiwan,https://cdn.mscdirect.com/global/images/ProductImages/6148820-24.jpg,https://www.mscdirect.com/product/details/61488201
"M18 FUEL™ 1/2"" Hammer Drill/Driver (Bare Tool)",Milwaukee Tool,16076697,2904-20,$302.42 /each,In Stock,"Find M18 FUEL&trade; 1/2"" Hammer Drill/Driver (Bare Tool) at MSC Industrial Supply, serving the metalworking, safety, and MRO industries for over 75 years",Chuck Size (Inch): 1/2; Chuck Type: Single Sleeve Ratcheting; Handle Type: Side Handle; Reversible: Yes; Speed (RPM): 2100; Battery Series: M18; Batteries Included: No; Charger Included: No; Battery Chemistry: Lithium-ion; Includes: Bit Holder; Belt Clip; Side Handle; Number of Clutch Settings: 14; Battery Voltage: 18.00; Charger Replacement Number: 48-59-1812; Overall Length (Decimal Inch): 6.9000; Features: Brushless Motor; Delivers More Work Per Charge; Compatible with all M18 Batteries; Tight Spaces & Reduced Fatigue; UNSPSC Code: 27112703; Country of Origin: VARIOUS,https://cdn.mscdirect.com/global/images/ProductImages/1607669-21.jpg,https://www.mscdirect.com/product/details/16076697
M12™ REDLITHIUM™ HIGH OUTPUT™ XC5.0 Battery Pack,Milwaukee Tool,09941949,48-11-2450,$163.31 /each,In Stock,"Find M12&trade; REDLITHIUM&trade; HIGH OUTPUT&trade; XC5.0 Battery Pack at MSC Industrial Supply, serving the metalworking, safety, and MRO industries for over 75 years",Battery Voltage: 12.00; Battery Chemistry: Lithium-ion; Battery Capacity (Ah): 5.00; Battery Series: M12 REDLITHIUM XC; For Use With: Milwaukee M12 Cordless Tools; Charging Time: 75.00 min; Features: Fuel Gauge Onboard: Displays Remaining Run-Time; Battery & Charger; REDLINKIntelligence: Our Battery Circuitry Provides Optimized Performance and Overload Protection Using Total System Communication Between Tool; Best-in-Class Construction; UNSPSC Code: 26111710; Country of Origin: China,https://cdn.mscdirect.com/global/images/ProductImages/0994194-21.jpg,https://www.mscdirect.com/product/details/09941949
"Paper Towels: Hard Roll, 6 Rolls per Case, Roll, 1 Ply, Natural, Recycled Fiber",PRO-SOURCE,68995547,68995547,$53.57 /each,In Stock,"Find Paper Towels: Hard Roll, 6 Rolls per Case, Roll, 1 Ply, Natural, Recycled Fiber at MSC Industrial Supply, serving the metalworking, safety, and MRO industries for over 75 years",Form: Hard Roll; Container Type: Roll; Recycled Fiber: Yes; Color: Natural; Roll Length: 800.0000 ft; Sheet Width: 7.9000 in; Roll per Case: 6; Fits Dispenser: 14181747; Number Of Plys: 1; Roll Diameter: 7-3/4; Core Diameter: 2; Sheets Per Package: 1; UNSPSC Code: 14111703; Country of Origin: UNITED STATES,https://cdn.mscdirect.com/global/images/ProductImages/6899554AI-24.jpg,https://www.mscdirect.com/product/details/68995547
"Bathroom Tissue: Standard Roll, Recycled Fiber, 2-Ply, White",PRO-SOURCE,89816441,89816441,$88.09 /each,In Stock,"Find Bathroom Tissue: Standard Roll, Recycled Fiber, 2-Ply, White at MSC Industrial Supply, serving the metalworking, safety, and MRO industries for over 75 years",Form: Standard Roll; Type: Standard Roll; Recycled Fiber: Yes; Ply: 2; Sheet Length: 3.6; Outside Diameter (Inch): 4.2000; Color: White; Total Sheets Included: 48000; Packages per Case: 96; EPP Indicators: Biodegradable; Green Seal; Number Of Plys: 2; EPP GSA Codes: AQ - CPG(Comprehensive Procurement Guidelines); Sheets Per Package: 500; Number Of Sheets: 48000; For Use With: 56590532; 36554582; Length per Roll (Feet): 150; UNSPSC Code: 14111704; Country of Origin: UNITED STATES,https://cdn.mscdirect.com/global/images/ProductImages/8981644AN-24.jpg,https://www.mscdirect.com/product/details/89816441
"SCRUBS in-a-Bucket® Hand Cleaner Towels, Pre-Moistened, Center Pull Canister, Blue",Scrubs,00262220,42272,$23.51 /each,In Stock,"Find SCRUBS in-a-Bucket® Hand Cleaner Towels, Pre-Moistened, Center Pull Canister, Blue at MSC Industrial Supply, serving the metalworking, safety, and MRO industries for over 75 years",Wipe Type: Hand; Wipe Form: Flat Sheet; Wipe Style: Pre-Saturated; Packaging Type: Bucket; Wipe Construction: Meltblown; Sheet Length (in): 12; Sheet Width (in): 10; Wipe Environment Application: Education; Industrial; High Traffic Locations; Gyms; Office Buildings; Automotive; Wipe Color: Blue; Scent: Citrus; Dispensing Container Included: Yes; Food Grade: No; Alcohol Content: Alcohol-Free; Static Dissipative: No; Low Lint: No; Anti-static: No; Compostable: No; Roll Length (Feet): 60.00; Core Size (Fractional Inch): 1-1/2; Number Of Plys: 1; Wipe Task Application: Personal Wiping; UNSPSC Code: 47131502; Country of Origin: UNITED STATES,https://cdn.mscdirect.com/global/images/ProductImages/0026222AQ-21.jpg,https://www.mscdirect.com/product/details/00262220
"Contractor Trash Bags: 60 gal, 1.5 mil, Pack of 100",PRO-SOURCE,56554546,PSRM6151,$83.28 /each,In Stock,"Find Contractor Trash Bags: 60 gal, 1.5 mil, Pack of 100 at MSC Industrial Supply, serving the metalworking, safety, and MRO industries for over 75 years",Product Type: Contractor; Capacity: 60.000 gal; Number of Bags: 100; Material: Low Density Resin; Contains Recycled Material: No; Overall Thickness: 1.5 mil; Color: Black; Closure Type: Tie; Compatible Container Series: Brute; Overall Height (Inch - 2 Decimals): 58.00; Overall Width: 38; Dispensing Type: Coreless Roll; Scent: Unscented; EPP Indicators: SCS Sustainable Choice; FDA Approved: No; UNSPSC Code: 47121700; Country of Origin: UNITED STATES,https://cdn.mscdirect.com/global/images/ProductImages/5655454AA-24.jpg,https://www.mscdirect.com/product/details/56554546
"Paper Towels: Hard Roll, 12 Rolls, 1 Ply",PRO-SOURCE,02267003,68995547/68995547,$107.14 /each,In Stock,"Find Paper Towels: Hard Roll, 12 Rolls, 1 Ply at MSC Industrial Supply, serving the metalworking, safety, and MRO industries for over 75 years",Form: Hard Roll; Recycled Fiber: No; Roll Length: 800.0000 ft; Sheet Width: 8.0000 in; Roll per Case: 12; Fits Dispenser: 36554525; 36554517; 56590706; 36554509; Number Of Plys: 1; EPP Indicators: Biodegradable; Green Seal; Roll Diameter: 7-1/2; Core Diameter: 2.0000 in; EPP GSA Codes: AQ - CPG(Comprehensive Procurement Guidelines); UNSPSC Code: 14111703; Country of Origin: UNITED STATES,https://cdn.mscdirect.com/global/images/ProductImages/0226700-24.jpg,https://www.mscdirect.com/product/details/02267003
"Enmotion 10"" Paper Towel Rolls, White",Georgia Pacific,68992056,89460,$130.35 /each,In Stock,"Find Enmotion 10"" Paper Towel Rolls, White at MSC Industrial Supply, serving the metalworking, safety, and MRO industries for over 75 years",Form: Hard Roll; Container Type: Roll; Recycled Fiber: No; Color: White; Roll Length: 800.0000 ft; Sheet Length: 9600; Sheet Width: 10.0000 in; Roll per Case: 6; Fits Dispenser: 59407A; 59447A and 59487A enMotion 10 in Paper Towel Dispensers; 59462A; 59460A; 59488A; Number Of Plys: 1; EPP Indicators: Sustainable Forestry Initiative (SFI); USDA Certified BioBased; Roll Diameter: 8; Sheets Per Package: 4800; Series: enMotion; EPP GSA Codes: BQ - BioPreferred Item; UNSPSC Code: 14111703; Country of Origin: UNITED STATES,https://cdn.mscdirect.com/global/images/ProductImages/6899205AB-21.jpg,https://www.mscdirect.com/product/details/68992056
"Dawn Professional Manual Pot & Pan Detergent, Dish Soap, Dishwashing Liquid, 38 fl oz",Dawn Professional,32037152,PGC45112,$15.24 /each,In Stock,"Find Dawn Professional Manual Pot & Pan Detergent, Dish Soap, Dishwashing Liquid, 38 fl oz at MSC Industrial Supply, serving the metalworking, safety, and MRO industries for over 75 years",Detergent Type: Manual Dishwashing; Form: Liquid; Container Type: Bottle; Container Size (oz.): 38.000; Scent: Original; UNSPSC Code: 47131800; Country of Origin: UNITED STATES,https://cdn.mscdirect.com/global/images/ProductImages/3203715AC-21.jpg,https://www.mscdirect.com/product/details/32037152
"Heavy Duty Trash Bags: 60 gal, 1 mil, Pack of 100",PRO-SOURCE,09341462,PSRM6141,$55.54 /each,In Stock,"Find Heavy Duty Trash Bags: 60 gal, 1 mil, Pack of 100 at MSC Industrial Supply, serving the metalworking, safety, and MRO industries for over 75 years",Product Type: Heavy Duty; Capacity: 60.000 gal; Number of Bags: 100; Material: Low Density Resin; Contains Recycled Material: No; Overall Thickness: 1 mil; Color: Black; Closure Type: Tie; Compatible Container Series: Brute; Overall Height (Inch - 2 Decimals): 58.00; Overall Width: 38; Dispensing Type: Coreless Roll; Scent: Unscented; FDA Approved: No; UNSPSC Code: 47121700; Country of Origin: UNITED STATES,https://cdn.mscdirect.com/global/images/ProductImages/0934146AA-24.jpg,https://www.mscdirect.com/product/details/09341462
"Paint Brush: 2"" Wide, Hog, Natural Bristle",Premier Paint Roller,51012243,WV20,$6.60 /pack of 6,In Stock,"Find Paint Brush: 2"" Wide, Hog, Natural Bristle at MSC Industrial Supply, serving the metalworking, safety, and MRO industries for over 75 years",Brush Type: Chip; Bristle Type: Natural; Bristle Material: Hog; Handle Material: Wood; Brush Size (Inch): 2; Handle Length (Inch): 5.0; Bristle Length (Inch): 1-3/4; Handle Length (Decimal Inch): 5; Handle Length (Inch - 2 Decimals): 5.00; Color: White; Type: Chip Brush; UNSPSC Code: 31211904; Country of Origin: VARIOUS,https://cdn.mscdirect.com/global/images/ProductImages/5101224-24.jpg,https://www.mscdirect.com/product/details/51012243
"Scott Essential High Capacity Hard Roll Paper Towels with Absorbency Pockets (02001), For Use with Scott Essential Dispenser, Unperforated, White",Scott,30284723,02001,$120.47 /each,In Stock,"Find Scott Essential High Capacity Hard Roll Paper Towels with Absorbency Pockets (02001), For Use with Scott Essential Dispenser, Unperforated, White at MSC Industrial Supply, serving the metalworking, safety, and MRO industries for over 75 years",Form: Hard Roll; Recycled Fiber: Yes; Color: White; Roll Length: 950.0000 ft; Sheet Width: 8.0000 in; Roll per Case: 6; Fits Dispenser: 35952829; 90172750; 30285043; 90172735; Number Of Plys: 1; UNSPSC Code: 14111703; Country of Origin: UNITED STATES,https://cdn.mscdirect.com/global/images/ProductImages/3028472AQ-21.jpg,https://www.mscdirect.com/product/details/30284723
"Industrial Cleaner & Degreaser, 24 oz Spray Bottle",Simple Green®,89887509,2710001213012,$12.63 /each,In Stock,"Find Industrial Cleaner & Degreaser, 24 oz Spray Bottle at MSC Industrial Supply, serving the metalworking, safety, and MRO industries for over 75 years",Degreaser Type: Cleaner; Form: Liquid; Container Type: Spray Bottle; Container Size: 24 oz; Scent: Sassafras; Composition: Water-Based; Concentrated: Yes; Disinfectant: No; Primary Chemical: Citric Acid; Material Application: Stainless Steel; Concrete; Applications: Surfaces; Concrete; Heavy Equipment; Additional Information: Industrial Cleaner & Degreaser; EPP Indicators: Biodegradable; EPA Safer Choice; EPP GSA Codes: SF - Safer Choice; UNSPSC Code: 47131800; Country of Origin: UNITED STATES,https://cdn.mscdirect.com/global/images/ProductImages/8988750AB-21.jpg,https://www.mscdirect.com/product/details/89887509
"PowerClean™ ProScrub™ Heavy Duty Wet Towels (91371), Dual Action Cleaning, Large 9.5"" x 12"" Wipes, Bucket Included",WypAll,86319464,91371,$23.72 /each,In Stock,"Find PowerClean&trade; ProScrub&trade; Heavy Duty Wet Towels (91371), Dual Action Cleaning, Large 9.5"" x 12"" Wipes, Bucket Included at MSC Industrial Supply, serving the metalworking, safety, and MRO industries for over 75 years","Wipe Type: Multi-Surface Cleaning; Wipe Form: Flat Sheet; Wipe Style: Pre-Saturated; Packaging Type: Bucket; Wipe Construction: Meltblown; Sheet Length (in): 12; Sheet Width (in): 9.5; Wipe Environment Application: Industrial; Automotive; Wipe Color: Green; Scent: Citrus; Dispensing Container Included: Yes; Food Grade: No; Static Dissipative: No; Roll Length (Feet): 76.00; Wipe Task Application: Absorbing Spills, Grease and Oils; Spray and Wipe; Applying Solvents; Machine Part Wiping; General Purpose Cleaning; UNSPSC Code: 47131502; Country of Origin: UNITED STATES",https://cdn.mscdirect.com/global/images/ProductImages/8631946BE-21.jpg,https://www.mscdirect.com/product/details/86319464
"SKILCRAFT Lysol Disinfecting Wipes, 1-Ply, 7"" x 7.25"", Lemon-Lime, White",AbilityOne,91999920,6840017010407,$70.13 /each,In Stock,"Find SKILCRAFT Lysol Disinfecting Wipes, 1-Ply, 7"" x 7.25"", Lemon-Lime, White at MSC Industrial Supply, serving the metalworking, safety, and MRO industries for over 75 years",Wipe Type: Disinfecting; Wipe Form: Flat Sheet; Wipe Style: Pre-Saturated; Packaging Type: Pack; Scent: Lemon; Static Dissipative: No; UNSPSC Code: 47131502; Country of Origin: UNITED STATES,https://cdn.mscdirect.com/global/images/ProductImages/9199992AA-21.jpg,https://www.mscdirect.com/product/details/91999920
"Scott Essential Jumbo Roll Coreless Toilet Paper (07006), 2-ply, White",Scott,05886478,07006,$111.75 /each,In Stock,"Find Scott Essential Jumbo Roll Coreless Toilet Paper (07006), 2-ply, White at MSC Industrial Supply, serving the metalworking, safety, and MRO industries for over 75 years",Form: Coreless Roll; Type: Coreless Roll; Recycled Fiber: Yes; Ply: 2; Dispenser Compatibility: Yes; Sheet Length: 12; Sheet Width: 3.66 in; Core Diameter: 1; Color: White; Total Sheets Included: 13800; Packages per Case: 12; EPP Indicators: Green Seal; Forest Stewardship Council (FSC) Certified; Number Of Plys: 2; EPP GSA Codes: EP - Ecolabels; Sheets Per Package: 13800; Number Of Sheets: 1150; Series: Essential; Includes: Toilet Tissue; For Use With: 91504399; 33594037; 05886510; 33236159; 04624375; 00489690; 69947075; 05886528; 66136003; 69883015; 91504373; Length per Roll (Feet): 1150; UNSPSC Code: 14111704; Country of Origin: UNITED STATES,https://cdn.mscdirect.com/global/images/ProductImages/0588647AX-21.jpg,https://www.mscdirect.com/product/details/05886478
"Rags: Reclaimed, Cotton",PRO-SOURCE,89836522,R020-C45-PU-25,$40.93 /each,In Stock,"Find Rags: Reclaimed, Cotton at MSC Industrial Supply, serving the metalworking, safety, and MRO industries for over 75 years",Cloth Condition: Reclaimed; Material: Cotton; Color: Assorted; Low Lint: Yes; Container Type: Box; Type: Rag; Description: Colored Cotton Polo Cloth; Sheets per Lb.: 3 to 4; Package Weight (Lb.): 25.000; Material Family: T-Shirt; UNSPSC Code: 47131500; Country of Origin: UNITED STATES,https://cdn.mscdirect.com/global/images/ProductImages/8983652-24.jpg,https://www.mscdirect.com/product/details/89836522
"Medium Duty Trash Bags: 13 gal, 0.7 mil, Pack of 150",PRO-SOURCE,60106788,PSRST24317W,$26.61 /each,In Stock,"Find Medium Duty Trash Bags: 13 gal, 0.7 mil, Pack of 150 at MSC Industrial Supply, serving the metalworking, safety, and MRO industries for over 75 years",Product Type: Medium Duty; Capacity: 13.000 gal; Number of Bags: 150; Material: Low Density Resin; Contains Recycled Material: Yes; Overall Thickness: 0.7 mil; Color: White; Closure Type: Tie; Compatible Container Series: Kitchen; Overall Height (Inch - 2 Decimals): 31.00; Overall Width: 24; Dispensing Type: Coreless Roll; Scent: Unscented; EPP GSA Codes: AQ - CPG(Comprehensive Procurement Guidelines); FDA Approved: No; UNSPSC Code: 47121700; Country of Origin: UNITED STATES,https://cdn.mscdirect.com/global/images/ProductImages/6010678AA-24.jpg,https://www.mscdirect.com/product/details/60106788
Compact Coreless 2-Ply Recycled Toilet Paper,Georgia Pacific,68993401,19375,$123.99 /each,In Stock,"Find Compact Coreless 2-Ply Recycled Toilet Paper at MSC Industrial Supply, serving the metalworking, safety, and MRO industries for over 75 years",Form: Coreless Roll; Type: Coreless Roll; Recycled Fiber: Yes; Ply: 2; Dispenser Compatibility: Compact Quad Vertical & Side-by-Side Toilet Paper Dispensers; Sheet Length: 4.05; Sheet Width: 4.00 in; Core Diameter: 0.5000 in; Color: White; Total Sheets Included: 36000; Packages per Case: 36; EPP Indicators: EcoLogo; USDA Certified BioBased; Number Of Plys: 2; EPP GSA Codes: EP - Ecolabels; BQ - BioPreferred Item; Sheets Per Package: 1000; Number Of Sheets: 36000; Series: Compact; Length per Roll (Feet): 338; UNSPSC Code: 14111704; Country of Origin: UNITED STATES,https://cdn.mscdirect.com/global/images/ProductImages/6899340AO-21.jpg,https://www.mscdirect.com/product/details/68993401
"Contractor Trash Bags: 60 gal, 2 mil, Pack of 100",PRO-SOURCE,56554553,PSRM6161,$111.02 /each,In Stock,"Find Contractor Trash Bags: 60 gal, 2 mil, Pack of 100 at MSC Industrial Supply, serving the metalworking, safety, and MRO industries for over 75 years",Product Type: Contractor; Capacity: 60.000 gal; Number of Bags: 100; Material: Low Density Resin; Contains Recycled Material: No; Overall Thickness: 2 mil; Color: Black; Closure Type: Tie; Compatible Container Series: Brute; Overall Height (Inch - 2 Decimals): 58.00; Overall Width: 38; Dispensing Type: Coreless Roll; Scent: Unscented; EPP Indicators: SCS Sustainable Choice; FDA Approved: No; UNSPSC Code: 47121700; Country of Origin: UNITED STATES,https://cdn.mscdirect.com/global/images/ProductImages/5655455-24.jpg,https://www.mscdirect.com/product/details/56554553
"Paper Towels: Perforated Roll, 30 Rolls per Case, Roll, 2 Ply, White, Recycled Fiber",PRO-SOURCE,40760282,40760282,$54.40 /each,In Stock,"Find Paper Towels: Perforated Roll, 30 Rolls per Case, Roll, 2 Ply, White, Recycled Fiber at MSC Industrial Supply, serving the metalworking, safety, and MRO industries for over 75 years",Form: Perforated Roll; Container Type: Roll; Recycled Fiber: Yes; Color: White; Sheet Length: 11; Roll per Case: 30; Fits Dispenser: None; Total Sheets Included: 2550; Number Of Plys: 2; EPP Indicators: Biodegradable; Green Seal; Roll Diameter: 4-5/8; Core Diameter: 1.65; Sheets Per Package: 85; EPP GSA Codes: AQ - CPG(Comprehensive Procurement Guidelines); UNSPSC Code: 14111703; Country of Origin: UNITED STATES,https://cdn.mscdirect.com/global/images/ProductImages/4076028AV-24.jpg,https://www.mscdirect.com/product/details/40760282
"Pack of (3), 24 oz Bottles with Trigger Sprayer",PRO-SOURCE,66507179,130173,$12.81 /each,In Stock,"Find Pack of (3), 24 oz Bottles with Trigger Sprayer at MSC Industrial Supply, serving the metalworking, safety, and MRO industries for over 75 years",Product Type: Bottle & Trigger Sprayer; Container Capacity: 24 oz; Trigger Sprayer Color: Red; UNSPSC Code: 47131800; Country of Origin: VARIOUS,https://cdn.mscdirect.com/global/images/ProductImages/6650717-24.jpg,https://www.mscdirect.com/product/details/66507179
"Jobber Length Drill Bit: 1/8"" (0.1250) Dia, 118 deg, HSS",Hertel,71205678,71205678,$18.36 /pack of 12,In Stock,"Find Jobber Length Drill Bit: 1/8"" (0.1250) Dia, 118 deg, HSS at MSC Industrial Supply, serving the metalworking, safety, and MRO industries for over 75 years",Drill Bit Size (Inch): 1/8; Drill Bit Size (Decimal Inch): 0.1250; Drill Bit Material: HSS; Drill Point Angle (Degrees): 118; Coating/Finish: Oxide; Flute Type: Regular Spiral; Cutting Direction: Right Hand; Point Type: Standard; Primary Workpiece Material: Cast Iron; Steel; Coolant Through: No; Number of Flutes: 2; Flute Length (mm): 41.28; Flute Length (Decimal Inch): 1.6250; Flute Length (Inch): 1-5/8; Shank Diameter (Decimal Inch): 0.1250; Overall Length (mm): 69.85; Overall Length (Inch): 2-3/4; Spiral Type: Regular; Overall Length (Decimal Inch): 2.7500; Shank Diameter (Inch): 1/8; Maximum Drilling Depth (Decimal Inch): 2.1875; Web Thinning: Web-Thinned; Web Configuration: Tapered; Shank Type: Straight; Drill Bit Grade: General Purpose; Drill Bit Size Range (Decimal Inch): 0.1000 - 0.1500; Country of Origin: UNITED STATES,https://cdn.mscdirect.com/global/images/ProductImages/7120567-24.jpg,https://www.mscdirect.com/product/details/71205678
"Jobber Length Drill Bit: 5/16"" (0.3125) Dia, 118 deg, HSS",Hertel,71205793,71205793,$26.64 /pack of 6,In Stock,"Find Jobber Length Drill Bit: 5/16"" (0.3125) Dia, 118 deg, HSS at MSC Industrial Supply, serving the metalworking, safety, and MRO industries for over 75 years",Drill Bit Size (Inch): 5/16; Drill Bit Size (Decimal Inch): 0.3125; Drill Bit Material: HSS; Drill Point Angle (Degrees): 118; Coating/Finish: Oxide; Flute Type: Regular Spiral; Cutting Direction: Right Hand; Point Type: Standard; Primary Workpiece Material: Cast Iron; Steel; Coolant Through: No; Number of Flutes: 2; Flute Length (mm): 80.96; Flute Length (Decimal Inch): 3.1875; Flute Length (Inch): 3-3/16; Shank Diameter (Decimal Inch): 0.3125; Overall Length (mm): 114.30; Overall Length (Inch): 4-1/2; Spiral Type: Regular; Overall Length (Decimal Inch): 4.5000; Shank Diameter (Inch): 5/16; Maximum Drilling Depth (Decimal Inch): 1.6250; Web Thinning: Web-Thinned; Web Configuration: Tapered; Shank Type: Straight; Drill Bit Grade: General Purpose; Drill Bit Size Range (Decimal Inch): 0.3000 - 0.3500; Country of Origin: UNITED STATES,https://cdn.mscdirect.com/global/images/ProductImages/7120579-24.jpg,https://www.mscdirect.com/product/details/71205793
"Jobber Length Drill Bit: 1/4"" (0.2500) Dia, 118 deg, HSS",Hertel,71205751,71205751,$35.28 /pack of 12,In Stock,"Find Jobber Length Drill Bit: 1/4"" (0.2500) Dia, 118 deg, HSS at MSC Industrial Supply, serving the metalworking, safety, and MRO industries for over 75 years",Drill Bit Size (Inch): 1/4; Drill Bit Size (Letter): E; Drill Bit Size (Decimal Inch): 0.2500; Drill Bit Material: HSS; Drill Point Angle (Degrees): 118; Coating/Finish: Oxide; Flute Type: Regular Spiral; Cutting Direction: Right Hand; Point Type: Standard; Primary Workpiece Material: Cast Iron; Steel; Coolant Through: No; Number of Flutes: 2; Flute Length (mm): 69.85; Flute Length (Decimal Inch): 2.7500; Flute Length (Inch): 2-3/4; Shank Diameter (Decimal Inch): 0.2500; Overall Length (mm): 101.60; Overall Length (Inch): 4; Spiral Type: Regular; Overall Length (Decimal Inch): 4.0000; Shank Diameter (Inch): 1/4; Maximum Drilling Depth (Decimal Inch): 1.8750; Web Thinning: Web-Thinned; Web Configuration: Tapered; Shank Type: Straight; Drill Bit Grade: General Purpose; Drill Bit Size Range (Decimal Inch): 0.2500 - 0.3000; Country of Origin: UNITED STATES,https://cdn.mscdirect.com/global/images/ProductImages/7120575-24.jpg,https://www.mscdirect.com/product/details/71205751
"Jobber Length Drill Bit: 3/16"" (0.1875) Dia, 118 deg, HSS",Hertel,71205710,71205710,$26.64 /pack of 12,In Stock,"Find Jobber Length Drill Bit: 3/16"" (0.1875) Dia, 118 deg, HSS at MSC Industrial Supply, serving the metalworking, safety, and MRO industries for over 75 years",Drill Bit Size (Inch): 3/16; Drill Bit Size (Decimal Inch): 0.1875; Drill Bit Material: HSS; Drill Point Angle (Degrees): 118; Coating/Finish: Oxide; Flute Type: Regular Spiral; Cutting Direction: Right Hand; Point Type: Standard; Primary Workpiece Material: Cast Iron; Steel; Coolant Through: No; Number of Flutes: 2; Flute Length (mm): 58.74; Flute Length (Decimal Inch): 2.3125; Flute Length (Inch): 2-5/16; Shank Diameter (Decimal Inch): 0.1875; Overall Length (mm): 88.90; Overall Length (Inch): 3-1/2; Spiral Type: Regular; Overall Length (Decimal Inch): 3.5000; Shank Diameter (Inch): 3/16; Maximum Drilling Depth (Decimal Inch): 2.1250; Web Thinning: Web-Thinned; Web Configuration: Tapered; Shank Type: Straight; Drill Bit Grade: General Purpose; Drill Bit Size Range (Decimal Inch): 0.1500 - 0.2000; Country of Origin: UNITED STATES,https://cdn.mscdirect.com/global/images/ProductImages/7120571-24.jpg,https://www.mscdirect.com/product/details/71205710
"Jobber Length Drill Bit: #7 (0.2010) Dia, 118 deg, HSS",Hertel,71206247,71206247,$29.52 /pack of 12,In Stock,"Find Jobber Length Drill Bit: #7 (0.2010) Dia, 118 deg, HSS at MSC Industrial Supply, serving the metalworking, safety, and MRO industries for over 75 years",Drill Bit Size (Wire): #7; Drill Bit Size (Decimal Inch): 0.2010; Drill Bit Material: HSS; Drill Point Angle (Degrees): 118; Coating/Finish: Oxide; Flute Type: Regular Spiral; Cutting Direction: Right Hand; Point Type: Standard; Primary Workpiece Material: Cast Iron; Steel; Coolant Through: No; Number of Flutes: 2; Flute Length (mm): 61.91; Flute Length (Decimal Inch): 2.4375; Flute Length (Inch): 2-7/16; Shank Diameter (Decimal Inch): 0.6250; Overall Length (mm): 92.08; Overall Length (Inch): 3-5/8; Spiral Type: Regular; Overall Length (Decimal Inch): 3.6250; Maximum Drilling Depth (Decimal Inch): 2.7500; Web Thinning: Web-Thinned; Web Configuration: Tapered; Shank Type: Straight; Drill Bit Grade: General Purpose; Drill Bit Size Range (Decimal Inch): 0.2000 - 0.2500; Country of Origin: UNITED STATES,https://cdn.mscdirect.com/global/images/ProductImages/7120624-24.jpg,https://www.mscdirect.com/product/details/71206247
"Jobber Length Drill Bit: 27/64"" (0.4219) Dia, 118 deg, HSS",Hertel,71205868,71205868,$8.49 /each,In Stock,"Find Jobber Length Drill Bit: 27/64"" (0.4219) Dia, 118 deg, HSS at MSC Industrial Supply, serving the metalworking, safety, and MRO industries for over 75 years",Drill Bit Size (Inch): 27/64; Drill Bit Size (Decimal Inch): 0.4219; Drill Bit Material: HSS; Drill Point Angle (Degrees): 118; Coating/Finish: Oxide; Flute Type: Regular Spiral; Cutting Direction: Right Hand; Point Type: Standard; Primary Workpiece Material: Cast Iron; Steel; Coolant Through: No; Number of Flutes: 2; Flute Length (mm): 100.01; Flute Length (Decimal Inch): 3.9375; Flute Length (Inch): 3-15/16; Shank Diameter (Decimal Inch): 0.4219; Overall Length (mm): 136.53; Overall Length (Inch): 5-3/8; Spiral Type: Regular; Overall Length (Decimal Inch): 5.3750; Shank Diameter (Inch): 27/64; Maximum Drilling Depth (Decimal Inch): 1.2500; Web Thinning: Web-Thinned; Web Configuration: Tapered; Shank Type: Straight; Drill Bit Grade: General Purpose; Drill Bit Size Range (Decimal Inch): 0.4000 - 0.5000; Country of Origin: UNITED STATES,https://cdn.mscdirect.com/global/images/ProductImages/7120586-24.jpg,https://www.mscdirect.com/product/details/71205868
"Jobber Length Drill Bit: 17/64"" (0.2656) Dia, 118 deg, HSS",Hertel,71205769,71205769,$3.33 /each,In Stock,"Find Jobber Length Drill Bit: 17/64"" (0.2656) Dia, 118 deg, HSS at MSC Industrial Supply, serving the metalworking, safety, and MRO industries for over 75 years",Drill Bit Size (Inch): 17/64; Drill Bit Size (Decimal Inch): 0.2656; Drill Bit Material: HSS; Drill Point Angle (Degrees): 118; Coating/Finish: Oxide; Flute Type: Regular Spiral; Cutting Direction: Right Hand; Point Type: Standard; Primary Workpiece Material: Cast Iron; Steel; Coolant Through: No; Number of Flutes: 2; Flute Length (mm): 73.03; Flute Length (Decimal Inch): 2.8750; Flute Length (Inch): 2-7/8; Shank Diameter (Decimal Inch): 0.2656; Overall Length (mm): 104.78; Overall Length (Inch): 4-1/8; Spiral Type: Regular; Overall Length (Decimal Inch): 4.1250; Shank Diameter (Inch): 17/64; Maximum Drilling Depth (Decimal Inch): 1.8750; Web Thinning: Web-Thinned; Web Configuration: Tapered; Shank Type: Straight; Drill Bit Grade: General Purpose; Drill Bit Size Range (Decimal Inch): 0.2500 - 0.3000; Country of Origin: UNITED STATES,https://cdn.mscdirect.com/global/images/ProductImages/7120576-24.jpg,https://www.mscdirect.com/product/details/71205769
"Jobber Length Drill Bit: 1/4"" (0.2500) Dia, 135 deg, HSS",WALTER Surface Technologies,00647354,012516,$4.28 /each,In Stock,"Find Jobber Length Drill Bit: 1/4"" (0.2500) Dia, 135 deg, HSS at MSC Industrial Supply, serving the metalworking, safety, and MRO industries for over 75 years",Drill Bit Size (Inch): 1/4; Drill Bit Size (Decimal Inch): 0.2500; Drill Bit Material: HSS; Drill Point Angle (Degrees): 135; Coating/Finish: Black/Gold; Flute Type: Regular Spiral; Cutting Direction: Right Hand; Point Type: Split Point; Primary Workpiece Material: Cast Iron; Steel; Coolant Through: No; Flute Length (mm): 69.85; Flute Length (Decimal Inch): 2.7500; Flute Length (Inch): 2-3/4; Shank Diameter (Decimal Inch): 0.2500; Overall Length (mm): 101.60; Overall Length (Inch): 4; Spiral Type: Regular; Overall Length (Decimal Inch): 4.0000; Series: T1HD; Tool Application: Self-Centering; Shank Diameter (Inch): 1/4; Web Thinning: Web-Thinned; Web Configuration: Tapered; Shank Type: Straight; Tool Performance: High Performance; Drill Bit Grade: Heavy Duty; Drill Bit Size Range (Decimal Inch): 0.2500 - 0.3000; Material Grade: M7; Country of Origin: UNITED STATES,https://cdn.mscdirect.com/global/images/ProductImages/0064735-23.jpg,https://www.mscdirect.com/product/details/00647354
"Jobber Length Drill Bit: 1/8"" (0.1250) Dia, 135 deg, Cobalt",Precision Twist Drill,78503182,5998150,$4.61 /each,In Stock,"Find Jobber Length Drill Bit: 1/8"" (0.1250) Dia, 135 deg, Cobalt at MSC Industrial Supply, serving the metalworking, safety, and MRO industries for over 75 years",Drill Bit Size (Inch): 1/8; Drill Bit Size (Decimal Inch): 0.1250; Drill Bit Material: Cobalt; Drill Point Angle (Degrees): 135; Coating/Finish: Straw; Flute Type: Regular Spiral; Cutting Direction: Right Hand; Point Type: Split Point; Primary Workpiece Material: Steel; Specification Number: NAS 907; Coolant Through: No; Number of Flutes: 2; Flute Length (mm): 41.28; Flute Length (Decimal Inch): 1.6250; Flute Length (Inch): 1-5/8; Primary Workpiece Material Code: P; S; K; M; N; Shank Diameter (Decimal Inch): 0.1250; Overall Length (mm): 69.85; Overall Length (Inch): 2-3/4; Spiral Type: Regular; Overall Length (Decimal Inch): 2.7500; Proprietary Coating/Finish: Oxide;Bronze; Series: R10CO-R15CO-R18CO; Tool Application: Drilling; Flute By Diameter Ratio: 13xD; Shank Diameter (Inch): 1/8; Maximum Drilling Depth (Decimal Inch): 1.6250; Maximum Drilling Depth (Inch): 1-5/8; Shank Length (Decimal Inch): 1.1250; Shank Length (Inch): 1-1/8; Number of Flats: 0; Web Thinning: Web-Thinned; Web Configuration: Tapered; Shank Type: Straight; Tool Performance: General Purpose; Standards: ANSI; Double Margin: No; Drill Bit Grade: Heavy Duty; Drill Bit Size Range (Decimal Inch): 0.1000 - 0.1500; Specification Designation: NAS; Country of Origin: Brazil,https://cdn.mscdirect.com/global/images/ProductImages/0234156A-21.jpg,https://www.mscdirect.com/product/details/78503182
"Jobber Length Drill Bit: 17/32"" (0.5313) Dia, 135 deg, Cobalt",Hertel,43481415,42039,$26.66 /each,In Stock,"Find Jobber Length Drill Bit: 17/32"" (0.5313) Dia, 135 deg, Cobalt at MSC Industrial Supply, serving the metalworking, safety, and MRO industries for over 75 years",Drill Bit Size (Inch): 17/32; Drill Bit Size (Decimal Inch): 0.5313; Drill Bit Material: Cobalt; Drill Point Angle (Degrees): 135; Coating/Finish: Straw; Flute Type: Regular Spiral; Cutting Direction: Right Hand; Point Type: Split Point; Primary Workpiece Material: Steel; Coolant Through: No; Number of Flutes: 2; Flute Length (mm): 122.24; Flute Length (Decimal Inch): 4.8125; Flute Length (Inch): 4-13/16; Overall Length (mm): 168.28; Overall Length (Inch): 6-5/8; Spiral Type: Regular; Overall Length (Decimal Inch): 6.6250; Proprietary Coating/Finish: Oxide;TiN; Flute By Diameter Ratio: 5xD; Shank Type: Straight; Drill Bit Grade: Heavy Duty; Drill Bit Size Range (Decimal Inch): 0.5000 - 0.6500; Country of Origin: Spain,https://cdn.mscdirect.com/global/images/ProductImages/4348141AD-24.jpg,https://www.mscdirect.com/product/details/43481415
"Jobber Length Drill Bit: 1/2"" (0.5000) Dia, 118 deg, HSS",Hertel,71205918,71205918,$11.72 /each,In Stock,"Find Jobber Length Drill Bit: 1/2"" (0.5000) Dia, 118 deg, HSS at MSC Industrial Supply, serving the metalworking, safety, and MRO industries for over 75 years",Drill Bit Size (Inch): 1/2; Drill Bit Size (Decimal Inch): 0.5000; Drill Bit Material: HSS; Drill Point Angle (Degrees): 118; Coating/Finish: Oxide; Flute Type: Regular Spiral; Cutting Direction: Right Hand; Point Type: Standard; Primary Workpiece Material: Cast Iron; Steel; Coolant Through: No; Number of Flutes: 2; Flute Length (mm): 114.30; Flute Length (Decimal Inch): 4.5000; Flute Length (Inch): 4-1/2; Shank Diameter (Decimal Inch): 0.5000; Overall Length (mm): 152.40; Overall Length (Inch): 6; Spiral Type: Regular; Overall Length (Decimal Inch): 6.0000; Shank Diameter (Inch): 1/2; Maximum Drilling Depth (Decimal Inch): 1.0000; Web Thinning: Web-Thinned; Web Configuration: Tapered; Shank Type: Straight; Drill Bit Grade: General Purpose; Drill Bit Size Range (Decimal Inch): 0.5000 - 0.6500; Country of Origin: UNITED STATES,https://cdn.mscdirect.com/global/images/ProductImages/7120591-24.jpg,https://www.mscdirect.com/product/details/71205918
"Jobber Length Drill Bit: 3/8"" (0.3750) Dia, 118 deg, HSS",Hertel,71205835,71205835,$39.06 /pack of 6,In Stock,"Find Jobber Length Drill Bit: 3/8"" (0.3750) Dia, 118 deg, HSS at MSC Industrial Supply, serving the metalworking, safety, and MRO industries for over 75 years",Drill Bit Size (Inch): 3/8; Drill Bit Size (Decimal Inch): 0.3750; Drill Bit Material: HSS; Drill Point Angle (Degrees): 118; Coating/Finish: Oxide; Flute Type: Regular Spiral; Cutting Direction: Right Hand; Point Type: Standard; Primary Workpiece Material: Cast Iron; Steel; Coolant Through: No; Number of Flutes: 2; Flute Length (mm): 92.08; Flute Length (Decimal Inch): 3.6250; Flute Length (Inch): 3-5/8; Shank Diameter (Decimal Inch): 0.3750; Overall Length (mm): 127.00; Overall Length (Inch): 5; Spiral Type: Regular; Overall Length (Decimal Inch): 5.0000; Shank Diameter (Inch): 3/8; Maximum Drilling Depth (Decimal Inch): 1.4375; Web Thinning: Web-Thinned; Web Configuration: Tapered; Shank Type: Straight; Drill Bit Grade: General Purpose; Drill Bit Size Range (Decimal Inch): 0.3500 - 0.4000; Country of Origin: UNITED STATES,https://cdn.mscdirect.com/global/images/ProductImages/7120583-24.jpg,https://www.mscdirect.com/product/details/71205835
"Jobber Length Drill Bit: 1/4"" (0.2500) Dia, 135 deg, Cobalt",Hertel,04138319,04138319,$5.76 /each,In Stock,"Find Jobber Length Drill Bit: 1/4"" (0.2500) Dia, 135 deg, Cobalt at MSC Industrial Supply, serving the metalworking, safety, and MRO industries for over 75 years",Drill Bit Size (Inch): 1/4; Drill Bit Size (Letter): E; Drill Bit Size (Decimal Inch): 0.2500; Drill Bit Material: Cobalt; Drill Point Angle (Degrees): 135; Coating/Finish: Straw; Flute Type: Regular Spiral; Cutting Direction: Right Hand; Point Type: Split Point; Primary Workpiece Material: Stainless Steel; Hardened Materials; Coolant Through: No; Flute Length (mm): 69.85; Flute Length (Decimal Inch): 2.7500; Flute Length (Inch): 2-3/4; Shank Diameter (Decimal Inch): 0.2500; Overall Length (mm): 101.60; Overall Length (Inch): 4; Spiral Type: Regular; Overall Length (Decimal Inch): 4.0000; Proprietary Coating/Finish: Oxide;TiN; Series: Jobber; Tool Application: Holemaking; Shank Diameter (Inch): 1/4; Web Thinning: Web-Thinned; Web Configuration: Tapered; Shank Type: Straight; Double Margin: No; Drill Bit Grade: Heavy Duty; Drill Bit Size Range (Decimal Inch): 0.2500 - 0.3000; Country of Origin: UNITED STATES,https://cdn.mscdirect.com/global/images/ProductImages/0413831AB-24.jpg,https://www.mscdirect.com/product/details/04138319
"Jobber Length Drill Bit: 7/16"" (0.4375) Dia, 118 deg, HSS",Hertel,71205876,71205876,$8.85 /each,In Stock,"Find Jobber Length Drill Bit: 7/16"" (0.4375) Dia, 118 deg, HSS at MSC Industrial Supply, serving the metalworking, safety, and MRO industries for over 75 years",Drill Bit Size (Inch): 7/16; Drill Bit Size (Decimal Inch): 0.4375; Drill Bit Material: HSS; Drill Point Angle (Degrees): 118; Coating/Finish: Oxide; Flute Type: Regular Spiral; Cutting Direction: Right Hand; Point Type: Standard; Primary Workpiece Material: Cast Iron; Steel; Coolant Through: No; Number of Flutes: 2; Flute Length (mm): 103.19; Flute Length (Decimal Inch): 4.0625; Flute Length (Inch): 4-1/16; Shank Diameter (Decimal Inch): 0.4375; Overall Length (mm): 139.70; Overall Length (Inch): 5-1/2; Spiral Type: Regular; Overall Length (Decimal Inch): 5.5000; Shank Diameter (Inch): 7/16; Maximum Drilling Depth (Decimal Inch): 1.1250; Web Thinning: Web-Thinned; Web Configuration: Tapered; Shank Type: Straight; Drill Bit Grade: General Purpose; Drill Bit Size Range (Decimal Inch): 0.4000 - 0.5000; Country of Origin: UNITED STATES,https://cdn.mscdirect.com/global/images/ProductImages/7120587-24.jpg,https://www.mscdirect.com/product/details/71205876
"Jobber Length Drill Bit: 3/16"" (0.1875) Dia, 135 deg, Cobalt",Hertel,04138277,04138277,$4.17 /each,In Stock,"Find Jobber Length Drill Bit: 3/16"" (0.1875) Dia, 135 deg, Cobalt at MSC Industrial Supply, serving the metalworking, safety, and MRO industries for over 75 years",Drill Bit Size (Inch): 3/16; Drill Bit Size (Decimal Inch): 0.1875; Drill Bit Material: Cobalt; Drill Point Angle (Degrees): 135; Coating/Finish: Straw; Flute Type: Regular Spiral; Cutting Direction: Right Hand; Point Type: Split Point; Primary Workpiece Material: Stainless Steel; Hardened Materials; Coolant Through: No; Flute Length (mm): 58.74; Flute Length (Decimal Inch): 2.3125; Flute Length (Inch): 2-5/16; Shank Diameter (Decimal Inch): 0.1875; Overall Length (mm): 88.90; Overall Length (Inch): 3-1/2; Spiral Type: Regular; Overall Length (Decimal Inch): 3.5000; Proprietary Coating/Finish: Oxide;TiN; Series: Jobber; Tool Application: Holemaking; Shank Diameter (Inch): 3/16; Web Thinning: Web-Thinned; Web Configuration: Tapered; Shank Type: Straight; Double Margin: No; Drill Bit Grade: Heavy Duty; Drill Bit Size Range (Decimal Inch): 0.1500 - 0.2000; Country of Origin: VARIOUS,https://cdn.mscdirect.com/global/images/ProductImages/0413827-24.jpg,https://www.mscdirect.com/product/details/04138277
"Jobber Length Drill Bit: 5/8"" (0.6250) Dia, 135 deg, Cobalt",Hertel,43481381,42054,$35.73 /each,In Stock,"Find Jobber Length Drill Bit: 5/8"" (0.6250) Dia, 135 deg, Cobalt at MSC Industrial Supply, serving the metalworking, safety, and MRO industries for over 75 years",Drill Bit Size (Inch): 5/8; Drill Bit Size (Decimal Inch): 0.6250; Drill Bit Material: Cobalt; Drill Point Angle (Degrees): 135; Coating/Finish: Straw; Flute Type: Regular Spiral; Cutting Direction: Right Hand; Point Type: Split Point; Primary Workpiece Material: Steel; Coolant Through: No; Number of Flutes: 2; Flute Length (mm): 131.76; Flute Length (Decimal Inch): 5.1875; Flute Length (Inch): 5-3/16; Overall Length (mm): 180.98; Overall Length (Inch): 7-1/8; Spiral Type: Regular; Overall Length (Decimal Inch): 7.1250; Proprietary Coating/Finish: Oxide;TiN; Flute By Diameter Ratio: 5xD; Shank Type: Straight; Drill Bit Grade: Heavy Duty; Drill Bit Size Range (Decimal Inch): 0.5000 - 0.6500; Country of Origin: Spain,https://cdn.mscdirect.com/global/images/ProductImages/4348138-24.jpg,https://www.mscdirect.com/product/details/43481381
"Jobber Length Drill Bit: Letter F (0.2570) Dia, 118 deg, HSS",Hertel,71205975,71205975,$3.40 /each,In Stock,"Find Jobber Length Drill Bit: Letter F (0.2570) Dia, 118 deg, HSS at MSC Industrial Supply, serving the metalworking, safety, and MRO industries for over 75 years",Drill Bit Size (Letter): F; Drill Bit Size (Decimal Inch): 0.2570; Drill Bit Material: HSS; Drill Point Angle (Degrees): 118; Coating/Finish: Oxide; Flute Type: Regular Spiral; Cutting Direction: Right Hand; Point Type: Standard; Primary Workpiece Material: Cast Iron; Steel; Coolant Through: No; Number of Flutes: 2; Flute Length (mm): 73.03; Flute Length (Decimal Inch): 2.8750; Flute Length (Inch): 2-7/8; Shank Diameter (Decimal Inch): 0.2500; Overall Length (mm): 104.78; Overall Length (Inch): 4-1/8; Spiral Type: Regular; Overall Length (Decimal Inch): 4.1250; Maximum Drilling Depth (Decimal Inch): 3.6250; Web Thinning: Web-Thinned; Web Configuration: Tapered; Shank Type: Straight; Drill Bit Grade: General Purpose; Drill Bit Size Range (Decimal Inch): 0.2500 - 0.3000; Country of Origin: VARIOUS,https://cdn.mscdirect.com/global/images/ProductImages/7120597-24.jpg,https://www.mscdirect.com/product/details/71205975
"Jobber Length Drill Bit: 9/32"" (0.2812) Dia, 118 deg, HSS",Hertel,71205777,71205777,$3.56 /each,In Stock,"Find Jobber Length Drill Bit: 9/32"" (0.2812) Dia, 118 deg, HSS at MSC Industrial Supply, serving the metalworking, safety, and MRO industries for over 75 years",Drill Bit Size (Inch): 9/32; Drill Bit Size (Decimal Inch): 0.2812; Drill Bit Material: HSS; Drill Point Angle (Degrees): 118; Coating/Finish: Oxide; Flute Type: Regular Spiral; Cutting Direction: Right Hand; Point Type: Standard; Primary Workpiece Material: Cast Iron; Steel; Coolant Through: No; Number of Flutes: 2; Flute Length (mm): 74.61; Flute Length (Decimal Inch): 2.9375; Flute Length (Inch): 2-15/16; Shank Diameter (Decimal Inch): 0.2813; Overall Length (mm): 107.95; Overall Length (Inch): 4-1/4; Spiral Type: Regular; Overall Length (Decimal Inch): 4.2500; Shank Diameter (Inch): 9/32; Maximum Drilling Depth (Decimal Inch): 1.7500; Web Thinning: Web-Thinned; Web Configuration: Tapered; Shank Type: Straight; Drill Bit Grade: General Purpose; Drill Bit Size Range (Decimal Inch): 0.2500 - 0.3000; Country of Origin: UNITED STATES,https://cdn.mscdirect.com/global/images/ProductImages/7120577-24.jpg,https://www.mscdirect.com/product/details/71205777
"Jobber Length Drill Bit: 1/8"" (0.1250) Dia, 135 deg, Cobalt",Hertel,04138236,04138236,$36.36 /pack of 12,In Stock,"Find Jobber Length Drill Bit: 1/8"" (0.1250) Dia, 135 deg, Cobalt at MSC Industrial Supply, serving the metalworking, safety, and MRO industries for over 75 years",Drill Bit Size (Inch): 1/8; Drill Bit Size (Decimal Inch): 0.1250; Drill Bit Material: Cobalt; Drill Point Angle (Degrees): 135; Coating/Finish: Straw; Flute Type: Regular Spiral; Cutting Direction: Right Hand; Point Type: Split Point; Primary Workpiece Material: Stainless Steel; Hardened Materials; Coolant Through: No; Flute Length (mm): 41.28; Flute Length (Decimal Inch): 1.6250; Flute Length (Inch): 1-5/8; Shank Diameter (Decimal Inch): 0.1250; Overall Length (mm): 69.85; Overall Length (Inch): 2-3/4; Spiral Type: Regular; Overall Length (Decimal Inch): 2.7500; Proprietary Coating/Finish: Oxide;TiN; Series: Jobber; Tool Application: Holemaking; Shank Diameter (Inch): 1/8; Web Thinning: Web-Thinned; Web Configuration: Tapered; Shank Type: Straight; Double Margin: No; Drill Bit Grade: Heavy Duty; Drill Bit Size Range (Decimal Inch): 0.1000 - 0.1500; Country of Origin: UNITED STATES,https://cdn.mscdirect.com/global/images/ProductImages/0413823-24.jpg,https://www.mscdirect.com/product/details/04138236
"Jobber Length Drill Bit: 5/16"" (0.3125) Dia, 135 deg, Cobalt",Hertel,04138350,04138350,$8.98 /each,In Stock,"Find Jobber Length Drill Bit: 5/16"" (0.3125) Dia, 135 deg, Cobalt at MSC Industrial Supply, serving the metalworking, safety, and MRO industries for over 75 years",Drill Bit Size (Inch): 5/16; Drill Bit Size (Decimal Inch): 0.3125; Drill Bit Material: Cobalt; Drill Point Angle (Degrees): 135; Coating/Finish: Straw; Flute Type: Regular Spiral; Cutting Direction: Right Hand; Point Type: Split Point; Primary Workpiece Material: Stainless Steel; Hardened Materials; Coolant Through: No; Flute Length (mm): 80.96; Flute Length (Decimal Inch): 3.1875; Flute Length (Inch): 3-3/16; Shank Diameter (Decimal Inch): 0.3125; Overall Length (mm): 114.30; Overall Length (Inch): 4-1/2; Spiral Type: Regular; Overall Length (Decimal Inch): 4.5000; Proprietary Coating/Finish: Oxide;TiN; Series: Jobber; Tool Application: Holemaking; Shank Diameter (Inch): 5/16; Web Thinning: Web-Thinned; Web Configuration: Tapered; Shank Type: Straight; Double Margin: No; Drill Bit Grade: Heavy Duty; Drill Bit Size Range (Decimal Inch): 0.3000 - 0.3500; Country of Origin: UNITED STATES,https://cdn.mscdirect.com/global/images/ProductImages/0413835-24.jpg,https://www.mscdirect.com/product/details/04138350
"Jobber Length Drill Bit: 13/32"" (0.4062) Dia, 118 deg, HSS",Hertel,71205850,71205850,$7.71 /each,In Stock,"Find Jobber Length Drill Bit: 13/32"" (0.4062) Dia, 118 deg, HSS at MSC Industrial Supply, serving the metalworking, safety, and MRO industries for over 75 years",Drill Bit Size (Inch): 13/32; Drill Bit Size (Decimal Inch): 0.4062; Drill Bit Material: HSS; Drill Point Angle (Degrees): 118; Coating/Finish: Oxide; Flute Type: Regular Spiral; Cutting Direction: Right Hand; Point Type: Standard; Primary Workpiece Material: Cast Iron; Steel; Coolant Through: No; Number of Flutes: 2; Flute Length (mm): 98.43; Flute Length (Decimal Inch): 3.8750; Flute Length (Inch): 3-7/8; Shank Diameter (Decimal Inch): 0.4063; Overall Length (mm): 133.35; Overall Length (Inch): 5-1/4; Spiral Type: Regular; Overall Length (Decimal Inch): 5.2500; Shank Diameter (Inch): 13/32; Maximum Drilling Depth (Decimal Inch): 1.3750; Web Thinning: Web-Thinned; Web Configuration: Tapered; Shank Type: Straight; Drill Bit Grade: General Purpose; Drill Bit Size Range (Decimal Inch): 0.4000 - 0.5000; Country of Origin: UNITED STATES,https://cdn.mscdirect.com/global/images/ProductImages/7120585-24.jpg,https://www.mscdirect.com/product/details/71205850
"Jobber Length Drill Bit: 5/32"" (0.1562) Dia, 118 deg, HSS",Hertel,71205694,71205694,$28.20 /pack of 12,In Stock,"Find Jobber Length Drill Bit: 5/32"" (0.1562) Dia, 118 deg, HSS at MSC Industrial Supply, serving the metalworking, safety, and MRO industries for over 75 years",Drill Bit Size (Inch): 5/32; Drill Bit Size (Decimal Inch): 0.1562; Drill Bit Material: HSS; Drill Point Angle (Degrees): 118; Coating/Finish: Oxide; Flute Type: Regular Spiral; Cutting Direction: Right Hand; Point Type: Standard; Primary Workpiece Material: Cast Iron; Steel; Coolant Through: No; Number of Flutes: 2; Flute Length (mm): 50.80; Flute Length (Decimal Inch): 2.0000; Flute Length (Inch): 2; Shank Diameter (Decimal Inch): 0.1563; Overall Length (mm): 79.38; Overall Length (Inch): 3-1/8; Spiral Type: Regular; Overall Length (Decimal Inch): 3.1250; Shank Diameter (Inch): 5/32; Maximum Drilling Depth (Decimal Inch): 2.1250; Web Thinning: Web-Thinned; Web Configuration: Tapered; Shank Type: Straight; Drill Bit Grade: General Purpose; Drill Bit Size Range (Decimal Inch): 0.1500 - 0.2000; Country of Origin: UNITED STATES,https://cdn.mscdirect.com/global/images/ProductImages/7120569-24.jpg,https://www.mscdirect.com/product/details/71205694
"Jobber Length Drill Bit: 3/8"" (0.3750) Dia, 135 deg, HSS",Hertel,84579259,300SB 3/8,$9.23 /each,In Stock,"Find Jobber Length Drill Bit: 3/8"" (0.3750) Dia, 135 deg, HSS at MSC Industrial Supply, serving the metalworking, safety, and MRO industries for over 75 years",Drill Bit Size (Inch): 3/8; Drill Bit Size (Decimal Inch): 0.3750; Drill Bit Material: HSS; Drill Point Angle (Degrees): 135; Coating/Finish: Oxide; Flute Type: Regular Spiral; Cutting Direction: Right Hand; Point Type: Split Point; Primary Workpiece Material: Cast Iron; Steel; Coolant Through: No; Number of Flutes: 2; Flute Length (mm): 92.08; Flute Length (Decimal Inch): 3.6250; Flute Length (Inch): 3-5/8; Shank Diameter (Decimal Inch): 0.3750; Overall Length (mm): 127.00; Overall Length (Inch): 5; Spiral Type: Regular; Overall Length (Decimal Inch): 5.0000; Series: Jobber; Tool Application: Holemaking; Shank Diameter (Inch): 3/8; Web Thinning: Web-Thinned; Web Configuration: Tapered; Shank Type: Straight; Double Margin: No; Drill Bit Grade: Heavy Duty; Drill Bit Size Range (Decimal Inch): 0.3500 - 0.4000; Specification Designation: NAS; Country of Origin: VARIOUS,https://cdn.mscdirect.com/global/images/ProductImages/8457925-24.jpg,https://www.mscdirect.com/product/details/84579259
"Jobber Length Drill Bit: 13/64"" (0.2031) Dia, 118 deg, HSS",Hertel,71205728,71205728,$29.16 /pack of 12,In Stock,"Find Jobber Length Drill Bit: 13/64"" (0.2031) Dia, 118 deg, HSS at MSC Industrial Supply, serving the metalworking, safety, and MRO industries for over 75 years",Drill Bit Size (Inch): 13/64; Drill Bit Size (Decimal Inch): 0.2031; Drill Bit Material: HSS; Drill Point Angle (Degrees): 118; Coating/Finish: Oxide; Flute Type: Regular Spiral; Cutting Direction: Right Hand; Point Type: Standard; Primary Workpiece Material: Cast Iron; Steel; Coolant Through: No; Number of Flutes: 2; Flute Length (mm): 61.91; Flute Length (Decimal Inch): 2.4375; Flute Length (Inch): 2-7/16; Shank Diameter (Decimal Inch): 0.2031; Overall Length (mm): 92.08; Overall Length (Inch): 3-5/8; Spiral Type: Regular; Overall Length (Decimal Inch): 3.6250; Shank Diameter (Inch): 13/64; Maximum Drilling Depth (Decimal Inch): 2.0000; Web Thinning: Web-Thinned; Web Configuration: Tapered; Shank Type: Straight; Drill Bit Grade: General Purpose; Drill Bit Size Range (Decimal Inch): 0.2000 - 0.2500; Country of Origin: UNITED STATES,https://cdn.mscdirect.com/global/images/ProductImages/7120572-24.jpg,https://www.mscdirect.com/product/details/71205728
