name,license,position,office,cell,work_phone,direct_line,office_phone,email,website,address,profile_url,image_url
Therese Drakeley Smith,0671321,Realtor®,Berkshire Hathaway HomeServices EWM Realty - Miami Beach,305-951-5071,305-674-4000,305-951-5071,305-674-4000,,https://therese.ewm.com,"419 West 41st Street Miami, FL 33140",https://www.ewm.com/agents/1776878/Therese+Drakeley+Smith,https://d2td4dobkk213c.cloudfront.net/berkshirehathawayhomeservicesewmrealty11930/profiles/11930_1776878.jpg
"Xenia Dmitrieff, P.A.",3315721,Sales Associate,Berkshire Hathaway HomeServices EWM Realty - Coral Gables,917-822-4240,305-960-2400,917-822-4240,305-960-2400,,https://xenia.ewm.com,"550 South Dixie Highway Miami, FL 33146",https://www.ewm.com/agents/1785606/Xenia+Dmitrieff%2C+P.A.,https://d2td4dobkk213c.cloudfront.net/berkshirehathawayhomeservicesewmrealty11930/profiles/11930_1785606.jpg
Anakarina Tineo,3644726,Sales Associate,Berkshire Hathaway HomeServices EWM Realty - Miami Beach,305-775-5498,305-674-4000,,305-674-4000,,https://anakarina.ewm.com,"419 West 41st Street Miami, FL 33140",https://www.ewm.com/agents/2070275/Anakarina+Tineo,https://d9la9jrhv6fdd.cloudfront.net/agentimages/nophoto.jpg
Brigid Prio,3238218,Trusted Real Estate Advisor,Berkshire Hathaway HomeServices EWM Realty - Coral Gables,305-321-7335,305-960-2400,305-321-7335,305-960-2400,,https://brigidprio.ewm.com,"550 South Dixie Highway Miami, FL 33146",https://www.ewm.com/agents/1776936/Brigid+Prio,https://d2td4dobkk213c.cloudfront.net/berkshirehathawayhomeservicesewmrealty11930/profiles/11930_1776936.jpg
Lilly Paez,3664365,Sales Associate,Berkshire Hathaway HomeServices EWM Realty - Coral Gables,786-354-7919,305-960-2400,,305-960-2400,,https://lillypaez.ewm.com,"550 South Dixie Highway Miami, FL 33146",https://www.ewm.com/agents/2102554/Lilly+Paez,https://d9la9jrhv6fdd.cloudfront.net/agentimages/nophoto.jpg
"Lisa Rosen, P.A.",3126279,Realtor® Commercial & Residential Real Estate,Berkshire Hathaway HomeServices EWM Realty - Coral Gables,305-804-7797,305-960-2400,305-804-7797,305-960-2400,,https://lisarosen.ewm.com,"550 South Dixie Highway Miami, FL 33146",https://www.ewm.com/agents/1776939/Lisa+Rosen%2C+P.A.,https://d2td4dobkk213c.cloudfront.net/berkshirehathawayhomeservicesewmrealty11930/profiles/11930_1776939.jpg
Kristin Tabb,3356265,Sales Associate,Berkshire Hathaway HomeServices EWM Realty - Aventura,786-457-7277,305-329-4900,786-457-7277,305-329-4900,,https://kristintabb.ewm.com,"2750 NE 185th Street Suite 101 Miami, FL 33180",https://www.ewm.com/agents/1936396/Kristin+Tabb,https://d9la9jrhv6fdd.cloudfront.net/agentimages/nophoto.jpg
"Lina Marcela Rivera, P.A.",3259943,Sales Associate,Berkshire Hathaway HomeServices EWM Realty - Coral Gables,305-967-9601,305-960-2400,305-967-9601,305-960-2400,,https://linamarcelarivera.ewm.com,"550 South Dixie Highway Miami, FL 33146",https://www.ewm.com/agents/1777251/Lina+Marcela+Rivera%2C+P.A.,https://d2td4dobkk213c.cloudfront.net/berkshirehathawayhomeservicesewmrealty11930/profiles/11930_1777251.jpg
Serge Boucquin,3036554,Sales Associate,Berkshire Hathaway HomeServices EWM Realty - Coral Gables,305-984-6877,305-984-6877,305-984-6877,305-960-2400,,https://SergeBoucquin.ewm.com,"550 South Dixie Highway Miami, FL 33146",https://www.ewm.com/agents/1637595/Serge+Boucquin,https://d2td4dobkk213c.cloudfront.net/berkshirehathawayhomeservicesewmrealty11930/profiles/11930_1637595.jpg
Hanna Stern PA,3386770,Sales Associate,Berkshire Hathaway HomeServices EWM Realty - Miami Beach,561-779-6664,305-674-4000,,305-674-4000,,https://hannasternpa.ewm.com,"419 West 41st Street Miami, FL 33140",https://www.ewm.com/agents/2076423/Hanna+Stern+PA,https://d2td4dobkk213c.cloudfront.net/berkshirehathawayhomeservicesewmrealty11930/profiles/11930_2076423.jpg
Elsa Corbett,3167531,Broker Associate,Berkshire Hathaway HomeServices EWM Realty - Key Biscayne,305-331-5877,305-960-5350,,305-960-5350,,https://elsacorbett.ewm.com,"644 Crandon Boulevard Miami, FL 33149",https://www.ewm.com/agents/2033964/Elsa+Corbett,https://d2td4dobkk213c.cloudfront.net/berkshirehathawayhomeservicesewmrealty11930/profiles/11930_2033964.jpg
Teresita De Blank,519305,Sales Associate,Berkshire Hathaway HomeServices EWM Realty - Coral Gables,305-775-1259,305-775-1259,305-775-1259,305-960-2400,,https://TeresitaDeBlank.ewm.com,"550 South Dixie Highway Miami, FL 33146",https://www.ewm.com/agents/1637597/Teresita+De+Blank,https://d2td4dobkk213c.cloudfront.net/berkshirehathawayhomeservicesewmrealty11930/profiles/11930_1637597.jpg
Daniel Arteaga,3409312,Sales Associate,Berkshire Hathaway HomeServices EWM Realty - Aventura,,305-329-4900,305-329-4900,305-329-4900,,https://danielarteaga.ewm.com,"2750 NE 185th Street Suite 101 Miami, FL 33180",https://www.ewm.com/agents/1776697/Daniel+Arteaga,https://d9la9jrhv6fdd.cloudfront.net/agentimages/nophoto.jpg
Roberta Capua Tazzini,3215114,Sales Associate,Berkshire Hathaway HomeServices EWM Realty - Key Biscayne,786-970-3689,305-960-5350,786-970-3689,305-960-5350,,https://robertacapuatazzini.ewm.com,"644 Crandon Boulevard Miami, FL 33149",https://www.ewm.com/agents/1857004/Roberta+Capua+Tazzini,https://d2td4dobkk213c.cloudfront.net/berkshirehathawayhomeservicesewmrealty11930/profiles/11930_1857004.jpg
"Isabelle Andrews, P.A.",3042478,Sales Associate,Berkshire Hathaway HomeServices EWM Realty - Coral Gables,305-546-5421,305-546-5421,305-546-5421,305-960-2400,,https://isabelleandrews.ewm.com,"550 South Dixie Highway Miami, FL 33146",https://www.ewm.com/agents/1776992/Isabelle+Andrews%2C+P.A.,https://d2td4dobkk213c.cloudfront.net/berkshirehathawayhomeservicesewmrealty11930/profiles/11930_1776992.jpg
Anoland Infanzon,3349701,Sales Associate,Berkshire Hathaway HomeServices EWM Realty - Coral Gables,786-683-8162,305-960-2400,,305-960-2400,,https://anolandinfanzon.ewm.com,"550 South Dixie Highway Miami, FL 33146",https://www.ewm.com/agents/1777159/Anoland+Infanzon,https://d9la9jrhv6fdd.cloudfront.net/agentimages/nophoto.jpg
Conrad Clevlen,3524472,Sales Associate,Berkshire Hathaway HomeServices EWM Realty - Miami Beach,512-636-2861,561-227-0832,,305-674-4000,,https://conradlouisclevlen.ewm.com,"419 West 41st Street Miami, FL 33140",https://www.ewm.com/agents/1776921/Conrad+Clevlen,https://d2td4dobkk213c.cloudfront.net/berkshirehathawayhomeservicesewmrealty11930/profiles/11930_1776921.jpg
Jill Fitzgerald,3180215,Broker Associate,Berkshire Hathaway HomeServices EWM Realty - Coral Gables,305-333-8671,305-333-8671,305-333-8671,305-960-2400,,https://jillfitzgeraldrealestate.com,"550 South Dixie Highway Miami, FL 33146",https://www.ewm.com/agents/1776949/Jill+Fitzgerald,https://d2td4dobkk213c.cloudfront.net/berkshirehathawayhomeservicesewmrealty11930/profiles/11930_1776949.jpg
Max Cufari,3297037,Broker Associate,Berkshire Hathaway HomeServices EWM Realty - Coral Gables,786-505-4933,786-505-4933,786-505-4933,305-960-2400,,https://maxcufari.ewm.com,"550 South Dixie Highway Miami, FL 33146",https://www.ewm.com/agents/2069186/Max+Cufari,https://d2td4dobkk213c.cloudfront.net/berkshirehathawayhomeservicesewmrealty11930/profiles/11930_2069186.jpg
James Sporrer,3318289,Sales Associate,Berkshire Hathaway HomeServices EWM Realty - Coral Gables,305-992-4091,305-960-2430,305-992-4091,305-960-2400,,https://jamessporrer.ewm.com,"550 South Dixie Highway Miami, FL 33146",https://www.ewm.com/agents/1777127/James+Sporrer,https://d2td4dobkk213c.cloudfront.net/berkshirehathawayhomeservicesewmrealty11930/profiles/11930_1777127.jpg
Miriam LLarena,0487625,Sales Associate,Berkshire Hathaway HomeServices EWM Realty - Coral Gables,305-205-7388,305-205-7388,305-205-7388,305-960-2400,,https://miriamllarena.ewm.com,"550 South Dixie Highway Miami, FL 33146",https://www.ewm.com/agents/1777147/Miriam+LLarena,https://d2td4dobkk213c.cloudfront.net/berkshirehathawayhomeservicesewmrealty11930/profiles/11930_1777147.jpg
John Scholl,701729,Sales Associate,Berkshire Hathaway HomeServices EWM Realty - Coral Gables,786-423-4634,305-960-2400,786-423-4634,305-960-2400,,https://johnscholl.ewm.com,"550 South Dixie Highway Miami, FL 33146",https://www.ewm.com/agents/1777038/John+Scholl,https://d2td4dobkk213c.cloudfront.net/berkshirehathawayhomeservicesewmrealty11930/profiles/11930_1777038.jpg
Ricardo Oviedo,3314612,Sales Associate,Berkshire Hathaway HomeServices EWM Realty - Coral Gables,305-505-3052,305-960-2400,,305-960-2400,,https://ricardooviedo.ewm.com,"550 South Dixie Highway Miami, FL 33146",https://www.ewm.com/agents/1777019/Ricardo+Oviedo,https://d9la9jrhv6fdd.cloudfront.net/agentimages/nophoto.jpg
Judy Luck Jordan,3040654,Realtor®,Berkshire Hathaway HomeServices EWM Realty - Aventura,305-934-6373,305-934-6373,305-934-6373,305-329-4900,,https://judyluckjordan.ewm.com,"2750 NE 185th Street Suite 101 Miami, FL 33180",https://www.ewm.com/agents/1776690/Judy+Luck+Jordan,https://d2td4dobkk213c.cloudfront.net/berkshirehathawayhomeservicesewmrealty11930/profiles/11930_1776690.jpg
Ximena Cevallos,3556945,Sales Associate,Berkshire Hathaway HomeServices EWM Realty - Coral Gables,786-973-7531,305-960-2400,,305-960-2400,,https://ximenacevallos.ewm.com,"550 South Dixie Highway Miami, FL 33146",https://www.ewm.com/agents/1777246/Ximena+Cevallos,https://d2td4dobkk213c.cloudfront.net/berkshirehathawayhomeservicesewmrealty11930/profiles/11930_1777246.jpg
Kathleen Davis,3054961,Sales Associate,Berkshire Hathaway HomeServices EWM Realty - Aventura,954-263-5094,954-306-7400,954-263-5094,305-329-4900,,https://kathleendavis.ewm.com,"2750 NE 185th Street Suite 101 Miami, FL 33180",https://www.ewm.com/agents/1777232/Kathleen+Davis,https://d9la9jrhv6fdd.cloudfront.net/agentimages/nophoto.jpg
Lindsey Brown,3188590,Real Estate Advisor,Berkshire Hathaway HomeServices EWM Realty - Coral Gables,305-494-3398,305-960-2415,,305-960-2400,,https://lindsey.ewm.com,"550 South Dixie Highway Miami, FL 33146",https://www.ewm.com/agents/1777004/Lindsey+Brown,https://d2td4dobkk213c.cloudfront.net/berkshirehathawayhomeservicesewmrealty11930/profiles/11930_1777004.jpg
"Jeffrey M. Burns, P.A.",3326261,Sales Associate,Berkshire Hathaway HomeServices EWM Realty - Coral Gables,305-389-8333,305-960-2400,305-389-8333,305-960-2400,,https://jeffreyburns.ewm.com,"550 South Dixie Highway Miami, FL 33146",https://www.ewm.com/agents/1777110/Jeffrey+M.+Burns%2C+P.A.,https://d2td4dobkk213c.cloudfront.net/berkshirehathawayhomeservicesewmrealty11930/profiles/11930_1777110.jpg
Maria Elena Villamil,,Sales Associate,Berkshire Hathaway HomeServices EWM Realty - Coral Gables,305-801-9618,305-960-2400,305-801-9618,305-960-2400,,https://mariaelenavillamil.ewm.com,"550 South Dixie Highway Miami, FL 33146",https://www.ewm.com/agents/2094141/Maria+Elena+Villamil,https://d9la9jrhv6fdd.cloudfront.net/agentimages/nophoto.jpg
Sandra S. Borgonovo,3280809,Sales Associate,Berkshire Hathaway HomeServices EWM Realty - Key Biscayne,786-486-0610,305-361-5600,786-486-0610,305-960-5350,,https://sandraborgonovo.ewm.com,"644 Crandon Boulevard Miami, FL 33149",https://www.ewm.com/agents/1776777/Sandra+S.+Borgonovo,https://d9la9jrhv6fdd.cloudfront.net/agentimages/nophoto.jpg
Henry Pedroso MBA,3158437,Broker Associate / Private Client Advisory / PSOC RSOC,Berkshire Hathaway HomeServices EWM Realty - Coral Gables,305-282-1763,305-282-1763,305-282-1763,305-960-2400,,https://henrypedrosomba.ewm.com,"550 South Dixie Highway Miami, FL 33146",https://www.ewm.com/agents/1637495/Henry+Pedroso+MBA,https://d2td4dobkk213c.cloudfront.net/berkshirehathawayhomeservicesewmrealty11930/profiles/11930_1637495.jpg
"Jeannie Montes de Oca, P.A.",3031590,Real Estate Advisor,Berkshire Hathaway HomeServices EWM Realty - Coral Gables,305-965-9242,305-965-9242,305-965-9242,305-960-2400,,https://jeanniemontesdeoca.ewm.com,"550 South Dixie Highway Miami, FL 33146",https://www.ewm.com/agents/1776947/Jeannie+Montes+de+Oca%2C+P.A.,https://d2td4dobkk213c.cloudfront.net/berkshirehathawayhomeservicesewmrealty11930/profiles/11930_1776947.jpg
Cristian Gonzalez Black,0669932,Sales Associate,Berkshire Hathaway HomeServices EWM Realty - Key Biscayne,305-775-3426,305-960-5350,305-775-3426,305-960-5350,,https://cristiangonzalezblack.ewm.com,"644 Crandon Boulevard Miami, FL 33149",https://www.ewm.com/agents/1776828/Cristian+Gonzalez+Black,https://d2td4dobkk213c.cloudfront.net/berkshirehathawayhomeservicesewmrealty11930/profiles/11930_1776828.jpg
Ingo Viehweg,3437648,Sales Associate,Berkshire Hathaway HomeServices EWM Realty - Key Biscayne,305-342-9505,305-361-5600,305-342-9505,305-960-5350,,https://ingoviehweg.ewm.com,"644 Crandon Boulevard Miami, FL 33149",https://www.ewm.com/agents/1776813/Ingo+Viehweg,https://d9la9jrhv6fdd.cloudfront.net/agentimages/nophoto.jpg
Natalia Gallego,3241214,Broker Associate,Berkshire Hathaway HomeServices EWM Realty - Aventura,305-431-6489,305-329-4900,305-431-6489,305-329-4900,,https://natalia-gallego.ewm.com,"2750 NE 185th Street Suite 101 Miami, FL 33180",https://www.ewm.com/agents/1776714/Natalia+Gallego,https://d2td4dobkk213c.cloudfront.net/berkshirehathawayhomeservicesewmrealty11930/profiles/11930_1776714.jpg
"Vanessa Portnoy, P.A.",3293729,Sales Associate,Berkshire Hathaway HomeServices EWM Realty - Aventura,954-297-6537,305-329-4900,954-297-6537,305-329-4900,,https://vanessaportnoypa.ewm.com,"2750 NE 185th Street Suite 101 Miami, FL 33180",https://www.ewm.com/agents/1776742/Vanessa+Portnoy%2C+P.A.,https://d2td4dobkk213c.cloudfront.net/berkshirehathawayhomeservicesewmrealty11930/profiles/11930_1776742.jpg
Philip Poster,3562989,Sales Associate,Berkshire Hathaway HomeServices EWM Realty - Aventura,917-657-3580,305-329-4900,,305-329-4900,,https://philipposter.ewm.com,"2750 NE 185th Street Suite 101 Miami, FL 33180",https://www.ewm.com/agents/1776708/Philip+Poster,https://d2td4dobkk213c.cloudfront.net/berkshirehathawayhomeservicesewmrealty11930/profiles/11930_1776708.jpg
Lina Maria De Ona,3346611,Sales Associate,Berkshire Hathaway HomeServices EWM Realty - Coral Gables,305-903-1213,305-960-2400,305-903-1213,305-960-2400,,https://linado.ewm.com,"550 South Dixie Highway Miami, FL 33146",https://www.ewm.com/agents/1777028/Lina+Maria+De+Ona,https://d9la9jrhv6fdd.cloudfront.net/agentimages/nophoto.jpg
Brenda Vemich,3281218,Broker Associate,Berkshire Hathaway HomeServices EWM Realty - Miami Beach,,646-436-3074,,305-674-4000,,https://brendavemich.ewm.com,"419 West 41st Street Miami, FL 33140",https://www.ewm.com/agents/1776907/Brenda+Vemich,https://d2td4dobkk213c.cloudfront.net/berkshirehathawayhomeservicesewmrealty11930/profiles/11930_1776907.jpg
Arlene Valdes-Martinez,3176458,Sales Associate,Berkshire Hathaway HomeServices EWM Realty - Coral Gables,305-726-7303,305-960-2400,,305-960-2400,,https://arlenevaldesmartinez.ewm.com,"550 South Dixie Highway Miami, FL 33146",https://www.ewm.com/agents/2052244/Arlene+Valdes-Martinez,https://d9la9jrhv6fdd.cloudfront.net/agentimages/nophoto.jpg
Kaitlyn Theis,3600562,Sales Associate,Berkshire Hathaway HomeServices EWM Realty - Miami Beach,954-401-2738,305-674-4000,,305-674-4000,,https://kaitlyntheis.ewm.com,"419 West 41st Street Miami, FL 33140",https://www.ewm.com/agents/1799338/Kaitlyn+Theis,https://d9la9jrhv6fdd.cloudfront.net/agentimages/nophoto.jpg
Meg Del Valle,3049465,Sales Associate,Berkshire Hathaway HomeServices EWM Realty - Coral Gables,305-753-2325,305-960-2400,305-753-2325,305-960-2400,,https://megdelvalle.ewm.com,"550 South Dixie Highway Miami, FL 33146",https://www.ewm.com/agents/1777030/Meg+Del+Valle,https://d2td4dobkk213c.cloudfront.net/berkshirehathawayhomeservicesewmrealty11930/profiles/11930_1777030.jpg
Lucrecia Quarti,3528285,Sales Associate,Berkshire Hathaway HomeServices EWM Realty - Key Biscayne,305-781-2821,305-960-5350,,305-960-5350,,https://lucreciaquarti.ewm.com,"644 Crandon Boulevard Miami, FL 33149",https://www.ewm.com/agents/1776840/Lucrecia+Quarti,https://d2td4dobkk213c.cloudfront.net/berkshirehathawayhomeservicesewmrealty11930/profiles/11930_1776840.jpg
Roberto Ledesma-Durand,20001111,Sales Associate,Berkshire Hathaway HomeServices EWM Realty - Key Biscayne,561-212-0139,954-306-7400,561-212-0139,305-960-5350,,https://robertoledesmadurand.ewm.com,"644 Crandon Boulevard Miami, FL 33149",https://www.ewm.com/agents/1776845/Roberto+Ledesma-Durand,https://d2td4dobkk213c.cloudfront.net/berkshirehathawayhomeservicesewmrealty11930/profiles/11930_1776845.jpg
Aynsley Wolters,3490760,Sales Associate,Berkshire Hathaway HomeServices EWM Realty - Aventura,754-300-7805,754-300-7805,754-300-7805,305-329-4900,,https://sellwithaynsley.ewm.com,"2750 NE 185th Street Suite 101 Miami, FL 33180",https://www.ewm.com/agents/1777226/Aynsley+Wolters,https://d2td4dobkk213c.cloudfront.net/berkshirehathawayhomeservicesewmrealty11930/profiles/11930_1777226.jpg
Caridad (Cary) Avila,3098947,Sales Associate,Berkshire Hathaway HomeServices EWM Realty - Coral Gables,305-778-6943,305-960-2400,305-778-6943,305-960-2400,,https://caryavila.ewm.com,"550 South Dixie Highway Miami, FL 33146",https://www.ewm.com/agents/1776981/Caridad+%28Cary%29+Avila,https://d2td4dobkk213c.cloudfront.net/berkshirehathawayhomeservicesewmrealty11930/profiles/11930_1776981.jpg
Carlos Flores,3430555,Sales Associate,Berkshire Hathaway HomeServices EWM Realty - Coral Gables,305-761-9812,305-960-2400,305-761-9812,305-960-2400,,https://carlosflores.ewm.com,"550 South Dixie Highway Miami, FL 33146",https://www.ewm.com/agents/1777122/Carlos+Flores,https://d2td4dobkk213c.cloudfront.net/berkshirehathawayhomeservicesewmrealty11930/profiles/11930_1777122.jpg
Richard Wieder,3071072,Sales Associate,Berkshire Hathaway HomeServices EWM Realty - Coral Gables,305-979-0370,305-960-2400,305-979-0370,305-960-2400,,https://rickw.ewm.com,"550 South Dixie Highway Miami, FL 33146",https://www.ewm.com/agents/1777134/Richard+Wieder,https://d9la9jrhv6fdd.cloudfront.net/agentimages/nophoto.jpg
Lianet Casanas Feijos,,Sales Associate,Berkshire Hathaway HomeServices EWM Realty - Coral Gables,917-922-5553,305-774-5889,917-922-5553,305-960-2400,,https://lianetcasanasfeijas.ewm.com,"550 South Dixie Highway Miami, FL 33146",https://www.ewm.com/agents/1959385/Lianet+Casanas+Feijos,https://d2td4dobkk213c.cloudfront.net/berkshirehathawayhomeservicesewmrealty11930/profiles/11930_1959385.jpg
Yendry Suarez,3504114,Sales Associate,Berkshire Hathaway HomeServices EWM Realty - Key Biscayne,786-623-8798,305-960-5350,,305-960-5350,,https://yendrysuarez.ewm.com,"644 Crandon Boulevard Miami, FL 33149",https://www.ewm.com/agents/2065488/Yendry+Suarez,https://d9la9jrhv6fdd.cloudfront.net/agentimages/nophoto.jpg
Claudia Bacelar,3013905,Licensed Real Estate Salesperson,Berkshire Hathaway HomeServices EWM Realty - Coral Gables,305-244-7644,305-960-2400,305-244-7644,305-960-2400,,https://claudiabacelar.ewm.com,"550 South Dixie Highway Miami, FL 33146",https://www.ewm.com/agents/1776982/Claudia+Bacelar,https://d2td4dobkk213c.cloudfront.net/berkshirehathawayhomeservicesewmrealty11930/profiles/11930_1776982.jpg
Samuel Eady,3519590,Sales Associate,Berkshire Hathaway HomeServices EWM Realty - Coral Gables,551-206-7610,305-960-2400,305-960-2400,305-960-2400,,https://samueleady.ewm.com,"550 South Dixie Highway Miami, FL 33146",https://www.ewm.com/agents/1777105/Samuel+Eady,https://d2td4dobkk213c.cloudfront.net/berkshirehathawayhomeservicesewmrealty11930/profiles/11930_1777105.jpg
Josh Mesa,,AGENT SUCCESS STRATEGIST,Berkshire Hathaway HomeServices EWM Realty - Coral Gables,,305-960-2400,,305-960-2500,,https://joshmesa.ewm.com,"550 South Dixie Highway Miami, FL 33146",https://www.ewm.com/agents/1813516/Josh+Mesa,https://d9la9jrhv6fdd.cloudfront.net/agentimages/nophoto.jpg
Teresita Rodriguez,,Sales Associate,Berkshire Hathaway HomeServices EWM Realty - Coral Gables,786-301-6442,786-301-6442,786-301-6442,305-960-2400,,https://terryrodriguez.ewm.com,"550 South Dixie Highway Miami, FL 33146",https://www.ewm.com/agents/1777047/Teresita+Rodriguez,https://dtzulyujzhqiu.cloudfront.net/berkshirehathawayhomeservicesewmrealty11930/profiles/1725177189_1777047.jpg
Christian Jamin,3579195,Sales Associate,Berkshire Hathaway HomeServices EWM Realty - Coral Gables,305-484-6273,305-484-6273,,305-960-2400,,https://christianjamin.ewm.com,"550 South Dixie Highway Miami, FL 33146",https://www.ewm.com/agents/1777101/Christian+Jamin,https://d2td4dobkk213c.cloudfront.net/berkshirehathawayhomeservicesewmrealty11930/profiles/11930_1777101.jpg
Jennifer Gross,3086682,Sales Associate,Berkshire Hathaway HomeServices EWM Realty - Coral Gables,305-720-6889,305-720-6889,305-720-6889,305-960-2400,,https://jennifergross.ewm.com,"550 South Dixie Highway Miami, FL 33146",https://www.ewm.com/agents/1777167/Jennifer+Gross,https://d2td4dobkk213c.cloudfront.net/berkshirehathawayhomeservicesewmrealty11930/profiles/11930_1777167.jpg
Carrie Doan,3054906,Associate Broker,Berkshire Hathaway HomeServices EWM Realty - Coral Gables,786-251-1002,305-960-2400,786-251-1002,305-960-2400,,https://carriedoan.ewm.com,"550 South Dixie Highway Miami, FL 33146",https://www.ewm.com/agents/1777117/Carrie+Doan,https://d2td4dobkk213c.cloudfront.net/berkshirehathawayhomeservicesewmrealty11930/profiles/11930_1777117.jpg
Carolina Valdes-Fauli,3647867,Sales Associate,Berkshire Hathaway HomeServices EWM Realty - Coral Gables,305-510-4514,305-960-2400,,305-960-2400,,https://carolinavaldesfauli.ewm.com,"550 South Dixie Highway Miami, FL 33146",https://www.ewm.com/agents/2041692/Carolina+Valdes-Fauli,https://d2td4dobkk213c.cloudfront.net/berkshirehathawayhomeservicesewmrealty11930/profiles/11930_2041692.jpg
Carolina Arellano,3280939,Sales Associate,Berkshire Hathaway HomeServices EWM Realty - Key Biscayne,305-742-5166,305-742-5166,305-742-5166,305-960-5350,,https://carolinaarellano.ewm.com,"644 Crandon Boulevard Miami, FL 33149",https://www.ewm.com/agents/1776815/Carolina+Arellano,https://d9la9jrhv6fdd.cloudfront.net/agentimages/nophoto.jpg
Alba Biondi,3228451,Sales Associate,Berkshire Hathaway HomeServices EWM Realty - Coral Gables,305-323-2595,305-960-2400,305-323-2595,305-960-2400,,https://albabiondi.ewm.com,"550 South Dixie Highway Miami, FL 33146",https://www.ewm.com/agents/1776987/Alba+Biondi,https://d2td4dobkk213c.cloudfront.net/berkshirehathawayhomeservicesewmrealty11930/profiles/11930_1776987.jpg
Rona Daniels,0572814,Broker Associate,Berkshire Hathaway HomeServices EWM Realty - Miami Beach,561-909-7333,305-674-4000,561-909-7333,305-674-4000,,https://ronadaniels.ewm.com,"419 West 41st Street Miami, FL 33140",https://www.ewm.com/agents/1776884/Rona+Daniels,https://d9la9jrhv6fdd.cloudfront.net/agentimages/nophoto.jpg
Maria Corina Betancourt,3174621,Sales Associate,Berkshire Hathaway HomeServices EWM Realty - Key Biscayne,954-665-4762,305-960-5350,954-665-4762,305-960-5350,,https://mariacorinabetancourt.ewm.com,"644 Crandon Boulevard Miami, FL 33149",https://www.ewm.com/agents/1776837/Maria+Corina+Betancourt,https://d9la9jrhv6fdd.cloudfront.net/agentimages/nophoto.jpg
Linda Fellner Lachman,3304770,Sales Associate,Berkshire Hathaway HomeServices EWM Realty - Miami Beach,954-270-3451,305-674-4000,954-270-3451,305-674-4000,,https://lindafellner.ewm.com,"419 West 41st Street Miami, FL 33140",https://www.ewm.com/agents/1809081/Linda+Fellner+Lachman,https://d2td4dobkk213c.cloudfront.net/berkshirehathawayhomeservicesewmrealty11930/profiles/11930_1809081.jpg
Elizabeth Lima,3125096,Sales Associate,Berkshire Hathaway HomeServices EWM Realty - Coral Gables,786-326-6324,786-326-6324,786-326-6324,305-960-2400,,https://ElizabethLima.ewm.com,"550 South Dixie Highway Miami, FL 33146",https://www.ewm.com/agents/1637599/Elizabeth+Lima,https://d2td4dobkk213c.cloudfront.net/berkshirehathawayhomeservicesewmrealty11930/profiles/11930_1637599.jpg
Vivian Galego-Mendez,3012886,Managing Broker,Berkshire Hathaway HomeServices EWM Realty - Key Biscayne,305-205-2626,305-361-5600,305-205-2626,305-960-5350,,https://viviangalegomendez.ewm.com,"644 Crandon Boulevard Miami, FL 33149",https://www.ewm.com/agents/1776773/Vivian+Galego-Mendez,https://d2td4dobkk213c.cloudfront.net/berkshirehathawayhomeservicesewmrealty11930/profiles/11930_1776773.jpg
Shelly Macin Buncher,0604162,Sales Associate,Berkshire Hathaway HomeServices EWM Realty - Aventura,305-785-1221,305-785-1221,305-785-1221,305-329-4900,,https://shellybuncher.ewm.com,"2750 NE 185th Street Suite 101 Miami, FL 33180",https://www.ewm.com/agents/1776702/Shelly+Macin+Buncher,https://d2td4dobkk213c.cloudfront.net/berkshirehathawayhomeservicesewmrealty11930/profiles/11930_1776702.jpg
Mali Shahbazian,3084501,Sales Associate,Berkshire Hathaway HomeServices EWM Realty - Coral Gables,305-431-5927,305-431-5927,305-431-5927,305-960-2400,,https://mali.ewm.com,"550 South Dixie Highway Miami, FL 33146",https://www.ewm.com/agents/1777086/Mali+Shahbazian,https://d2td4dobkk213c.cloudfront.net/berkshirehathawayhomeservicesewmrealty11930/profiles/11930_1777086.jpg
Christopher Zoller,0368923,Broker Associate,Berkshire Hathaway HomeServices EWM Realty - Coral Gables,305-321-3221,305-329-7779,305-321-3221,305-960-2400,,https://christopherzoller.ewm.com,"550 South Dixie Highway Miami, FL 33146",https://www.ewm.com/agents/1777141/Christopher+Zoller,https://d2td4dobkk213c.cloudfront.net/berkshirehathawayhomeservicesewmrealty11930/profiles/11930_1777141.jpg
Daniela Gonzalez Marino,3436562,Sales Associate,Berkshire Hathaway HomeServices EWM Realty - Key Biscayne,281-686-8336,305-960-5350,281-686-8336,305-960-5350,,https://danielagonzalez.ewm.com,"644 Crandon Boulevard Miami, FL 33149",https://www.ewm.com/agents/1776792/Daniela+Gonzalez+Marino,https://d2td4dobkk213c.cloudfront.net/berkshirehathawayhomeservicesewmrealty11930/profiles/11930_1776792.jpg
Rose Roderiquez,3620573,Sales Associate,Berkshire Hathaway HomeServices EWM Realty - Coral Gables,305-773-1962,305-960-2400,,305-960-2400,,https://roserod.ewm.com,"550 South Dixie Highway Miami, FL 33146",https://www.ewm.com/agents/1959845/Rose+Roderiquez,https://d9la9jrhv6fdd.cloudfront.net/agentimages/nophoto.jpg
Amy Steinhour,3556875,Sales Associate,Berkshire Hathaway HomeServices EWM Realty - Coral Gables,305-606-0857,305-960-2400,,305-960-2400,,https://amysteinhour.ewm.com,"550 South Dixie Highway Miami, FL 33146",https://www.ewm.com/agents/1777043/Amy+Steinhour,https://d2td4dobkk213c.cloudfront.net/berkshirehathawayhomeservicesewmrealty11930/profiles/11930_1777043.jpg
Jill Nieburg,604162,Sales Associate,Berkshire Hathaway HomeServices EWM Realty - Aventura,954-319-5770,305-329-4900,,305-329-4900,,https://jillnieburg.ewm.com,"2750 NE 185th Street Suite 101 Miami, FL 33180",https://www.ewm.com/agents/1776707/Jill+Nieburg,https://d9la9jrhv6fdd.cloudfront.net/agentimages/nophoto.jpg
Milagros Vazquez,3459176,Sales Associate,Berkshire Hathaway HomeServices EWM Realty - Aventura,917-992-8467,305-329-4900,917-992-8467,305-329-4900,,https://milagrosvazquez.ewm.com,"2750 NE 185th Street Suite 101 Miami, FL 33180",https://www.ewm.com/agents/1776717/Milagros+Vazquez,https://d2td4dobkk213c.cloudfront.net/berkshirehathawayhomeservicesewmrealty11930/profiles/11930_1776717.jpg
David Jimenez PA,3328339,Sales Associate,Berkshire Hathaway HomeServices EWM Realty - Coral Gables,305-842-9565,305-842-9565,305-842-9565,305-960-2400,,https://davidjimenez.ewm.com,"550 South Dixie Highway Miami, FL 33146",https://www.ewm.com/agents/1776993/David+Jimenez+PA,https://d2td4dobkk213c.cloudfront.net/berkshirehathawayhomeservicesewmrealty11930/profiles/11930_1776993.jpg
Robert Martin,3346282,SALES ASSOCIATE,Berkshire Hathaway HomeServices EWM Realty - Aventura,954-815-9436,954-815-9436,954-815-9436,305-329-4900,,https://robertmartin.ewm.com,"2750 NE 185th Street Suite 101 Miami, FL 33180",https://www.ewm.com/agents/1776744/Robert+Martin,https://d2td4dobkk213c.cloudfront.net/berkshirehathawayhomeservicesewmrealty11930/profiles/11930_1776744.jpg
Mily Soberon,3281497,Sales Associate,Berkshire Hathaway HomeServices EWM Realty - Miami Beach,786-413-7963,786-413-7963,786-413-7963,305-674-4000,,https://milysoberon.ewm.com,"419 West 41st Street Miami, FL 33140",https://www.ewm.com/agents/1776874/Mily+Soberon,https://d2td4dobkk213c.cloudfront.net/berkshirehathawayhomeservicesewmrealty11930/profiles/11930_1776874.jpg
Patricia Alvarez,3534787,Sales Associate,Berkshire Hathaway HomeServices EWM Realty - Coral Gables,786-403-1228,305-960-2400,,305-960-2400,,https://patriciaalvarez.ewm.com,"550 South Dixie Highway Miami, FL 33146",https://www.ewm.com/agents/1777280/Patricia+Alvarez,https://d2td4dobkk213c.cloudfront.net/berkshirehathawayhomeservicesewmrealty11930/profiles/11930_1777280.jpg
Christine Constantini,3537012,Sales Associate,Berkshire Hathaway HomeServices EWM Realty - Coral Gables,206-349-3963,305-960-2400,,305-960-2400,,https://christineconstantini.ewm.com,"550 South Dixie Highway Miami, FL 33146",https://www.ewm.com/agents/1777161/Christine+Constantini,https://d2td4dobkk213c.cloudfront.net/berkshirehathawayhomeservicesewmrealty11930/profiles/11930_1777161.jpg
Alysa Margulies,3657705,Sales Associate,Berkshire Hathaway HomeServices EWM Realty - Aventura,610-420-1766,305-329-4900,,305-329-4900,,https://alysamargulies.ewm.com,"2750 NE 185th Street Suite 101 Miami, FL 33180",https://www.ewm.com/agents/2099814/Alysa+Margulies,https://d9la9jrhv6fdd.cloudfront.net/agentimages/nophoto.jpg
Melanie Newman,3026163,Sales Associate,Berkshire Hathaway HomeServices EWM Realty - Aventura,305-785-0199,305-785-0199,305-785-0199,305-329-4900,,https://melanienewman.ewm.com,"2750 NE 185th Street Suite 101 Miami, FL 33180",https://www.ewm.com/agents/1776721/Melanie+Newman,https://d2td4dobkk213c.cloudfront.net/berkshirehathawayhomeservicesewmrealty11930/profiles/11930_1776721.jpg
Angela Hunte,3635179,Sales Associate,Berkshire Hathaway HomeServices EWM Realty - Aventura,404-808-3451,305-329-4900,,305-329-4900,,https://angelahunte.ewm.com,"2750 NE 185th Street Suite 101 Miami, FL 33180",https://www.ewm.com/agents/1995832/Angela+Hunte,https://d9la9jrhv6fdd.cloudfront.net/agentimages/nophoto.jpg
Daniel Villaraus,3647487,Sales Associate,Berkshire Hathaway HomeServices EWM Realty - Aventura,936-333-0015,305-329-4900,,305-329-4900,,https://danielvillaraus.ewm.com,"2750 NE 185th Street Suite 101 Miami, FL 33180",https://www.ewm.com/agents/2068451/Daniel+Villaraus,https://d9la9jrhv6fdd.cloudfront.net/agentimages/nophoto.jpg
Andrea Avaca,3407151,Sales Associate,Berkshire Hathaway HomeServices EWM Realty - Coral Gables,305-606-1986,305-960-2400,305-606-1986,305-960-2400,,https://andreaavaca.ewm.com,"550 South Dixie Highway Miami, FL 33146",https://www.ewm.com/agents/1777145/Andrea+Avaca,https://d2td4dobkk213c.cloudfront.net/berkshirehathawayhomeservicesewmrealty11930/profiles/11930_1777145.jpg
Ouidiane Bakiui,3637482,REALTOR®,Berkshire Hathaway HomeServices EWM Realty - Coral Gables,305-890-2687,305-890-2687,,305-960-2400,,https://ouidianebakiui.ewm.com,"550 South Dixie Highway Miami, FL 33146",https://www.ewm.com/agents/2011436/Ouidiane+Bakiui,https://d2td4dobkk213c.cloudfront.net/berkshirehathawayhomeservicesewmrealty11930/profiles/11930_2011436.jpg
Kelly Kliewer,3247905,Sales Associate,Berkshire Hathaway HomeServices EWM Realty - Aventura,404-956-6799,954-306-7400,,305-329-4900,,https://kellykliewer.ewm.com,"2750 NE 185th Street Suite 101 Miami, FL 33180",https://www.ewm.com/agents/1777225/Kelly+Kliewer,https://d2td4dobkk213c.cloudfront.net/berkshirehathawayhomeservicesewmrealty11930/profiles/11930_1777225.jpg
Martha Magallanes,3645547,Sales Associate,Berkshire Hathaway HomeServices EWM Realty - Key Biscayne,786-864-9499,305-960-5350,,305-960-5350,,https://marthamagallanes.ewm.com,"644 Crandon Boulevard Miami, FL 33149",https://www.ewm.com/agents/2034464/Martha+Magallanes,https://d9la9jrhv6fdd.cloudfront.net/agentimages/nophoto.jpg
Colin Berger,3615123,REALTOR® Associate,Berkshire Hathaway HomeServices EWM Realty - Aventura,954-400-0954,305-329-4900,,305-329-4900,,https://colinberger.ewm.com,"2750 NE 185th Street Suite 101 Miami, FL 33180",https://www.ewm.com/agents/1871177/Colin+Berger,https://d2td4dobkk213c.cloudfront.net/berkshirehathawayhomeservicesewmrealty11930/profiles/11930_1871177.jpg
Yohanys Ramos,3180489,Sales Associate,Berkshire Hathaway HomeServices EWM Realty - Coral Gables,305-302-2773,305-302-2773,305-302-2773,305-960-2400,,https://YohanysRamos.ewm.com,"550 South Dixie Highway Miami, FL 33146",https://www.ewm.com/agents/1637582/Yohanys+Ramos,https://d2td4dobkk213c.cloudfront.net/berkshirehathawayhomeservicesewmrealty11930/profiles/11930_1637582.jpg
Gasper Mavric,3404935,Commercial Real Estate Specialist,Berkshire Hathaway HomeServices EWM Realty - Coral Gables,305-747-3735,305-960-2400,305-747-3735,305-960-2400,,https://gaspermavric.ewm.com,"550 South Dixie Highway Miami, FL 33146",https://www.ewm.com/agents/1777274/Gasper+Mavric,https://d2td4dobkk213c.cloudfront.net/berkshirehathawayhomeservicesewmrealty11930/profiles/11930_1777274.jpg
Florencia Moni,3115662,Sales Associate,Berkshire Hathaway HomeServices EWM Realty - Key Biscayne,786-200-4867,786-200-4867,786-200-4867,305-960-5350,,https://florenciamoni.ewm.com,"644 Crandon Boulevard Miami, FL 33149",https://www.ewm.com/agents/1857003/Florencia+Moni,https://d2td4dobkk213c.cloudfront.net/berkshirehathawayhomeservicesewmrealty11930/profiles/11930_1857003.jpg
Jailene Hernandez,3631831,Sales Associate,Berkshire Hathaway HomeServices EWM Realty - Coral Gables,305-812-1835,305-960-2400,,305-960-2400,,https://jailenehernandez.ewm.com,"550 South Dixie Highway Miami, FL 33146",https://www.ewm.com/agents/1977402/Jailene+Hernandez,https://d9la9jrhv6fdd.cloudfront.net/agentimages/nophoto.jpg
Natalia Leal,3651457,Sales Associate,Berkshire Hathaway HomeServices EWM Realty - Coral Gables,786-281-1379,305-960-2400,,305-960-2400,,https://natalialeal.ewm.com,"550 South Dixie Highway Miami, FL 33146",https://www.ewm.com/agents/2053232/Natalia+Leal,https://d9la9jrhv6fdd.cloudfront.net/agentimages/nophoto.jpg
Florencia Loyola,3287110,Sales Associate,Berkshire Hathaway HomeServices EWM Realty - Key Biscayne,305-491-7090,305-960-5350,305-491-7090,305-960-5350,,https://florencialoyola.ewm.com,"644 Crandon Boulevard Miami, FL 33149",https://www.ewm.com/agents/1776859/Florencia+Loyola,https://d2td4dobkk213c.cloudfront.net/berkshirehathawayhomeservicesewmrealty11930/profiles/11930_1776859.jpg
Luis Fernandez,0593695,Associate Broker,Berkshire Hathaway HomeServices EWM Realty - Coral Gables,786-376-3161,786-376-3161,786-376-3161,305-960-2400,,https://luisfernandez.ewm.com,"550 South Dixie Highway Miami, FL 33146",https://www.ewm.com/agents/1802152/Luis+Fernandez,https://d2td4dobkk213c.cloudfront.net/berkshirehathawayhomeservicesewmrealty11930/profiles/11930_1802152.jpg
Elena Kemper,0342833,Sales Associate,Berkshire Hathaway HomeServices EWM Realty - Coral Gables,305-799-1184,305-960-2400,305-799-1184,305-960-2400,,https://elenakemper.ewm.com,"550 South Dixie Highway Miami, FL 33146",https://www.ewm.com/agents/1777096/Elena+Kemper,https://d2td4dobkk213c.cloudfront.net/berkshirehathawayhomeservicesewmrealty11930/profiles/11930_1777096.jpg
"Luisa Cabrera Mendoza, P. A.",584765,Sales Associate,Berkshire Hathaway HomeServices EWM Realty - Coral Gables,305-773-8748,305-960-5385,305-773-8748,305-960-2400,,https://luisamendoza.ewm.com,"550 South Dixie Highway Miami, FL 33146",https://www.ewm.com/agents/1776995/Luisa+Cabrera+Mendoza%2C+P.+A.,https://d2td4dobkk213c.cloudfront.net/berkshirehathawayhomeservicesewmrealty11930/profiles/11930_1776995.jpg
Paula Barreto,3257320,Sales Associate,Berkshire Hathaway HomeServices EWM Realty - Key Biscayne,305-915-6101,305-361-5600,305-915-6101,305-960-5350,,https://paula.ewm.com,"644 Crandon Boulevard Miami, FL 33149",https://www.ewm.com/agents/1776779/Paula+Barreto,https://d9la9jrhv6fdd.cloudfront.net/agentimages/nophoto.jpg
Encina Neira,3239310,Sales Associate,Berkshire Hathaway HomeServices EWM Realty - Key Biscayne,305-613-7173,305-960-5350,305-613-7173,305-960-5350,,https://encina-neira.ewm.com,"644 Crandon Boulevard Miami, FL 33149",https://www.ewm.com/agents/1808934/Encina+Neira,https://d9la9jrhv6fdd.cloudfront.net/agentimages/nophoto.jpg
Norma Luaces,,Sales Associate,Berkshire Hathaway HomeServices EWM Realty - Coral Gables,305-322-2782,305-322-2782,305-322-2782,305-960-2400,,https://normaluaces.ewm.com,"550 South Dixie Highway Miami, FL 33146",https://www.ewm.com/agents/1637604/Norma+Luaces,https://d2td4dobkk213c.cloudfront.net/berkshirehathawayhomeservicesewmrealty11930/profiles/11930_1637604.jpg
Maria De La Rosa,3485429,Sales Associate,Berkshire Hathaway HomeServices EWM Realty - Coral Gables,305-338-2784,305-960-2400,305-338-2784,305-960-2400,,https://mariadelarosa.ewm.com,"550 South Dixie Highway Miami, FL 33146",https://www.ewm.com/agents/1777056/Maria+De+La+Rosa,https://d2td4dobkk213c.cloudfront.net/berkshirehathawayhomeservicesewmrealty11930/profiles/11930_1777056.jpg
Nayla Benitez,0673434,Associate Broker,Berkshire Hathaway HomeServices EWM Realty - Coral Gables,786-853-2333,305-329-7600,786-853-2333,305-960-2400,,https://nayla.ewm.com,"550 South Dixie Highway Miami, FL 33146",https://www.ewm.com/agents/1777174/Nayla+Benitez,https://d2td4dobkk213c.cloudfront.net/berkshirehathawayhomeservicesewmrealty11930/profiles/11930_1777174.jpg
Emilio Cabrera,669976,Sales Associate,Berkshire Hathaway HomeServices EWM Realty - Coral Gables,786-301-2041,786-301-2041,786-301-2041,305-960-2400,,https://EmilioCabrera.ewm.com,"550 South Dixie Highway Miami, FL 33146",https://www.ewm.com/agents/1637594/Emilio+Cabrera,https://d2td4dobkk213c.cloudfront.net/berkshirehathawayhomeservicesewmrealty11930/profiles/11930_1637594.jpg
Vicki Restivo,3184033,Sales Associate,Berkshire Hathaway HomeServices EWM Realty - Coral Gables,305-793-1365,305-960-2400,305-793-1365,305-960-2400,,https://vickirestivo.ewm.com,"550 South Dixie Highway Miami, FL 33146",https://www.ewm.com/agents/1777084/Vicki+Restivo,https://d2td4dobkk213c.cloudfront.net/berkshirehathawayhomeservicesewmrealty11930/profiles/11930_1777084.jpg
Lori Maltz,3361486,Sales Associate,Berkshire Hathaway HomeServices EWM Realty - Aventura,305-710-9441,305-329-4900,305-710-9441,305-329-4900,,https://lorimaltz.ewm.com,"2750 NE 185th Street Suite 101 Miami, FL 33180",https://www.ewm.com/agents/1998451/Lori+Maltz,https://d9la9jrhv6fdd.cloudfront.net/agentimages/nophoto.jpg
Mariela Teresa Valdez,3278990,Sales Associate,Berkshire Hathaway HomeServices EWM Realty - Key Biscayne,305-775-5043,305-960-5350,305-775-5043,305-960-5350,,https://marielateresavaldez.ewm.com,"644 Crandon Boulevard Miami, FL 33149",https://www.ewm.com/agents/1776812/Mariela+Teresa+Valdez,https://d9la9jrhv6fdd.cloudfront.net/agentimages/nophoto.jpg
"Nicolas Jean Francois Boucher, P.A.",0697698,Sales Associate,Berkshire Hathaway HomeServices EWM Realty - Coral Gables,305-788-8035,305-960-2400,305-788-8035,305-960-2400,,https://nicolas.ewm.com,"550 South Dixie Highway Miami, FL 33146",https://www.ewm.com/agents/1777256/Nicolas+Jean+Francois+Boucher%2C+P.A.,https://d2td4dobkk213c.cloudfront.net/berkshirehathawayhomeservicesewmrealty11930/profiles/11930_1777256.jpg
Alfonso Gomez,3554302,Sales Associate,Berkshire Hathaway HomeServices EWM Realty - Key Biscayne,305-898-6769,305-361-5600,,305-960-5350,,https://alfonsogomez.ewm.com,"644 Crandon Boulevard Miami, FL 33149",https://www.ewm.com/agents/1776852/Alfonso+Gomez,https://d2td4dobkk213c.cloudfront.net/berkshirehathawayhomeservicesewmrealty11930/profiles/11930_1776852.jpg
Wendy Armstrong,606366,Sales Associate,Berkshire Hathaway HomeServices EWM Realty - Coral Gables,305-710-4383,305-960-2400,305-710-4383,305-960-2400,,https://wendyarmstrong.ewm.com,"550 South Dixie Highway Miami, FL 33146",https://www.ewm.com/agents/1776980/Wendy+Armstrong,https://d2td4dobkk213c.cloudfront.net/berkshirehathawayhomeservicesewmrealty11930/profiles/11930_1776980.jpg
Regina Estevez,,Sales Associate,Berkshire Hathaway HomeServices EWM Realty - Coral Gables,786-853-9188,786-853-9188,786-853-9188,305-960-2400,,https://ReginaEstevez.ewm.com,"550 South Dixie Highway Miami, FL 33146",https://www.ewm.com/agents/1637580/Regina+Estevez,https://d2td4dobkk213c.cloudfront.net/berkshirehathawayhomeservicesewmrealty11930/profiles/11930_1637580.jpg
Rosella Garcia Moreno,0644541,Sales Associate,Berkshire Hathaway HomeServices EWM Realty - Key Biscayne,786-201-2121,786-201-2121,,305-960-5350,,https://rosellagarciamoreno.ewm.com,"644 Crandon Boulevard Miami, FL 33149",https://www.ewm.com/agents/1776839/Rosella+Garcia+Moreno,https://d2td4dobkk213c.cloudfront.net/berkshirehathawayhomeservicesewmrealty11930/profiles/11930_1776839.jpg
Maria Kakouris Somoza,565225,Sales Associate,Berkshire Hathaway HomeServices EWM Realty - Coral Gables,305-607-5585,305-960-2400,305-607-5585,305-960-2400,,https://mariakakourissomoza.ewm.com,"550 South Dixie Highway Miami, FL 33146",https://www.ewm.com/agents/1777125/Maria+Kakouris+Somoza,https://d2td4dobkk213c.cloudfront.net/berkshirehathawayhomeservicesewmrealty11930/profiles/11930_1777125.jpg
Ivy Carneiro da Cunha,0486291,Sales Associate,Berkshire Hathaway HomeServices EWM Realty - Coral Gables,305-951-4345,305-960-2400,305-951-4345,305-960-2400,,https://ivycarneirodacunha.ewm.com,"550 South Dixie Highway Miami, FL 33146",https://www.ewm.com/agents/1779429/Ivy+Carneiro+da+Cunha,https://d9la9jrhv6fdd.cloudfront.net/agentimages/nophoto.jpg
Marilyn Borroto,3263964,Sales Associate,Berkshire Hathaway HomeServices EWM Realty - Key Biscayne,305-979-7510,305-361-5600,305-979-7510,305-960-5350,,https://marilynborroto.ewm.com,"644 Crandon Boulevard Miami, FL 33149",https://www.ewm.com/agents/1776778/Marilyn+Borroto,https://d2td4dobkk213c.cloudfront.net/berkshirehathawayhomeservicesewmrealty11930/profiles/11930_1776778.jpg
Vanessa Kayes,3311576,Sales Associate,Berkshire Hathaway HomeServices EWM Realty - Coral Gables,305-301-9297,305-301-9297,305-301-9297,305-960-2400,,https://van.ewm.com,"550 South Dixie Highway Miami, FL 33146",https://www.ewm.com/agents/1777029/Vanessa+Kayes,https://d2td4dobkk213c.cloudfront.net/berkshirehathawayhomeservicesewmrealty11930/profiles/11930_1777029.jpg
Nick Moskol,0593914,VP | Managing Broker,Berkshire Hathaway HomeServices EWM Realty - Aventura,954-404-0103,305-329-4900,954-404-0103,305-329-4900,,https://nick.ewm.com,"2750 NE 185th Street Suite 101 Miami, FL 33180",https://www.ewm.com/agents/1776726/Nick+Moskol,https://d2td4dobkk213c.cloudfront.net/berkshirehathawayhomeservicesewmrealty11930/profiles/11930_1776726.jpg
Lindsay Michie,3578879,Sales Associate,Berkshire Hathaway HomeServices EWM Realty - Aventura,,908-256-3144,,305-329-4900,,https://lindsaymichie.ewm.com,"2750 NE 185th Street Suite 101 Miami, FL 33180",https://www.ewm.com/agents/1810459/Lindsay+Michie,https://d2td4dobkk213c.cloudfront.net/berkshirehathawayhomeservicesewmrealty11930/profiles/11930_1810459.jpg
Libsen Rodriguez Gabaldon,3356776,Sales Associate,Berkshire Hathaway HomeServices EWM Realty - Key Biscayne,305-767-6506,305-361-5600,305-767-6506,305-960-5350,,https://libsenrodriguez.ewm.com,"644 Crandon Boulevard Miami, FL 33149",https://www.ewm.com/agents/1776817/Libsen+Rodriguez+Gabaldon,https://d2td4dobkk213c.cloudfront.net/berkshirehathawayhomeservicesewmrealty11930/profiles/11930_1776817.jpg
Drew Thomas,3411684,Sales Associate,Berkshire Hathaway HomeServices EWM Realty - Coral Gables,917-207-1134,305-960-2400,917-207-1134,305-960-2400,,https://drew-thomas.ewm.com,"550 South Dixie Highway Miami, FL 33146",https://www.ewm.com/agents/1808952/Drew+Thomas,https://d9la9jrhv6fdd.cloudfront.net/agentimages/nophoto.jpg
Rita Freixas Daly,3278806,Sales Associate,Berkshire Hathaway HomeServices EWM Realty - Coral Gables,305-205-7521,305-960-2400,305-205-7521,305-960-2400,,https://ritadaly.ewm.com,"550 South Dixie Highway Miami, FL 33146",https://www.ewm.com/agents/1777093/Rita+Freixas+Daly,https://d2td4dobkk213c.cloudfront.net/berkshirehathawayhomeservicesewmrealty11930/profiles/11930_1777093.jpg
Jack White,3481371,Sales Associate,Berkshire Hathaway HomeServices EWM Realty - Coral Gables,218-760-2859,305-960-2400,,305-960-2400,,https://jackwhite.ewm.com,"550 South Dixie Highway Miami, FL 33146",https://www.ewm.com/agents/1777182/Jack+White,https://d2td4dobkk213c.cloudfront.net/berkshirehathawayhomeservicesewmrealty11930/profiles/11930_1777182.jpg
Nicolas Larsen,3144636,Sales Associate,Berkshire Hathaway HomeServices EWM Realty - Miami Beach,305-333-3659,305-674-4000,,305-674-4000,,https://nicolaslarson.ewm.com,"419 West 41st Street Miami, FL 33140",https://www.ewm.com/agents/1776914/Nicolas+Larsen,https://d9la9jrhv6fdd.cloudfront.net/agentimages/nophoto.jpg
Ashley Cusack,0578555,Broker Associate,Berkshire Hathaway HomeServices EWM Realty - Coral Gables,305-798-8685,305-960-2400,305-798-8685,305-960-2400,,https://ashleycusack.ewm.com,"550 South Dixie Highway Miami, FL 33146",https://www.ewm.com/agents/1777026/Ashley+Cusack,https://d2td4dobkk213c.cloudfront.net/berkshirehathawayhomeservicesewmrealty11930/profiles/11930_1777026.jpg
Maria C Betancourt,3136193,Sales Associate,Berkshire Hathaway HomeServices EWM Realty - Key Biscayne,786-356-2600,305-960-5350,786-356-2600,305-960-5350,,https://corinabetancourt.ewm.com,"644 Crandon Boulevard Miami, FL 33149",https://www.ewm.com/agents/1776775/Maria+C+Betancourt,https://d9la9jrhv6fdd.cloudfront.net/agentimages/nophoto.jpg
Sarahy Yanez,3454185,Sales Associate,Berkshire Hathaway HomeServices EWM Realty - Coral Gables,786-314-1721,305-960-2400,,305-960-2400,,https://sarahyyanez.ewm.com,"550 South Dixie Highway Miami, FL 33146",https://www.ewm.com/agents/2095268/Sarahy+Yanez,https://d2td4dobkk213c.cloudfront.net/berkshirehathawayhomeservicesewmrealty11930/profiles/11930_2095268.jpg
Alexandra Silva,,Real Estate Advisor,Berkshire Hathaway HomeServices EWM Realty - Coral Gables,305-793-9747,305-793-9747,,305-960-2400,,https://asilva.ewm.com,"550 South Dixie Highway Miami, FL 33146",https://www.ewm.com/agents/1777278/Alexandra+Silva,https://d2td4dobkk213c.cloudfront.net/berkshirehathawayhomeservicesewmrealty11930/profiles/11930_1777278.jpg
Maria Mejia,,Staff,Berkshire Hathaway HomeServices EWM Realty - Coral Gables,305-986-2804,305-960-2515,,305-960-2500,,https://mariamejia.ewm.com,"550 South Dixie Highway Miami, FL 33146",https://www.ewm.com/agents/1776759/Maria+Mejia,https://d2td4dobkk213c.cloudfront.net/berkshirehathawayhomeservicesewmrealty11930/profiles/11930_1776759.jpg
Yumi Yazawa,3236883,Sales Associate,Berkshire Hathaway HomeServices EWM Realty - Coral Gables,305-519-3260,305-960-2400,,305-960-2400,,https://yumiyazawa.ewm.com,"550 South Dixie Highway Miami, FL 33146",https://www.ewm.com/agents/2072268/Yumi+Yazawa,https://d9la9jrhv6fdd.cloudfront.net/agentimages/nophoto.jpg
Michael David Warshower,3400147,Sales Associate,Berkshire Hathaway HomeServices EWM Realty - Miami Beach,786-367-5305,786-367-5305,786-367-5305,305-674-4000,,https://michaeldavidwarshower.ewm.com,"419 West 41st Street Miami, FL 33140",https://www.ewm.com/agents/1776864/Michael+David+Warshower,https://d2td4dobkk213c.cloudfront.net/berkshirehathawayhomeservicesewmrealty11930/profiles/11930_1776864.jpg
Rebeca Reiner,694781,Sales Associate,Berkshire Hathaway HomeServices EWM Realty - Aventura,305-495-4243,305-329-4900,305-495-4243,305-329-4900,,https://rebecareiner.ewm.com,"2750 NE 185th Street Suite 101 Miami, FL 33180",https://www.ewm.com/agents/1776745/Rebeca+Reiner,https://d2td4dobkk213c.cloudfront.net/berkshirehathawayhomeservicesewmrealty11930/profiles/11930_1776745.jpg
Marta Garcia-Hirschfeld,3634105,Sales Associate,Berkshire Hathaway HomeServices EWM Realty - Key Biscayne,832-929-7628,305-960-5350,,305-960-5350,,https://martagarciahirschfeld.ewm.com,"644 Crandon Boulevard Miami, FL 33149",https://www.ewm.com/agents/1981099/Marta+Garcia-Hirschfeld,https://d9la9jrhv6fdd.cloudfront.net/agentimages/nophoto.jpg
Silvia Prado,3632238,Luxury Collection Specialist,Berkshire Hathaway HomeServices EWM Realty - Miami Beach,305-505-4793,305-674-4000,,305-674-4000,,https://silvia-prado.ewm.com,"419 West 41st Street Miami, FL 33140",https://www.ewm.com/agents/1973456/Silvia+Prado,https://d2td4dobkk213c.cloudfront.net/berkshirehathawayhomeservicesewmrealty11930/profiles/11930_1973456.jpg
"Josefina M. De Varona, PA",3510305,Sales Associate,Berkshire Hathaway HomeServices EWM Realty - Coral Gables,305-283-3051,305-283-3051,,305-960-2400,,https://josefinadevarona.ewm.com,"550 South Dixie Highway Miami, FL 33146",https://www.ewm.com/agents/1777097/Josefina+M.+De+Varona%2C+PA,https://d2td4dobkk213c.cloudfront.net/berkshirehathawayhomeservicesewmrealty11930/profiles/11930_1777097.jpg
Jose Rivero,0661904,REALTOR®,Berkshire Hathaway HomeServices EWM Realty - Coral Gables,786-758-7073,305-960-2400,,305-960-2400,,https://joserivero.ewm.com,"550 South Dixie Highway Miami, FL 33146",https://www.ewm.com/agents/2088886/Jose+Rivero,https://d2td4dobkk213c.cloudfront.net/berkshirehathawayhomeservicesewmrealty11930/profiles/11930_2088886.jpg
Vanessa Gamberini,3460992,Sales Associate,Berkshire Hathaway HomeServices EWM Realty - Coral Gables,305-632-6592,305-960-2400,305-632-6592,305-960-2400,,https://vanessagamberini.ewm.com,"550 South Dixie Highway Miami, FL 33146",https://www.ewm.com/agents/1777053/Vanessa+Gamberini,https://d9la9jrhv6fdd.cloudfront.net/agentimages/nophoto.jpg
Amanda Letteri,3379375,Sales Associate,Berkshire Hathaway HomeServices EWM Realty - Miami Beach,727-505-7484,305-674-4000,305-674-4000,305-674-4000,,https://amandaletteri.ewm.com,"419 West 41st Street Miami, FL 33140",https://www.ewm.com/agents/1776865/Amanda+Letteri,https://d2td4dobkk213c.cloudfront.net/berkshirehathawayhomeservicesewmrealty11930/profiles/11930_1776865.jpg
Liza Mendez,0242946,Sales Associate,Berkshire Hathaway HomeServices EWM Realty - Coral Gables,305-992-5145,305-992-5145,305-992-5145,305-960-2400,,https://lizamendez.com,"550 South Dixie Highway Miami, FL 33146",https://www.ewm.com/agents/1776994/Liza+Mendez,https://d2td4dobkk213c.cloudfront.net/berkshirehathawayhomeservicesewmrealty11930/profiles/11930_1776994.jpg
James Martin Wheeler,3390898,Sales Associate,Berkshire Hathaway HomeServices EWM Realty - Coral Gables,954-448-1645,305-960-2400,954-448-1645,305-960-2400,,https://james.ewm.com,"550 South Dixie Highway Miami, FL 33146",https://www.ewm.com/agents/1777139/James+Martin+Wheeler,https://d9la9jrhv6fdd.cloudfront.net/agentimages/nophoto.jpg
Terri Dominguez,552282,Senior Associate Broker,Berkshire Hathaway HomeServices EWM Realty - Coral Gables,305-898-7028,305-898-7028,305-898-7028,305-960-2400,,https://TerriDominguez.ewm.com,"550 South Dixie Highway Miami, FL 33146",https://www.ewm.com/agents/1637537/Terri+Dominguez,https://d2td4dobkk213c.cloudfront.net/berkshirehathawayhomeservicesewmrealty11930/profiles/11930_1637537.jpg
Jenaya Kent,3622386,Sales Associate,Berkshire Hathaway HomeServices EWM Realty - Key Biscayne,415-828-7010,305-960-5350,,305-960-5350,,https://jenayakent.ewm.com,"644 Crandon Boulevard Miami, FL 33149",https://www.ewm.com/agents/1897817/Jenaya+Kent,https://d2td4dobkk213c.cloudfront.net/berkshirehathawayhomeservicesewmrealty11930/profiles/11930_1897817.jpg
Francesca Capua,3550680,Sales Associate,Berkshire Hathaway HomeServices EWM Realty - Key Biscayne,786-499-5673,305-960-5350,,305-960-5350,,https://francescacapua.ewm.com,"644 Crandon Boulevard Miami, FL 33149",https://www.ewm.com/agents/1779432/Francesca+Capua,https://d9la9jrhv6fdd.cloudfront.net/agentimages/nophoto.jpg
Marta Zamorano,3516420,Sales Associate,Berkshire Hathaway HomeServices EWM Realty - Coral Gables,786-613-5329,786-613-5329,786-613-5329,305-960-2400,,https://martazamorano.ewm.com,"550 South Dixie Highway Miami, FL 33146",https://www.ewm.com/agents/1777258/Marta+Zamorano,https://d2td4dobkk213c.cloudfront.net/berkshirehathawayhomeservicesewmrealty11930/profiles/11930_1777258.jpg
Barbara Maxcy,3019534,Sales Associate,Berkshire Hathaway HomeServices EWM Realty - Coral Gables,305-401-6892,305-960-2400,305-401-6892,305-960-2400,,https://barbaramaxcy.ewm.com,"550 South Dixie Highway Miami, FL 33146",https://www.ewm.com/agents/1776963/Barbara+Maxcy,https://d9la9jrhv6fdd.cloudfront.net/agentimages/nophoto.jpg
Carmen B. Llano-White,702460,Sales Associate,Berkshire Hathaway HomeServices EWM Realty - Key Biscayne,305-588-9717,305-588-9717,305-588-9717,305-960-5350,,https://carmenbllanowhite.ewm.com,"644 Crandon Boulevard Miami, FL 33149",https://www.ewm.com/agents/1776795/Carmen+B.+Llano-White,https://d2td4dobkk213c.cloudfront.net/berkshirehathawayhomeservicesewmrealty11930/profiles/11930_1776795.jpg
Carolina Rocha,3270804,Sales Associate,Berkshire Hathaway HomeServices EWM Realty - Coral Gables,305-450-6533,305-960-2400,305-960-2400,305-960-2400,,https://carolinarocha.ewm.com,"550 South Dixie Highway Miami, FL 33146",https://www.ewm.com/agents/1777067/Carolina+Rocha,https://d2td4dobkk213c.cloudfront.net/berkshirehathawayhomeservicesewmrealty11930/profiles/11930_1777067.jpg
Scott Shuffield,3237495,Senior Vice President,Berkshire Hathaway HomeServices EWM Realty - Coral Gables,305-726-3133,305-329-7782,305-726-3133,305-960-2400,,https://scottshuffield.ewm.com,"550 South Dixie Highway Miami, FL 33146",https://www.ewm.com/agents/1777040/Scott+Shuffield,https://d2td4dobkk213c.cloudfront.net/berkshirehathawayhomeservicesewmrealty11930/profiles/11930_1777040.jpg
Cristina Dalmau Vorbeck,3643698,Sales Associate,Berkshire Hathaway HomeServices EWM Realty - Key Biscayne,857-928-5368,305-960-5350,,305-960-5350,,https://cristinadalmauvorbeck.ewm.com,"644 Crandon Boulevard Miami, FL 33149",https://www.ewm.com/agents/2061974/Cristina+Dalmau+Vorbeck,https://d9la9jrhv6fdd.cloudfront.net/agentimages/nophoto.jpg
Joan Ochoa,,Sales Associate,Berkshire Hathaway HomeServices EWM Realty - Aventura,954-554-4984,954-554-4984,954-554-4984,305-329-4900,,https://joanochoa.ewm.com,"2750 NE 185th Street Suite 101 Miami, FL 33180",https://www.ewm.com/agents/1777197/Joan+Ochoa,https://d2td4dobkk213c.cloudfront.net/berkshirehathawayhomeservicesewmrealty11930/profiles/11930_1777197.jpg
"Frank Ashburn Kissel, Jr.",3164676,Sales Associate,Berkshire Hathaway HomeServices EWM Realty - Coral Gables,305-496-0901,305-960-2400,305-496-0901,305-960-2400,,https://frankashburnkisseljrllc.ewm.com,"550 South Dixie Highway Miami, FL 33146",https://www.ewm.com/agents/1776956/Frank+Ashburn+Kissel%2C+Jr.,https://d2td4dobkk213c.cloudfront.net/berkshirehathawayhomeservicesewmrealty11930/profiles/11930_1776956.jpg
Priscilla Doliveira,3387629,Sales Associate,Berkshire Hathaway HomeServices EWM Realty - Aventura,407-409-4677,305-560-5400,407-409-4677,305-329-4900,,https://priscilladoliveira.ewm.com,"2750 NE 185th Street Suite 101 Miami, FL 33180",https://www.ewm.com/agents/1776701/Priscilla+Doliveira,https://d2td4dobkk213c.cloudfront.net/berkshirehathawayhomeservicesewmrealty11930/profiles/11930_1776701.jpg
Claudia P. Nunez,,Sales Associate,Berkshire Hathaway HomeServices EWM Realty - Key Biscayne,305-308-7220,305-960-5350,305-308-7220,305-960-5350,,https://claudiapnunez.ewm.com,"644 Crandon Boulevard Miami, FL 33149",https://www.ewm.com/agents/2094820/Claudia+P.+Nunez,https://d2td4dobkk213c.cloudfront.net/berkshirehathawayhomeservicesewmrealty11930/profiles/11930_2094820.jpg
Consuelo Stewart,3218873,Broker Associate,Berkshire Hathaway HomeServices EWM Realty - Coral Gables,305-216-7348,305-329-7780,,305-960-2400,,https://consuelostewartpa.ewm.com,"550 South Dixie Highway Miami, FL 33146",https://www.ewm.com/agents/2057226/Consuelo+Stewart,https://d2td4dobkk213c.cloudfront.net/berkshirehathawayhomeservicesewmrealty11930/profiles/11930_2057226.jpg
Sylvia G. Iriondo,0225381,Sales Associate,Berkshire Hathaway HomeServices EWM Realty - Key Biscayne,305-934-7302,305-960-5350,305-934-7302,305-960-5350,,https://sylviagiriondo.ewm.com,"644 Crandon Boulevard Miami, FL 33149",https://www.ewm.com/agents/1779422/Sylvia+G.+Iriondo,https://d9la9jrhv6fdd.cloudfront.net/agentimages/nophoto.jpg
Vanessa Mazzeo,0531536,Sales Associate,Berkshire Hathaway HomeServices EWM Realty - Coral Gables,305-218-3928,305-960-2400,305-218-3928,305-960-2400,,https://vanessamazzeo.ewm.com,"550 South Dixie Highway Miami, FL 33146",https://www.ewm.com/agents/1776965/Vanessa+Mazzeo,https://d2td4dobkk213c.cloudfront.net/berkshirehathawayhomeservicesewmrealty11930/profiles/11930_1776965.jpg
Carolina Llamozas,694229,Sales Associate,Berkshire Hathaway HomeServices EWM Realty - Coral Gables,305-608-7214,305-608-7214,305-608-7214,305-960-2400,,https://carolinallamozas.ewm.com,"550 South Dixie Highway Miami, FL 33146",https://www.ewm.com/agents/1776959/Carolina+Llamozas,https://d2td4dobkk213c.cloudfront.net/berkshirehathawayhomeservicesewmrealty11930/profiles/11930_1776959.jpg
Viviana Arboleda Staton,3458050,Sales Associate,Berkshire Hathaway HomeServices EWM Realty - Key Biscayne,786-810-7634,305-960-5350,786-810-7634,305-960-5350,,https://vivianaarboledastaton.ewm.com,"644 Crandon Boulevard Miami, FL 33149",https://www.ewm.com/agents/1776819/Viviana+Arboleda+Staton,https://d2td4dobkk213c.cloudfront.net/berkshirehathawayhomeservicesewmrealty11930/profiles/11930_1776819.jpg
Gregory DiCarlo,3595449,Sales Associate,Berkshire Hathaway HomeServices EWM Realty - Coral Gables,,305-960-2400,,305-960-2400,,https://gregorydicarlo.ewm.com,"550 South Dixie Highway Miami, FL 33146",https://www.ewm.com/agents/1777157/Gregory+DiCarlo,https://d9la9jrhv6fdd.cloudfront.net/agentimages/nophoto.jpg
Jorge Cantero,0444976,Sales Associate,Berkshire Hathaway HomeServices EWM Realty - Coral Gables,305-793-5197,305-960-2400,305-793-5197,305-960-2400,,https://jorgecantero.ewm.com,"550 South Dixie Highway Miami, FL 33146",https://www.ewm.com/agents/1777245/Jorge+Cantero,https://d9la9jrhv6fdd.cloudfront.net/agentimages/nophoto.jpg
Maria Jose Lucena,0414028,Sales Associate,Berkshire Hathaway HomeServices EWM Realty - Key Biscayne,305-815-6161,305-960-5350,305-815-6161,305-960-5350,,https://marialucena.ewm.com,"644 Crandon Boulevard Miami, FL 33149",https://www.ewm.com/agents/1776797/Maria+Jose+Lucena,https://d9la9jrhv6fdd.cloudfront.net/agentimages/nophoto.jpg
Michel Cutait Neto,3644371,Sales Associate,Berkshire Hathaway HomeServices EWM Realty - Key Biscayne,786-882-4888,305-960-5350,786-882-4888,305-960-5350,,https://michelcutaitneto.ewm.com,"644 Crandon Boulevard Miami, FL 33149",https://www.ewm.com/agents/2026468/Michel+Cutait+Neto,https://d9la9jrhv6fdd.cloudfront.net/agentimages/nophoto.jpg
Diego Peyon,3371872,Sales Associate,Berkshire Hathaway HomeServices EWM Realty - Aventura,530-784-0304,305-329-4900,530-784-0304,305-329-4900,,https://diegopeyon.ewm.com,"2750 NE 185th Street Suite 101 Miami, FL 33180",https://www.ewm.com/agents/1777264/Diego+Peyon,https://d2td4dobkk213c.cloudfront.net/berkshirehathawayhomeservicesewmrealty11930/profiles/11930_1777264.jpg
Nalisa Saati,3641822,Sales Associate,Berkshire Hathaway HomeServices EWM Realty - Coral Gables,786-302-5858,305-960-2400,,305-960-2400,,https://nalisasaati.ewm.com,"550 South Dixie Highway Miami, FL 33146",https://www.ewm.com/agents/2031944/Nalisa+Saati,https://d2td4dobkk213c.cloudfront.net/berkshirehathawayhomeservicesewmrealty11930/profiles/11930_2031944.jpg
Parul Patel,3455658,Sales Associate,Berkshire Hathaway HomeServices EWM Realty - Aventura,954-860-7422,954-860-7422,,305-329-4900,,https://parulpatel.ewm.com,"2750 NE 185th Street Suite 101 Miami, FL 33180",https://www.ewm.com/agents/1776718/Parul+Patel,https://d2td4dobkk213c.cloudfront.net/berkshirehathawayhomeservicesewmrealty11930/profiles/11930_1776718.jpg
Seth Bloomgarden,3473742,Sales Associate,Berkshire Hathaway HomeServices EWM Realty - Miami Beach,917-364-7575,305-674-4000,917-364-7575,305-674-4000,,https://sethbloomgarden.ewm.com,"419 West 41st Street Miami, FL 33140",https://www.ewm.com/agents/1777297/Seth+Bloomgarden,https://d2td4dobkk213c.cloudfront.net/berkshirehathawayhomeservicesewmrealty11930/profiles/11930_1777297.jpg
Debra Wellins,3238097,Sales Associate,Berkshire Hathaway HomeServices EWM Realty - Coral Gables,305-898-1852,305-960-2400,305-898-1852,305-960-2400,,https://debrawellins.ewm.com,"550 South Dixie Highway Miami, FL 33146",https://www.ewm.com/agents/1777138/Debra+Wellins,https://d2td4dobkk213c.cloudfront.net/berkshirehathawayhomeservicesewmrealty11930/profiles/11930_1777138.jpg
GraphixLab plus,,Associate Marketing Support,Berkshire Hathaway HomeServices EWM Realty - Coral Gables,,305-960-2500,,305-960-2500,,https://marketing.ewm.com,"550 South Dixie Highway Miami, FL 33146",https://www.ewm.com/agents/1776755/GraphixLab+plus,https://d9la9jrhv6fdd.cloudfront.net/agentimages/nophoto.jpg
Yamilet Labiste,,Sales Associate,Berkshire Hathaway HomeServices EWM Realty - Coral Gables,305-322-5700,305-960-2400,,305-960-2400,,https://yamiletlabiste.ewm.com,"550 South Dixie Highway Miami, FL 33146",https://www.ewm.com/agents/1992917/Yamilet+Labiste,https://d2td4dobkk213c.cloudfront.net/berkshirehathawayhomeservicesewmrealty11930/profiles/11930_1992917.jpg
Nilda Rossie,3098422,Sales Associate,Berkshire Hathaway HomeServices EWM Realty - Coral Gables,305-301-1209,305-301-1209,305-301-1209,305-960-2400,,https://NildaRossie.ewm.com,"550 South Dixie Highway Miami, FL 33146",https://www.ewm.com/agents/1637572/Nilda+Rossie,https://d2td4dobkk213c.cloudfront.net/berkshirehathawayhomeservicesewmrealty11930/profiles/11930_1637572.jpg
"Elizabeth Person, P.A.",0667653,Sales Associate,Berkshire Hathaway HomeServices EWM Realty - Coral Gables,305-345-5870,305-960-2400,305-345-5870,305-960-2400,,https://elizabethperson.ewm.com,"550 South Dixie Highway Miami, FL 33146",https://www.ewm.com/agents/1776927/Elizabeth+Person%2C+P.A.,https://d9la9jrhv6fdd.cloudfront.net/agentimages/nophoto.jpg
Melanie Robelo,634566,Sales Associate,Berkshire Hathaway HomeServices EWM Realty - Coral Gables,305-528-7865,305-528-7865,,305-960-2400,,https://melanierobelo.ewm.com,"550 South Dixie Highway Miami, FL 33146",https://www.ewm.com/agents/2014428/Melanie+Robelo,https://d2td4dobkk213c.cloudfront.net/berkshirehathawayhomeservicesewmrealty11930/profiles/11930_2014428.jpg
Carlos Peraza,3576301,Sales Associate,Berkshire Hathaway HomeServices EWM Realty - Miami Beach,215-280-6698,305-674-4000,,305-674-4000,,https://carlosperaza.ewm.com,"419 West 41st Street Miami, FL 33140",https://www.ewm.com/agents/1996353/Carlos+Peraza,https://d2td4dobkk213c.cloudfront.net/berkshirehathawayhomeservicesewmrealty11930/profiles/11930_1996353.jpg
Zach Joslin,3316818,Sales Associate,Berkshire Hathaway HomeServices EWM Realty - Miami Beach,561-222-5240,561-222-5240,561-222-5240,305-674-4000,,https://zach.ewm.com,"419 West 41st Street Miami, FL 33140",https://www.ewm.com/agents/1777301/Zach+Joslin,https://d2td4dobkk213c.cloudfront.net/berkshirehathawayhomeservicesewmrealty11930/profiles/11930_1777301.jpg
Ana Lucia Williams,3318086,Sales Associate,Berkshire Hathaway HomeServices EWM Realty - Coral Gables,305-905-7296,305-960-2400,305-905-7296,305-960-2400,,https://anawilliams.ewm.com,"550 South Dixie Highway Miami, FL 33146",https://www.ewm.com/agents/1777135/Ana+Lucia+Williams,https://d2td4dobkk213c.cloudfront.net/berkshirehathawayhomeservicesewmrealty11930/profiles/11930_1777135.jpg
Lucero McCormick,3416627,Sales Associate,Berkshire Hathaway HomeServices EWM Realty - Coral Gables,954-789-0592,305-960-2400,,305-960-2400,,https://luceromccormick.ewm.com,"550 South Dixie Highway Miami, FL 33146",https://www.ewm.com/agents/1776940/Lucero+McCormick,https://d2td4dobkk213c.cloudfront.net/berkshirehathawayhomeservicesewmrealty11930/profiles/11930_1776940.jpg
Vera Quesada,3273066,Sales Associate,Berkshire Hathaway HomeServices EWM Realty - Coral Gables,786-553-5793,305-960-2400,786-553-5793,305-960-2400,,https://vera.ewm.com,"550 South Dixie Highway Miami, FL 33146",https://www.ewm.com/agents/1776937/Vera+Quesada,https://d2td4dobkk213c.cloudfront.net/berkshirehathawayhomeservicesewmrealty11930/profiles/11930_1776937.jpg
Shelby Pruna,,Sales Associate,Berkshire Hathaway HomeServices EWM Realty - Coral Gables,,305-960-2500,,305-960-2500,,https://shelbypruna.ewm.com,"550 South Dixie Highway Miami, FL 33146",https://www.ewm.com/agents/1885172/Shelby+Pruna,https://d2td4dobkk213c.cloudfront.net/berkshirehathawayhomeservicesewmrealty11930/profiles/11930_1885172.jpg
Ruth Puig-Smith,3574964,Sales Associate,Berkshire Hathaway HomeServices EWM Realty - Coral Gables,718-541-1284,305-960-2400,,305-960-2400,,https://ruthpuigsmith.ewm.com,"550 South Dixie Highway Miami, FL 33146",https://www.ewm.com/agents/1776977/Ruth+Puig-Smith,https://d2td4dobkk213c.cloudfront.net/berkshirehathawayhomeservicesewmrealty11930/profiles/11930_1776977.jpg
Juliana Perez,,Sales Associate,Berkshire Hathaway HomeServices EWM Realty - Coral Gables,305-796-3984,305-796-3984,305-796-3984,305-960-2400,,https://JulianaPerez.ewm.com,"550 South Dixie Highway Miami, FL 33146",https://www.ewm.com/agents/1637589/Juliana+Perez,https://d2td4dobkk213c.cloudfront.net/berkshirehathawayhomeservicesewmrealty11930/profiles/11930_1637589.jpg
Robert Cachinero,3381540,Sales Associate,Berkshire Hathaway HomeServices EWM Realty - Miami Beach,786-417-4713,305-674-4043,786-417-4713,305-674-4000,,https://robertcachinero.ewm.com,"419 West 41st Street Miami, FL 33140",https://www.ewm.com/agents/1776897/Robert+Cachinero,https://hsfazpw2storagesf1.blob.core.windows.net/hsflibrary/bhhsagents/1119166/profileimages/1119166-profileimage.jpg
Denise M Barnard,,Sales Associate,Berkshire Hathaway HomeServices EWM Realty - Coral Gables,305-812-7787,305-960-2600,305-812-7787,305-960-2400,,https://denisembarnard.ewm.com,"550 South Dixie Highway Miami, FL 33146",https://www.ewm.com/agents/2018000/Denise+M+Barnard,https://d9la9jrhv6fdd.cloudfront.net/agentimages/nophoto.jpg
Melany Naranjo,3622557,Sales Associate,Berkshire Hathaway HomeServices EWM Realty - Aventura,954-654-4732,305-329-4900,,305-329-4900,,https://melanynaranjo.ewm.com,"2750 NE 185th Street Suite 101 Miami, FL 33180",https://www.ewm.com/agents/2012457/Melany+Naranjo,https://d9la9jrhv6fdd.cloudfront.net/agentimages/nophoto.jpg
Juanita Lopez,3382934,Luxury Collection Specialist,Berkshire Hathaway HomeServices EWM Realty - Key Biscayne,305-803-4891,305-960-5350,305-803-4891,305-960-5350,,https://juanitalopez.ewm.com,"644 Crandon Boulevard Miami, FL 33149",https://www.ewm.com/agents/1776796/Juanita+Lopez,https://d2td4dobkk213c.cloudfront.net/berkshirehathawayhomeservicesewmrealty11930/profiles/11930_1776796.jpg
Susana Medrano Roth,3114204,Sales Associate,Berkshire Hathaway HomeServices EWM Realty - Key Biscayne,305-773-0809,305-361-5600,305-773-0809,305-960-5350,,https://susanamedranoroth.ewm.com,"644 Crandon Boulevard Miami, FL 33149",https://www.ewm.com/agents/1776807/Susana+Medrano+Roth,https://d9la9jrhv6fdd.cloudfront.net/agentimages/nophoto.jpg
Kevin Schmidt,3461562,REALTOR® Associate,Berkshire Hathaway HomeServices EWM Realty - Aventura,202-999-6342,202-999-6342,202-999-6342,305-329-4900,,https://kevinschmidt.ewm.com,"2750 NE 185th Street Suite 101 Miami, FL 33180",https://www.ewm.com/agents/1777221/Kevin+Schmidt,https://d2td4dobkk213c.cloudfront.net/berkshirehathawayhomeservicesewmrealty11930/profiles/11930_1777221.jpg
Dora Fisher,3448146,Sales Associate,Berkshire Hathaway HomeServices EWM Realty - Coral Gables,305-298-6646,305-960-2400,305-298-6646,305-960-2400,,https://dorafisher.ewm.com,"550 South Dixie Highway Miami, FL 33146",https://www.ewm.com/agents/1974647/Dora+Fisher,https://d2td4dobkk213c.cloudfront.net/berkshirehathawayhomeservicesewmrealty11930/profiles/11930_1974647.jpg
Iciar Oyarzun,3114022,Sales Associate,Berkshire Hathaway HomeServices EWM Realty - Key Biscayne,305-302-2066,305-960-5350,305-302-2066,305-960-5350,,https://iciar.ewm.com,"644 Crandon Boulevard Miami, FL 33149",https://www.ewm.com/agents/1776801/Iciar+Oyarzun,https://d2td4dobkk213c.cloudfront.net/berkshirehathawayhomeservicesewmrealty11930/profiles/11930_1776801.jpg
Saliska Saati,3658602,Sales Associate,Berkshire Hathaway HomeServices EWM Realty - Coral Gables,786-201-5498,305-960-2400,,305-960-2400,,https://saliskasaati.ewm.com,"550 South Dixie Highway Miami, FL 33146",https://www.ewm.com/agents/2078362/Saliska+Saati,https://d2td4dobkk213c.cloudfront.net/berkshirehathawayhomeservicesewmrealty11930/profiles/11930_2078362.jpg
Janeth Alvarez,3191179,Sales Associate,Berkshire Hathaway HomeServices EWM Realty - Key Biscayne,305-458-4124,305-960-5350,305-458-4124,305-960-5350,,https://janethalvarez.ewm.com,"644 Crandon Boulevard Miami, FL 33149",https://www.ewm.com/agents/1776826/Janeth+Alvarez,https://d9la9jrhv6fdd.cloudfront.net/agentimages/nophoto.jpg
Diana Luft,3620867,Sales Associate,Berkshire Hathaway HomeServices EWM Realty - Miami Beach,305-721-5663,305-674-4000,,305-674-4000,,https://dianaluft.ewm.com,"419 West 41st Street Miami, FL 33140",https://www.ewm.com/agents/1860338/Diana+Luft,https://d9la9jrhv6fdd.cloudfront.net/agentimages/nophoto.jpg
"Sarah K. Zweig, P.A.",3250611,Sales Associate,Berkshire Hathaway HomeServices EWM Realty - Miami Beach,601-955-8574,305-674-4000,601-955-8574,305-674-4000,,https://sarahkzweigpa.ewm.com,"419 West 41st Street Miami, FL 33140",https://www.ewm.com/agents/1776867/Sarah+K.+Zweig%2C+P.A.,https://d9la9jrhv6fdd.cloudfront.net/agentimages/nophoto.jpg
Diane Martinez,3346868,"Vice President, Managing Broker",Berkshire Hathaway HomeServices EWM Realty - Coral Gables,786-372-2463,305-960-2460,,305-960-2400,,https://dianemartinez.ewm.com,"550 South Dixie Highway Miami, FL 33146",https://www.ewm.com/agents/1776962/Diane+Martinez,https://d2td4dobkk213c.cloudfront.net/berkshirehathawayhomeservicesewmrealty11930/profiles/11930_1776962.jpg
Raquel I Echevarria,3061470,Sales Associate,Berkshire Hathaway HomeServices EWM Realty - Coral Gables,305-300-2622,305-960-2400,305-300-2622,305-960-2400,,https://raquel.ewm.com,"550 South Dixie Highway Miami, FL 33146",https://www.ewm.com/agents/1777283/Raquel+I+Echevarria,https://d2td4dobkk213c.cloudfront.net/berkshirehathawayhomeservicesewmrealty11930/profiles/11930_1777283.jpg
Xiu Na Wang,,Sales Associate,Berkshire Hathaway HomeServices EWM Realty - Aventura,407-232-0806,305-329-4900,407-232-0806,305-329-4900,,https://xiunawang.ewm.com,"2750 NE 185th Street Suite 101 Miami, FL 33180",https://www.ewm.com/agents/2094956/Xiu+Na+Wang,https://d9la9jrhv6fdd.cloudfront.net/agentimages/nophoto.jpg
Nathalie Duran,3583538,Luxury Collection Specialist,Berkshire Hathaway HomeServices EWM Realty - Miami Beach,786-362-8265,305-674-4000,,305-674-4000,,https://nathalieduran.ewm.com,"419 West 41st Street Miami, FL 33140",https://www.ewm.com/agents/1844567/Nathalie+Duran,https://d2td4dobkk213c.cloudfront.net/berkshirehathawayhomeservicesewmrealty11930/profiles/11930_1844567.jpg
Kristen Markovich,3377026,Sales Associate,Berkshire Hathaway HomeServices EWM Realty - Coral Gables,305-613-4379,305-960-2400,305-613-4379,305-960-2400,,https://kristenmarkovich.ewm.com,"550 South Dixie Highway Miami, FL 33146",https://www.ewm.com/agents/1637551/Kristen+Markovich,https://d2td4dobkk213c.cloudfront.net/berkshirehathawayhomeservicesewmrealty11930/profiles/11930_1637551.jpg
Evelyn C. Skirving,3222908,Sales Associate,Berkshire Hathaway HomeServices EWM Realty - Coral Gables,305-431-4313,305-960-2400,305-431-4313,305-960-2400,,https://evelync-skirving.ewm.com,"550 South Dixie Highway Miami, FL 33146",https://www.ewm.com/agents/1856996/Evelyn+C.+Skirving,https://d9la9jrhv6fdd.cloudfront.net/agentimages/nophoto.jpg
Julissa Ray,3519683,Sales Associate,Berkshire Hathaway HomeServices EWM Realty - Coral Gables,305-989-9550,305-960-2400,305-960-2400,305-960-2400,,https://julissaray.ewm.com,"550 South Dixie Highway Miami, FL 33146",https://www.ewm.com/agents/1776930/Julissa+Ray,https://d2td4dobkk213c.cloudfront.net/berkshirehathawayhomeservicesewmrealty11930/profiles/11930_1776930.jpg
James Sawyer,3297970,Sales Associate,Berkshire Hathaway HomeServices EWM Realty - Coral Gables,305-984-9588,305-984-9588,305-984-9588,305-960-2400,,https://jas.ewm.com,"550 South Dixie Highway Miami, FL 33146",https://www.ewm.com/agents/1777037/James+Sawyer,https://d9la9jrhv6fdd.cloudfront.net/agentimages/nophoto.jpg
Esther Percal,0197819,Senior Vice President,Berkshire Hathaway HomeServices EWM Realty - Miami Beach,,305-674-4022,305-674-4022,305-674-4000,,https://estherpercal.ewm.com,"419 West 41st Street Miami, FL 33140",https://www.ewm.com/agents/1776870/Esther+Percal,https://d2td4dobkk213c.cloudfront.net/berkshirehathawayhomeservicesewmrealty11930/profiles/11930_1776870.jpg
Andrea Sanso,3425653,Sales Associate,Berkshire Hathaway HomeServices EWM Realty - Coral Gables,305-890-2100,305-890-2100,,305-960-2400,,https://andreamasses.ewm.com,"550 South Dixie Highway Miami, FL 33146",https://www.ewm.com/agents/1802098/Andrea+Sanso,https://d2td4dobkk213c.cloudfront.net/berkshirehathawayhomeservicesewmrealty11930/profiles/11930_1802098.jpg
Lars Fitzgerald,0670838,Sales Associate,Berkshire Hathaway HomeServices EWM Realty - Coral Gables,305-989-1171,305-989-1171,,305-960-2400,,https://lars.ewm.com,"550 South Dixie Highway Miami, FL 33146",https://www.ewm.com/agents/1777177/Lars+Fitzgerald,https://d2td4dobkk213c.cloudfront.net/berkshirehathawayhomeservicesewmrealty11930/profiles/11930_1777177.jpg
David Aciego,,Staff,Berkshire Hathaway HomeServices EWM Realty - Coral Gables,305-960-2552,305-960-2400,,305-960-2500,,https://davidaciego.ewm.com,"550 South Dixie Highway Miami, FL 33146",https://www.ewm.com/agents/1829103/David+Aciego,https://d9la9jrhv6fdd.cloudfront.net/agentimages/nophoto.jpg
Richard Congdon,0679560,Sales Associate,Berkshire Hathaway HomeServices EWM Realty - Coral Gables,305-775-4534,305-329-7723,305-775-4534,305-960-2400,,https://richardcongdon.ewm.com,"550 South Dixie Highway Miami, FL 33146",https://www.ewm.com/agents/1777023/Richard+Congdon,https://d2td4dobkk213c.cloudfront.net/berkshirehathawayhomeservicesewmrealty11930/profiles/11930_1777023.jpg
Shane Ives,3609329,Sales Associate,Berkshire Hathaway HomeServices EWM Realty - Miami Beach,619-892-1134,305-674-4000,,305-674-4000,,https://shaneives.ewm.com,"419 West 41st Street Miami, FL 33140",https://www.ewm.com/agents/1826656/Shane+Ives,https://d9la9jrhv6fdd.cloudfront.net/agentimages/nophoto.jpg
Ximena Ulloa,3477490,Sales Associate,Berkshire Hathaway HomeServices EWM Realty - Key Biscayne,305-812-6794,305-960-5350,305-812-6794,305-960-5350,,https://ximenaulloa.ewm.com,"644 Crandon Boulevard Miami, FL 33149",https://www.ewm.com/agents/1776829/Ximena+Ulloa,https://d9la9jrhv6fdd.cloudfront.net/agentimages/nophoto.jpg
Saad Mahmoud,3592417,Sales Associate,Berkshire Hathaway HomeServices EWM Realty - Miami Beach,954-444-6741,305-674-4000,,305-674-4000,,https://saadmahmoud.ewm.com,"419 West 41st Street Miami, FL 33140",https://www.ewm.com/agents/1776917/Saad+Mahmoud,https://d9la9jrhv6fdd.cloudfront.net/agentimages/nophoto.jpg
Belkis Jorge,3052875,Sales Associate,Berkshire Hathaway HomeServices EWM Realty - Miami Beach,305-303-4112,305-674-4000,305-303-4112,305-674-4000,,https://belkisjorge.ewm.com,"419 West 41st Street Miami, FL 33140",https://www.ewm.com/agents/2039232/Belkis+Jorge,https://d2td4dobkk213c.cloudfront.net/berkshirehathawayhomeservicesewmrealty11930/profiles/11930_2039232.jpg
Angela Langlois,0417712,Sales Associate,Berkshire Hathaway HomeServices EWM Realty - Key Biscayne,305-205-5522,305-960-5350,305-205-5522,305-960-5350,,https://angelalanglois.ewm.com,"644 Crandon Boulevard Miami, FL 33149",https://www.ewm.com/agents/1776794/Angela+Langlois,https://d9la9jrhv6fdd.cloudfront.net/agentimages/nophoto.jpg
Pavel Sirotin,3665213,Sales Associate,Berkshire Hathaway HomeServices EWM Realty - Miami Beach,415-290-3699,305-674-4000,,305-674-4000,,https://pavelsirotin.ewm.com,"419 West 41st Street Miami, FL 33140",https://www.ewm.com/agents/2103049/Pavel+Sirotin,https://d9la9jrhv6fdd.cloudfront.net/agentimages/nophoto.jpg
Lilia Naar,0531307,Sales Associate,Berkshire Hathaway HomeServices EWM Realty - Coral Gables,305-582-3017,305-960-2400,305-582-3017,305-960-2400,,https://lilianaar.ewm.com,"550 South Dixie Highway Miami, FL 33146",https://www.ewm.com/agents/1777275/Lilia+Naar,https://d2td4dobkk213c.cloudfront.net/berkshirehathawayhomeservicesewmrealty11930/profiles/11930_1777275.jpg
Jill Marvel,3455052,Sales Associate,Berkshire Hathaway HomeServices EWM Realty - Coral Gables,305-318-3842,305-960-2400,305-960-2400,305-960-2400,,https://jillmarvel.ewm.com,"550 South Dixie Highway Miami, FL 33146",https://www.ewm.com/agents/1777172/Jill+Marvel,https://d2td4dobkk213c.cloudfront.net/berkshirehathawayhomeservicesewmrealty11930/profiles/11930_1777172.jpg
Kenny Raymond,,Sales Associate,Berkshire Hathaway HomeServices EWM Realty - Miami Beach,786-443-9649,786-443-9649,786-443-9649,305-674-4000,,https://kennyraymond.ewm.com,"419 West 41st Street Miami, FL 33140",https://www.ewm.com/agents/1777289/Kenny+Raymond,https://d2td4dobkk213c.cloudfront.net/berkshirehathawayhomeservicesewmrealty11930/profiles/11930_1777289.jpg
Jose Isaza,3533494,Sales Associate,Berkshire Hathaway HomeServices EWM Realty - Coral Gables,786-389-0309,305-960-2400,,305-960-2400,,https://joseisaza.ewm.com,"550 South Dixie Highway Miami, FL 33146",https://www.ewm.com/agents/1777286/Jose+Isaza,https://d2td4dobkk213c.cloudfront.net/berkshirehathawayhomeservicesewmrealty11930/profiles/11930_1777286.jpg
Zoila Patterson,,Sales Associate,Berkshire Hathaway HomeServices EWM Realty - Aventura,305-323-3193,305-329-4900,305-323-3193,305-329-4900,,https://zoilapatterson.ewm.com,"2750 NE 185th Street Suite 101 Miami, FL 33180",https://www.ewm.com/agents/2094968/Zoila+Patterson,https://d9la9jrhv6fdd.cloudfront.net/agentimages/nophoto.jpg
Daysi Morey,648464,Sales Associate,Berkshire Hathaway HomeServices EWM Realty - Coral Gables,305-773-7883,305-773-7883,305-773-7883,305-960-2400,,https://DaysiMoreyfl.ewm.com,"550 South Dixie Highway Miami, FL 33146",https://www.ewm.com/agents/1637541/Daysi+Morey,https://d2td4dobkk213c.cloudfront.net/berkshirehathawayhomeservicesewmrealty11930/profiles/11930_1637541.jpg
Brian Smith,3401552,Sales Associate,Berkshire Hathaway HomeServices EWM Realty - Miami Beach,305-318-8200,305-318-8200,305-318-8200,305-674-4000,,https://briansmith.ewm.com,"419 West 41st Street Miami, FL 33140",https://www.ewm.com/agents/1776873/Brian+Smith,https://d2td4dobkk213c.cloudfront.net/berkshirehathawayhomeservicesewmrealty11930/profiles/11930_1776873.jpg
Gabriela Morales,3638600,Sales Associate,Berkshire Hathaway HomeServices EWM Realty - Key Biscayne,786-201-5236,305-960-5350,,305-960-5350,,https://gabrielamorales.ewm.com,"644 Crandon Boulevard Miami, FL 33149",https://www.ewm.com/agents/1996328/Gabriela+Morales,https://d9la9jrhv6fdd.cloudfront.net/agentimages/nophoto.jpg
Allison T. Turk,3119037,Sales Associate,Berkshire Hathaway HomeServices EWM Realty - Miami Beach,305-450-7965,305-674-4120,305-450-7965,305-674-4000,,https://allisonturk.ewm.com,"419 West 41st Street Miami, FL 33140",https://www.ewm.com/agents/1777303/Allison+T.+Turk,https://d2td4dobkk213c.cloudfront.net/berkshirehathawayhomeservicesewmrealty11930/profiles/11930_1777303.jpg
Annette Antorcha,3541452,Sales Associate,Berkshire Hathaway HomeServices EWM Realty - Coral Gables,305-498-8044,305-498-8044,,305-960-2400,,https://annetteantorcha.ewm.com,"550 South Dixie Highway Miami, FL 33146",https://www.ewm.com/agents/1777158/Annette+Antorcha,https://d9la9jrhv6fdd.cloudfront.net/agentimages/nophoto.jpg
"Evelyn TRINIDAD, MS, REALTOR",3282435,Broker Associate,Berkshire Hathaway HomeServices EWM Realty - Miami Beach,305-988-8541,305-674-4000,305-988-8541,305-674-4000,,https://evelyntrinidad.ewm.com,"419 West 41st Street Miami, FL 33140",https://www.ewm.com/agents/1776905/Evelyn+TRINIDAD%2C+MS%2C+REALTOR,https://d2td4dobkk213c.cloudfront.net/berkshirehathawayhomeservicesewmrealty11930/profiles/11930_1776905.jpg
Lindsay McMinn,3411679,Sales Associate,Berkshire Hathaway HomeServices EWM Realty - Coral Gables,305-769-8465,305-960-2400,305-769-8465,305-960-2400,,https://lindsaymcminn.ewm.com,"550 South Dixie Highway Miami, FL 33146",https://www.ewm.com/agents/1776966/Lindsay+McMinn,https://d2td4dobkk213c.cloudfront.net/berkshirehathawayhomeservicesewmrealty11930/profiles/11930_1776966.jpg
Chris Johnston,3279375,Realtor®,Berkshire Hathaway HomeServices EWM Realty - Aventura,786-584-2755,786-309-2980,786-309-2980,305-329-4900,,https://chrisjohnston.ewm.com,"2750 NE 185th Street Suite 101 Miami, FL 33180",https://www.ewm.com/agents/1776703/Chris+Johnston,https://d2td4dobkk213c.cloudfront.net/berkshirehathawayhomeservicesewmrealty11930/profiles/11930_1776703.jpg
L. Rocio Piedrahita,0524990,Sales Associate,Berkshire Hathaway HomeServices EWM Realty - Coral Gables,305-962-2202,305-960-2400,305-962-2202,305-960-2400,,https://liliapiedrahita.ewm.com,"550 South Dixie Highway Miami, FL 33146",https://www.ewm.com/agents/1779445/L.+Rocio+Piedrahita,https://d2td4dobkk213c.cloudfront.net/berkshirehathawayhomeservicesewmrealty11930/profiles/11930_1779445.jpg
Carmen Marquez-Kahn,571367,Sales Associate,Berkshire Hathaway HomeServices EWM Realty - Coral Gables,305-479-6196,305-271-4350,305-479-6196,305-960-2400,,https://CarmenMarquezKahn.ewm.com,"550 South Dixie Highway Miami, FL 33146",https://www.ewm.com/agents/1637608/Carmen+Marquez-Kahn,https://d2td4dobkk213c.cloudfront.net/berkshirehathawayhomeservicesewmrealty11930/profiles/11930_1637608.jpg
Valerie Hummel,3312920,Sales Associate,Berkshire Hathaway HomeServices EWM Realty - Key Biscayne,305-606-7050,305-960-5350,305-606-7050,305-960-5350,,https://valeriehummel.ewm.com,"644 Crandon Boulevard Miami, FL 33149",https://www.ewm.com/agents/1776793/Valerie+Hummel,https://d2td4dobkk213c.cloudfront.net/berkshirehathawayhomeservicesewmrealty11930/profiles/11930_1776793.jpg
Susan Debra Cohen,0670014,Sales Associate,Berkshire Hathaway HomeServices EWM Realty - Aventura,786-512-5224,305-329-4900,786-512-5224,305-329-4900,,https://susandebracohen.ewm.com,"2750 NE 185th Street Suite 101 Miami, FL 33180",https://www.ewm.com/agents/1776733/Susan+Debra+Cohen,https://d9la9jrhv6fdd.cloudfront.net/agentimages/nophoto.jpg
"Silvano F. Gonzalez, CRS, GRI",0702438,Sales Associate,Berkshire Hathaway HomeServices EWM Realty - Coral Gables,305-632-3423,305-329-7739,305-632-3423,305-960-2400,,https://silvanogonzalez.ewm.com,"550 South Dixie Highway Miami, FL 33146",https://www.ewm.com/agents/1777000/Silvano+F.+Gonzalez%2C+CRS%2C+GRI,https://d2td4dobkk213c.cloudfront.net/berkshirehathawayhomeservicesewmrealty11930/profiles/11930_1777000.jpg
Cheyenne Wright,3623628,Sales Associate,Berkshire Hathaway HomeServices EWM Realty - Miami Beach,484-554-1967,305-674-4000,,305-674-4000,,https://cheyennewright.ewm.com,"419 West 41st Street Miami, FL 33140",https://www.ewm.com/agents/1947411/Cheyenne+Wright,https://d2td4dobkk213c.cloudfront.net/berkshirehathawayhomeservicesewmrealty11930/profiles/11930_1947411.jpg
Alina Gonzalez,0647663,Sales Associate,Berkshire Hathaway HomeServices EWM Realty - Coral Gables,305-793-8251,305-793-8251,305-793-8251,305-960-2400,,https://alinagonzalez.ewm.com,"550 South Dixie Highway Miami, FL 33146",https://www.ewm.com/agents/1777001/Alina+Gonzalez,https://d2td4dobkk213c.cloudfront.net/berkshirehathawayhomeservicesewmrealty11930/profiles/11930_1777001.jpg
Melanie Zargham,3448661,Sales Associate,Berkshire Hathaway HomeServices EWM Realty - Coral Gables,305-775-0794,305-960-2400,305-775-0794,305-960-2400,,https://melaniezargham.ewm.com,"550 South Dixie Highway Miami, FL 33146",https://www.ewm.com/agents/1777176/Melanie+Zargham,https://d2td4dobkk213c.cloudfront.net/berkshirehathawayhomeservicesewmrealty11930/profiles/11930_1777176.jpg
Michael Siekierski,3285959,Sales Associate,Berkshire Hathaway HomeServices EWM Realty - Aventura,954-448-6350,305-932-6122,954-448-6350,305-329-4900,,https://michaelsiekierski.ewm.com,"2750 NE 185th Street Suite 101 Miami, FL 33180",https://www.ewm.com/agents/1776725/Michael+Siekierski,https://d9la9jrhv6fdd.cloudfront.net/agentimages/nophoto.jpg
Deanna Carlson,3661339,Sales Associate,Berkshire Hathaway HomeServices EWM Realty - Miami Beach,305-710-4049,305-674-4000,,305-674-4000,,https://deannacarlson.ewm.com,"419 West 41st Street Miami, FL 33140",https://www.ewm.com/agents/2098275/Deanna+Carlson,https://d2td4dobkk213c.cloudfront.net/berkshirehathawayhomeservicesewmrealty11930/profiles/11930_2098275.jpg
Marjori Rodriguez,3570338,Sales Associate,Berkshire Hathaway HomeServices EWM Realty - Coral Gables,305-902-8662,305-960-5300,,305-960-2400,,https://marjorirodriguez.ewm.com,"550 South Dixie Highway Miami, FL 33146",https://www.ewm.com/agents/1777128/Marjori+Rodriguez,https://d2td4dobkk213c.cloudfront.net/berkshirehathawayhomeservicesewmrealty11930/profiles/11930_1777128.jpg
Ben Brissi,3288847,Broker Associate,Berkshire Hathaway HomeServices EWM Realty - Miami Beach,561-870-2211,561-870-2211,,305-674-4000,,https://benbrissi.ewm.com,"419 West 41st Street Miami, FL 33140",https://www.ewm.com/agents/1777304/Ben+Brissi,https://d2td4dobkk213c.cloudfront.net/berkshirehathawayhomeservicesewmrealty11930/profiles/11930_1777304.jpg
Gabriel Zilban,3287780,Sales Associate,Berkshire Hathaway HomeServices EWM Realty - Coral Gables,305-407-5218,305-960-2400,305-407-5218,305-960-2400,,https://gabrielzilban.ewm.com,"550 South Dixie Highway Miami, FL 33146",https://www.ewm.com/agents/1777133/Gabriel+Zilban,https://d2td4dobkk213c.cloudfront.net/berkshirehathawayhomeservicesewmrealty11930/profiles/11930_1777133.jpg
Adolfo J. Malave,0670979,Sales Associate,Berkshire Hathaway HomeServices EWM Realty - Key Biscayne,305-213-9962,305-361-5600,305-213-9962,305-960-5350,,https://adolfojmalave.ewm.com,"644 Crandon Boulevard Miami, FL 33149",https://www.ewm.com/agents/1776798/Adolfo+J.+Malave,https://d9la9jrhv6fdd.cloudfront.net/agentimages/nophoto.jpg
Ray Kedzerski,613820,Broker Associate,Berkshire Hathaway HomeServices EWM Realty - Aventura,954-816-9697,954-816-9697,954-816-9697,305-329-4900,,https://raykedzerski.ewm.com,"2750 NE 185th Street Suite 101 Miami, FL 33180",https://www.ewm.com/agents/1776713/Ray+Kedzerski,https://d2td4dobkk213c.cloudfront.net/berkshirehathawayhomeservicesewmrealty11930/profiles/11930_1776713.jpg
Marisa Mion Chisena,3106215,Sales Associate,Berkshire Hathaway HomeServices EWM Realty - Coral Gables,305-807-6845,305-807-6845,305-807-6845,305-960-2400,,https://marisamionchisena.ewm.com,"550 South Dixie Highway Miami, FL 33146",https://www.ewm.com/agents/1777012/Marisa+Mion+Chisena,https://d2td4dobkk213c.cloudfront.net/berkshirehathawayhomeservicesewmrealty11930/profiles/11930_1777012.jpg
Paola Zuver,3124170,Sales Associate,Berkshire Hathaway HomeServices EWM Realty - Coral Gables,305-962-8998,305-962-8998,305-962-8998,305-960-2400,,https://paola.ewm.com,"550 South Dixie Highway Miami, FL 33146",https://www.ewm.com/agents/1777143/Paola+Zuver,https://d2td4dobkk213c.cloudfront.net/berkshirehathawayhomeservicesewmrealty11930/profiles/11930_1777143.jpg
"Christopher ""Ray"" Garcia",3645723,Realtor®,Berkshire Hathaway HomeServices EWM Realty - Key Biscayne,786-271-2068,305-960-5350,786-271-2068,305-960-5350,,https://raygarcia.ewm.com,"644 Crandon Boulevard Miami, FL 33149",https://www.ewm.com/agents/2026796/Christopher+%22Ray%22+Garcia,https://d2td4dobkk213c.cloudfront.net/berkshirehathawayhomeservicesewmrealty11930/profiles/11930_2026796.jpg
Kathleen Apaid,3227014,Real Estate Advisor,Berkshire Hathaway HomeServices EWM Realty - Aventura,305-720-7023,305-329-4900,305-720-7023,305-329-4900,,https://kathleenapaid.ewm.com,"2750 NE 185th Street Suite 101 Miami, FL 33180",https://www.ewm.com/agents/1776737/Kathleen+Apaid,https://d2td4dobkk213c.cloudfront.net/berkshirehathawayhomeservicesewmrealty11930/profiles/11930_1776737.jpg
Mark Newman,3201405,Broker Associate,Berkshire Hathaway HomeServices EWM Realty - Aventura,561-801-2564,954-849-5028,561-801-2564,305-329-4900,,https://marknewman.ewm.com,"2750 NE 185th Street Suite 101 Miami, FL 33180",https://www.ewm.com/agents/1777220/Mark+Newman,https://d2td4dobkk213c.cloudfront.net/berkshirehathawayhomeservicesewmrealty11930/profiles/11930_1777220.jpg
Conchita Merino,0138618,Broker Associate,Berkshire Hathaway HomeServices EWM Realty - Coral Gables,305-322-7851,305-960-2400,305-322-7851,305-960-2400,,https://conchitamerino.ewm.com,"550 South Dixie Highway Miami, FL 33146",https://www.ewm.com/agents/1777080/Conchita+Merino,https://d2td4dobkk213c.cloudfront.net/berkshirehathawayhomeservicesewmrealty11930/profiles/11930_1777080.jpg
Charlotte Tomic,3357183,Sales Associate,Berkshire Hathaway HomeServices EWM Realty - Miami Beach,917-882-5243,305-674-4000,917-882-5243,305-674-4000,,https://charlottetomic.ewm.com,"419 West 41st Street Miami, FL 33140",https://www.ewm.com/agents/1776890/Charlotte+Tomic,https://d2td4dobkk213c.cloudfront.net/berkshirehathawayhomeservicesewmrealty11930/profiles/11930_1776890.jpg
Cherry Perez,3504158,Sales Associate,Berkshire Hathaway HomeServices EWM Realty - Key Biscayne,786-805-8663,305-960-5350,,305-960-5350,,https://cherryperez.ewm.com,"644 Crandon Boulevard Miami, FL 33149",https://www.ewm.com/agents/2010705/Cherry+Perez,https://d9la9jrhv6fdd.cloudfront.net/agentimages/nophoto.jpg
Jose Andres Bastidas Torres,3629633,Sales Associate,Berkshire Hathaway HomeServices EWM Realty - Key Biscayne,305-776-1882,305-776-1882,,305-960-5350,,https://joseandresbastidastorres.ewm.com,"644 Crandon Boulevard Miami, FL 33149",https://www.ewm.com/agents/1948225/Jose+Andres+Bastidas+Torres,https://d9la9jrhv6fdd.cloudfront.net/agentimages/nophoto.jpg
June Savage PA,3039380,Global Real Estate Advisor,Berkshire Hathaway HomeServices EWM Realty - Coral Gables,786-202-3211,305-960-2400,,305-960-2400,,https://junesavage.ewm.com,"550 South Dixie Highway Miami, FL 33146",https://www.ewm.com/agents/2012900/June+Savage+PA,https://d2td4dobkk213c.cloudfront.net/berkshirehathawayhomeservicesewmrealty11930/profiles/11930_2012900.jpg
Jon Sullenberger,3417298,Sales Associate,Berkshire Hathaway HomeServices EWM Realty - Coral Gables,305-588-1800,305-588-1800,305-588-1800,305-960-2400,,https://jonsullenberger.ewm.com,"550 South Dixie Highway Miami, FL 33146",https://www.ewm.com/agents/1777089/Jon+Sullenberger,https://d2td4dobkk213c.cloudfront.net/berkshirehathawayhomeservicesewmrealty11930/profiles/11930_1777089.jpg
Mercedes Toll,0628109,Sales Associate,Berkshire Hathaway HomeServices EWM Realty - Coral Gables,786-351-0359,305-960-2400,786-351-0359,305-960-2400,,https://mercedestoll.ewm.com,"550 South Dixie Highway Miami, FL 33146",https://www.ewm.com/agents/1777091/Mercedes+Toll,https://d2td4dobkk213c.cloudfront.net/berkshirehathawayhomeservicesewmrealty11930/profiles/11930_1777091.jpg
Albert Lazaro Diaz,3383988,Sales Associate,Berkshire Hathaway HomeServices EWM Realty - Coral Gables,305-202-2650,305-960-2400,305-202-2650,305-960-2400,,https://albertlazarodiaz.ewm.com,"550 South Dixie Highway Miami, FL 33146",https://www.ewm.com/agents/1777031/Albert+Lazaro+Diaz,https://d9la9jrhv6fdd.cloudfront.net/agentimages/nophoto.jpg
Jennifer Perez,3302187,Sales Associate,Berkshire Hathaway HomeServices EWM Realty - Key Biscayne,786-474-2416,305-960-5350,786-474-2416,305-960-5350,,https://jenniferperez.ewm.com,"644 Crandon Boulevard Miami, FL 33149",https://www.ewm.com/agents/1776802/Jennifer+Perez,https://d2td4dobkk213c.cloudfront.net/berkshirehathawayhomeservicesewmrealty11930/profiles/11930_1776802.jpg
Kathryn Newton,3235320,Sales Associate,Berkshire Hathaway HomeServices EWM Realty - Miami Beach,310-691-9472,305-674-4000,310-691-9472,305-674-4000,,https://kathrynnewton.ewm.com,"419 West 41st Street Miami, FL 33140",https://www.ewm.com/agents/1777308/Kathryn+Newton,https://d9la9jrhv6fdd.cloudfront.net/agentimages/nophoto.jpg
Victoria De Giraldo,3123234,Sales Associate,Berkshire Hathaway HomeServices EWM Realty - Key Biscayne,786-200-1288,305-960-5350,786-200-1288,305-960-5350,,https://victoriadegiraldo.ewm.com,"644 Crandon Boulevard Miami, FL 33149",https://www.ewm.com/agents/1776782/Victoria+De+Giraldo,https://d2td4dobkk213c.cloudfront.net/berkshirehathawayhomeservicesewmrealty11930/profiles/11930_1776782.jpg
Kimberley Roberts,3401895,Sales Associate,Berkshire Hathaway HomeServices EWM Realty - Aventura,,786-757-8343,786-757-8343,305-329-4900,,https://kimberleyroberts.ewm.com,"2750 NE 185th Street Suite 101 Miami, FL 33180",https://www.ewm.com/agents/1776731/Kimberley+Roberts,https://d9la9jrhv6fdd.cloudfront.net/agentimages/nophoto.jpg
Heather Hewitson,3424506,Sales Associate,Berkshire Hathaway HomeServices EWM Realty - Coral Gables,786-972-4400,786-972-4400,786-972-4400,305-960-2400,,https://heatherhewitson.ewm.com,"550 South Dixie Highway Miami, FL 33146",https://www.ewm.com/agents/1776961/Heather+Hewitson,https://d2td4dobkk213c.cloudfront.net/berkshirehathawayhomeservicesewmrealty11930/profiles/11930_1776961.jpg
Emily Mejia,3318959,Sales Associate,Berkshire Hathaway HomeServices EWM Realty - Coral Gables,305-283-5694,305-960-2400,305-283-5694,305-960-2400,,https://emilyannmejia.ewm.com,"550 South Dixie Highway Miami, FL 33146",https://www.ewm.com/agents/1777079/Emily+Mejia,https://d2td4dobkk213c.cloudfront.net/berkshirehathawayhomeservicesewmrealty11930/profiles/11930_1777079.jpg
Sonia De Medeiros,3322653,Sales Associate,Berkshire Hathaway HomeServices EWM Realty - Coral Gables,305-904-0121,305-960-2400,305-904-0121,305-960-2400,,https://soniademedeiros.ewm.com,"550 South Dixie Highway Miami, FL 33146",https://www.ewm.com/agents/1777027/Sonia+De+Medeiros,https://d2td4dobkk213c.cloudfront.net/berkshirehathawayhomeservicesewmrealty11930/profiles/11930_1777027.jpg
Kasia Shields,3628625,Sales Associate,Berkshire Hathaway HomeServices EWM Realty - Coral Gables,,708-710-3750,,305-960-2400,,https://kasiashields.ewm.com,"550 South Dixie Highway Miami, FL 33146",https://www.ewm.com/agents/1971908/Kasia+Shields,https://d9la9jrhv6fdd.cloudfront.net/agentimages/nophoto.jpg
Demaris Dee Quintero,0331998,Broker Associate,Berkshire Hathaway HomeServices EWM Realty - Coral Gables,305-542-6952,305-960-2462,305-542-6952,305-960-2400,,https://demarisquintero.ewm.com,"550 South Dixie Highway Miami, FL 33146",https://www.ewm.com/agents/1776938/Demaris+Dee+Quintero,https://d2td4dobkk213c.cloudfront.net/berkshirehathawayhomeservicesewmrealty11930/profiles/11930_1776938.jpg
Ymaris Aleman,0661340,Sales Associate,Berkshire Hathaway HomeServices EWM Realty - Coral Gables,954-812-5789,954-812-5789,954-812-5789,305-960-2400,,https://ymarisaleman.ewm.com,"550 South Dixie Highway Miami, FL 33146",https://www.ewm.com/agents/1637600/Ymaris+Aleman,https://d2td4dobkk213c.cloudfront.net/berkshirehathawayhomeservicesewmrealty11930/profiles/11930_1637600.jpg
Leslie Jones,0556334,Sales Associate,Berkshire Hathaway HomeServices EWM Realty - Coral Gables,305-794-9790,305-794-9790,305-794-9790,305-960-2400,,https://lesliejones.ewm.com,"550 South Dixie Highway Miami, FL 33146",https://www.ewm.com/agents/1776942/Leslie+Jones,https://d2td4dobkk213c.cloudfront.net/berkshirehathawayhomeservicesewmrealty11930/profiles/11930_1776942.jpg
Amber Mern,3545015,Sales Associate,Berkshire Hathaway HomeServices EWM Realty - Aventura,561-376-0886,305-749-9851,305-749-9851,305-329-4900,,https://ambermern.ewm.com,"2750 NE 185th Street Suite 101 Miami, FL 33180",https://www.ewm.com/agents/1776694/Amber+Mern,https://d2td4dobkk213c.cloudfront.net/berkshirehathawayhomeservicesewmrealty11930/profiles/11930_1776694.jpg
Lorena Garcia Morillo,3221858,Sales Associate,Berkshire Hathaway HomeServices EWM Realty - Key Biscayne,305-215-7693,305-960-5350,305-215-7693,305-960-5350,,https://lorenamorillo.ewm.com,"644 Crandon Boulevard Miami, FL 33149",https://www.ewm.com/agents/1776788/Lorena+Garcia+Morillo,https://d9la9jrhv6fdd.cloudfront.net/agentimages/nophoto.jpg
Lilian Liu,3240700,Sales Associate,Berkshire Hathaway HomeServices EWM Realty - Coral Gables,617-694-6332,305-960-2400,,305-960-2400,,https://lilianliu.ewm.com,"550 South Dixie Highway Miami, FL 33146",https://www.ewm.com/agents/1777152/Lilian+Liu,https://d9la9jrhv6fdd.cloudfront.net/agentimages/nophoto.jpg
Rafael Palacios,3603540,Sales Associate,Berkshire Hathaway HomeServices EWM Realty - Coral Gables,786-303-2371,305-960-2400,,305-960-2400,,https://rafaelpalacios.ewm.com,"550 South Dixie Highway Miami, FL 33146",https://www.ewm.com/agents/1777181/Rafael+Palacios,https://d2td4dobkk213c.cloudfront.net/berkshirehathawayhomeservicesewmrealty11930/profiles/11930_1777181.jpg
Anastasia Pantelidis,,Sales Associate,Berkshire Hathaway HomeServices EWM Realty - Coral Gables,347-671-4422,347-671-4422,347-671-4422,305-960-2400,,https://anastasiapanelidis.ewm.com,"550 South Dixie Highway Miami, FL 33146",https://www.ewm.com/agents/1637620/Anastasia+Pantelidis,https://d2td4dobkk213c.cloudfront.net/berkshirehathawayhomeservicesewmrealty11930/profiles/11930_1637620.jpg
Yusuf Yolasan,3485934,Sales Associate,Berkshire Hathaway HomeServices EWM Realty - Miami Beach,305-322-1812,305-674-4000,305-322-1812,305-674-4000,,https://yusufyolasan.ewm.com,"419 West 41st Street Miami, FL 33140",https://www.ewm.com/agents/1857020/Yusuf+Yolasan,https://d2td4dobkk213c.cloudfront.net/berkshirehathawayhomeservicesewmrealty11930/profiles/11930_1857020.jpg
Andrea Marcela Salvatore,3284354,Sales Associate,Berkshire Hathaway HomeServices EWM Realty - Key Biscayne,305-989-6765,305-960-5350,305-989-6765,305-960-5350,,https://andreasalvatore.ewm.com,"644 Crandon Boulevard Miami, FL 33149",https://www.ewm.com/agents/1776808/Andrea+Marcela+Salvatore,https://d2td4dobkk213c.cloudfront.net/berkshirehathawayhomeservicesewmrealty11930/profiles/11930_1776808.jpg
Dominique Santana,3451242,Sales Associate,Berkshire Hathaway HomeServices EWM Realty - Miami Beach,305-496-2700,305-674-4000,,305-674-4000,,https://dominiquesantana.ewm.com,"419 West 41st Street Miami, FL 33140",https://www.ewm.com/agents/1776860/Dominique+Santana,https://d9la9jrhv6fdd.cloudfront.net/agentimages/nophoto.jpg
Louis Guadagno,0633146,Sales Associate,Berkshire Hathaway HomeServices EWM Realty - Miami Beach,305-906-2959,305-906-2959,305-906-2959,305-674-4000,,https://louis-guadagno.ewm.com,"419 West 41st Street Miami, FL 33140",https://www.ewm.com/agents/1779433/Louis+Guadagno,https://d2td4dobkk213c.cloudfront.net/berkshirehathawayhomeservicesewmrealty11930/profiles/11930_1779433.jpg
Giovanna Fernandez,3309339,Sales Associate,Berkshire Hathaway HomeServices EWM Realty - Coral Gables,786-376-3372,786-376-3372,786-376-3372,305-960-2400,,https://giovannafernandez.ewm.com,"550 South Dixie Highway Miami, FL 33146",https://www.ewm.com/agents/1802149/Giovanna+Fernandez,https://d2td4dobkk213c.cloudfront.net/berkshirehathawayhomeservicesewmrealty11930/profiles/11930_1802149.jpg
Diana Zubillaga,,Sales Associate,Berkshire Hathaway HomeServices EWM Realty - Key Biscayne,202-604-4176,305-960-5350,202-604-4176,305-960-5350,,https://dianazubillaga.ewm.com,"644 Crandon Boulevard Miami, FL 33149",https://www.ewm.com/agents/1776853/Diana+Zubillaga,https://d9la9jrhv6fdd.cloudfront.net/agentimages/nophoto.jpg
Donald Bravo,3464167,Sales Associate,Berkshire Hathaway HomeServices EWM Realty - Coral Gables,305-972-4282,305-960-2400,,305-960-2400,,https://donbravo.ewm.com,"550 South Dixie Highway Miami, FL 33146",https://www.ewm.com/agents/2056592/Donald+Bravo,https://d2td4dobkk213c.cloudfront.net/berkshirehathawayhomeservicesewmrealty11930/profiles/11930_2056592.jpg
Luciana Tamm,3256327,Sales Associate,Berkshire Hathaway HomeServices EWM Realty - Key Biscayne,305-335-3045,305-960-5350,305-335-3045,305-960-5350,,https://lucianatamm.ewm.com,"644 Crandon Boulevard Miami, FL 33149",https://www.ewm.com/agents/1777254/Luciana+Tamm,https://d9la9jrhv6fdd.cloudfront.net/agentimages/nophoto.jpg
Penelope Moulinos,3484767,Sales Associate,Berkshire Hathaway HomeServices EWM Realty - Miami Beach,305-609-7616,305-674-4000,,305-674-4000,,https://penelopemoulinos.ewm.com,"419 West 41st Street Miami, FL 33140",https://www.ewm.com/agents/1776923/Penelope+Moulinos,https://d9la9jrhv6fdd.cloudfront.net/agentimages/nophoto.jpg
Valentina Ashrafi,3653046,REALTOR®,Berkshire Hathaway HomeServices EWM Realty - Coral Gables,239-201-9441,305-960-2400,,305-960-2400,,https://valentinaashrafi.ewm.com,"550 South Dixie Highway Miami, FL 33146",https://www.ewm.com/agents/2056271/Valentina+Ashrafi,https://d2td4dobkk213c.cloudfront.net/berkshirehathawayhomeservicesewmrealty11930/profiles/11930_2056271.jpg
Ana Anderson,0386574,Broker Associate,Berkshire Hathaway HomeServices EWM Realty - Coral Gables,305-331-1553,305-329-7713,305-331-1553,305-960-2400,,https://anaanderson.ewm.com,"550 South Dixie Highway Miami, FL 33146",https://www.ewm.com/agents/1776990/Ana+Anderson,https://d2td4dobkk213c.cloudfront.net/berkshirehathawayhomeservicesewmrealty11930/profiles/11930_1776990.jpg
Barbara Savalli,0705510,Sales Associate,Berkshire Hathaway HomeServices EWM Realty - Aventura,786-325-2225,786-325-2225,786-325-2225,305-329-4900,,https://platinumgroup.ewm.com,"2750 NE 185th Street Suite 101 Miami, FL 33180",https://www.ewm.com/agents/1777213/Barbara+Savalli,https://d2td4dobkk213c.cloudfront.net/berkshirehathawayhomeservicesewmrealty11930/profiles/11930_1777213.png
Sofia Milo,3568507,Sales Associate,Berkshire Hathaway HomeServices EWM Realty - Coral Gables,305-930-0626,305-960-2400,,305-960-2400,,https://sofiamilo.ewm.com,"550 South Dixie Highway Miami, FL 33146",https://www.ewm.com/agents/1777119/Sofia+Milo,https://d2td4dobkk213c.cloudfront.net/berkshirehathawayhomeservicesewmrealty11930/profiles/11930_1777119.jpg
Carlos Prio,3015217,Licensed Real Estate Salesperson,Berkshire Hathaway HomeServices EWM Realty - Coral Gables,305-785-7746,305-785-7746,305-785-7746,305-960-2400,,https://carlos-prio.ewm.com,"550 South Dixie Highway Miami, FL 33146",https://www.ewm.com/agents/1799690/Carlos+Prio,https://d2td4dobkk213c.cloudfront.net/berkshirehathawayhomeservicesewmrealty11930/profiles/11930_1799690.jpg
"Marcelo Steinmander, P.A.",3256567,Sales Associate,Berkshire Hathaway HomeServices EWM Realty - Miami Beach,305-674-4127,305-674-4127,305-674-4127,305-674-4000,,https://marcelo.ewm.com,"419 West 41st Street Miami, FL 33140",https://www.ewm.com/agents/1776889/Marcelo+Steinmander%2C+P.A.,https://d2td4dobkk213c.cloudfront.net/berkshirehathawayhomeservicesewmrealty11930/profiles/11930_1776889.jpg
Tanya Schultz,3034696,Sales Associate,Berkshire Hathaway HomeServices EWM Realty - Aventura,305-527-7930,305-527-7930,305-527-7930,305-329-4900,,https://tanyaschultz.ewm.com,"2750 NE 185th Street Suite 101 Miami, FL 33180",https://www.ewm.com/agents/1776724/Tanya+Schultz,https://d2td4dobkk213c.cloudfront.net/berkshirehathawayhomeservicesewmrealty11930/profiles/11930_1776724.jpg
Carina Ramirez,3021729,Real Estate Agent,Berkshire Hathaway HomeServices EWM Realty - Coral Gables,786-554-7111,786-554-7111,786-554-7111,305-960-2400,,https://carinaramirez.ewm.com,"550 South Dixie Highway Miami, FL 33146",https://www.ewm.com/agents/1777257/Carina+Ramirez,https://d2td4dobkk213c.cloudfront.net/berkshirehathawayhomeservicesewmrealty11930/profiles/11930_1777257.jpg
Caroline Candib,3220194,Sales Associate,Berkshire Hathaway HomeServices EWM Realty - Miami Beach,305-807-6545,305-674-4050,305-807-6545,305-674-4000,,https://carolinecandib.ewm.com,"419 West 41st Street Miami, FL 33140",https://www.ewm.com/agents/1777305/Caroline+Candib,https://d2td4dobkk213c.cloudfront.net/berkshirehathawayhomeservicesewmrealty11930/profiles/11930_1777305.jpg
Ifigenia Gonzalez,3217910,Sales Associate,Berkshire Hathaway HomeServices EWM Realty - Key Biscayne,786-302-0596,305-361-5600,786-302-0596,305-960-5350,,https://ifigeniagonzalez.ewm.com,"644 Crandon Boulevard Miami, FL 33149",https://www.ewm.com/agents/1776791/Ifigenia+Gonzalez,https://d2td4dobkk213c.cloudfront.net/berkshirehathawayhomeservicesewmrealty11930/profiles/11930_1776791.jpg
Vanessa Bauer,3648049,Sales Associate,Berkshire Hathaway HomeServices EWM Realty - Coral Gables,,786-271-3161,,305-960-2400,,https://vanessabauer.ewm.com,"550 South Dixie Highway Miami, FL 33146",https://www.ewm.com/agents/2055553/Vanessa+Bauer,https://d2td4dobkk213c.cloudfront.net/berkshirehathawayhomeservicesewmrealty11930/profiles/11930_2055553.jpg
Monica Elisa Ferragut Gutierrez Solana,3358067,Sales Associate,Berkshire Hathaway HomeServices EWM Realty - Key Biscayne,305-607-9163,305-960-5350,305-607-9163,305-960-5350,,https://monicaferragut.ewm.com,"644 Crandon Boulevard Miami, FL 33149",https://www.ewm.com/agents/1776785/Monica+Elisa+Ferragut+Gutierrez+Solana,https://d9la9jrhv6fdd.cloudfront.net/agentimages/nophoto.jpg
Nicole Alexander,3552204,Sales Associate,Berkshire Hathaway HomeServices EWM Realty - Coral Gables,212-920-0383,212-920-0383,212-920-0383,305-960-2400,,https://nicolealexander.ewm.com,"550 South Dixie Highway Miami, FL 33146",https://www.ewm.com/agents/1777045/Nicole+Alexander,https://d2td4dobkk213c.cloudfront.net/berkshirehathawayhomeservicesewmrealty11930/profiles/11930_1777045.jpg
Tori Holbrook,3658329,Sales Associate,Berkshire Hathaway HomeServices EWM Realty - Coral Gables,619-312-9134,305-960-2400,,305-960-2400,,https://toriholbrook.ewm.com,"550 South Dixie Highway Miami, FL 33146",https://www.ewm.com/agents/2078522/Tori+Holbrook,https://d2td4dobkk213c.cloudfront.net/berkshirehathawayhomeservicesewmrealty11930/profiles/11930_2078522.jpg
"Elena Chacon, P.A.",3268706,Sales Associate,Berkshire Hathaway HomeServices EWM Realty - Key Biscayne,305-606-5700,305-960-5350,305-606-5700,305-960-5350,,https://elenachacon.ewm.com,"644 Crandon Boulevard Miami, FL 33149",https://www.ewm.com/agents/1776781/Elena+Chacon%2C+P.A.,https://d2td4dobkk213c.cloudfront.net/berkshirehathawayhomeservicesewmrealty11930/profiles/11930_1776781.jpg
Steven Sarajian,3255083,Sales Associate,Berkshire Hathaway HomeServices EWM Realty - Aventura,954-646-2842,305-329-4900,954-646-2842,305-329-4900,,https://stevensarajian.ewm.com,"2750 NE 185th Street Suite 101 Miami, FL 33180",https://www.ewm.com/agents/1777210/Steven+Sarajian,https://d2td4dobkk213c.cloudfront.net/berkshirehathawayhomeservicesewmrealty11930/profiles/11930_1777210.jpg
Roxana Galatolo,3656416,Sales Associate,Berkshire Hathaway HomeServices EWM Realty - Coral Gables,786-271-6824,305-960-2400,,305-960-2400,,https://roxanagalatolo.ewm.com,"550 South Dixie Highway Miami, FL 33146",https://www.ewm.com/agents/2068303/Roxana+Galatolo,https://d2td4dobkk213c.cloudfront.net/berkshirehathawayhomeservicesewmrealty11930/profiles/11930_2068303.jpg
"Verna Miller, P.A.",3036176,Sales Associate,Berkshire Hathaway HomeServices EWM Realty - Aventura,954-647-7653,305-329-4900,954-647-7653,305-329-4900,,https://vernamiller.ewm.com,"2750 NE 185th Street Suite 101 Miami, FL 33180",https://www.ewm.com/agents/1777207/Verna+Miller%2C+P.A.,https://d2td4dobkk213c.cloudfront.net/berkshirehathawayhomeservicesewmrealty11930/profiles/11930_1777207.jpg
Ernesto J. Mendoza,3237350,Sales Associate,Berkshire Hathaway HomeServices EWM Realty - Miami Beach,917-405-5028,305-674-4000,,305-674-4000,,https://ernestojmendoza.ewm.com,"419 West 41st Street Miami, FL 33140",https://www.ewm.com/agents/1892560/Ernesto+J.+Mendoza,https://d2td4dobkk213c.cloudfront.net/berkshirehathawayhomeservicesewmrealty11930/profiles/11930_1892560.jpg
Adelina Panosso,3596211,Sales Associate,Berkshire Hathaway HomeServices EWM Realty - Coral Gables,305-849-5843,305-960-2400,,305-960-2400,,https://adelinapanosso.ewm.com,"550 South Dixie Highway Miami, FL 33146",https://www.ewm.com/agents/1777154/Adelina+Panosso,https://d2td4dobkk213c.cloudfront.net/berkshirehathawayhomeservicesewmrealty11930/profiles/11930_1777154.jpg
Edward Prats,3173685,Sales Associate,Berkshire Hathaway HomeServices EWM Realty - Coral Gables,786-877-9742,305-960-2400,786-877-9742,305-960-2400,,https://edwardprats.ewm.com,"550 South Dixie Highway Miami, FL 33146",https://www.ewm.com/agents/1776933/Edward+Prats,https://d2td4dobkk213c.cloudfront.net/berkshirehathawayhomeservicesewmrealty11930/profiles/11930_1776933.jpg
Alicia Tarafa Gilbert,3051537,Sales Associate,Berkshire Hathaway HomeServices EWM Realty - Key Biscayne,305-586-3190,305-361-5600,305-586-3190,305-960-5350,,https://aliciatarafagilbert.ewm.com,"644 Crandon Boulevard Miami, FL 33149",https://www.ewm.com/agents/1776790/Alicia+Tarafa+Gilbert,https://d2td4dobkk213c.cloudfront.net/berkshirehathawayhomeservicesewmrealty11930/profiles/11930_1776790.jpg
Lorraine Devine,3495556,Sales Associate,Berkshire Hathaway HomeServices EWM Realty - Aventura,609-412-6509,305-329-4900,609-412-6509,305-329-4900,,https://lorrainedevine.ewm.com,"2750 NE 185th Street Suite 101 Miami, FL 33180",https://www.ewm.com/agents/1776729/Lorraine+Devine,https://d2td4dobkk213c.cloudfront.net/berkshirehathawayhomeservicesewmrealty11930/profiles/11930_1776729.jpg
Alexey Blagoveshchenskiy,3574592,Realtor®,Berkshire Hathaway HomeServices EWM Realty - Aventura,305-928-3640,305-928-3640,,305-329-4900,,https://alexeyblagoveshchenskiy.ewm.com,"2750 NE 185th Street Suite 101 Miami, FL 33180",https://www.ewm.com/agents/1776728/Alexey+Blagoveshchenskiy,https://d2td4dobkk213c.cloudfront.net/berkshirehathawayhomeservicesewmrealty11930/profiles/11930_1776728.jpg
Connie Cabral,,Real Estate Advisor,Berkshire Hathaway HomeServices EWM Realty - Aventura,,305-776-0899,,305-329-4900,,https://conniecabral.ewm.com,"2750 NE 185th Street Suite 101 Miami, FL 33180",https://www.ewm.com/agents/1776691/Connie+Cabral,https://d9la9jrhv6fdd.cloudfront.net/agentimages/nophoto.jpg
"Fernanda Blanco, P.A.",0642223,Broker Associate,Berkshire Hathaway HomeServices EWM Realty - Coral Gables,305-710-8611,305-710-8611,305-710-8611,305-960-2400,,https://fernandablanco.ewm.com,"550 South Dixie Highway Miami, FL 33146",https://www.ewm.com/agents/1777259/Fernanda+Blanco%2C+P.A.,https://d2td4dobkk213c.cloudfront.net/berkshirehathawayhomeservicesewmrealty11930/profiles/11930_1777259.jpg
Miguel Sainz,705170,Sales Associate,Berkshire Hathaway HomeServices EWM Realty - Coral Gables,305-389-4848,305-389-4848,305-389-4848,305-960-2400,,https://MiguelSainz.ewm.com,"550 South Dixie Highway Miami, FL 33146",https://www.ewm.com/agents/1637603/Miguel+Sainz,https://d2td4dobkk213c.cloudfront.net/berkshirehathawayhomeservicesewmrealty11930/profiles/11930_1637603.jpg
Carlos Fornari,3406690,Sales Associate,Berkshire Hathaway HomeServices EWM Realty - Coral Gables,305-790-3234,305-790-3234,305-790-3234,305-960-2400,,https://carlosfornari.ewm.com,"550 South Dixie Highway Miami, FL 33146",https://www.ewm.com/agents/1776955/Carlos+Fornari,https://d2td4dobkk213c.cloudfront.net/berkshirehathawayhomeservicesewmrealty11930/profiles/11930_1776955.jpg
Tiziano Mercante,3349360,Sales Associate,Berkshire Hathaway HomeServices EWM Realty - Coral Gables,305-498-7264,305-498-7264,,305-960-2400,,https://tizianomercante.ewm.com,"550 South Dixie Highway Miami, FL 33146",https://www.ewm.com/agents/1777064/Tiziano+Mercante,https://d2td4dobkk213c.cloudfront.net/berkshirehathawayhomeservicesewmrealty11930/profiles/11930_1777064.jpg
Cyndi Henriksen,0302736,Broker Associate,Berkshire Hathaway HomeServices EWM Realty - Miami Beach,305-216-1156,305-674-4027,305-216-1156,305-674-4000,,https://cyndihenriksen.ewm.com,"419 West 41st Street Miami, FL 33140",https://www.ewm.com/agents/1776900/Cyndi+Henriksen,https://d2td4dobkk213c.cloudfront.net/berkshirehathawayhomeservicesewmrealty11930/profiles/11930_1776900.jpg
Tom Barbato,3238765,Sales Associate,Berkshire Hathaway HomeServices EWM Realty - Coral Gables,305-322-1074,305-322-1074,305-322-1074,305-960-2400,,https://tombarbatopa.ewm.com,"550 South Dixie Highway Miami, FL 33146",https://www.ewm.com/agents/1777070/Tom+Barbato,https://d2td4dobkk213c.cloudfront.net/berkshirehathawayhomeservicesewmrealty11930/profiles/11930_1777070.jpg
La Shawn Kinder,,Sales Associate,Berkshire Hathaway HomeServices EWM Realty - Coral Gables,786-763-1575,305-271-4350,786-763-1575,305-960-2400,,https://lashawnkinder.ewm.com,"550 South Dixie Highway Miami, FL 33146",https://www.ewm.com/agents/1637612/La+Shawn+Kinder,https://d2td4dobkk213c.cloudfront.net/berkshirehathawayhomeservicesewmrealty11930/profiles/11930_1637612.jpg
Robert Borger,3645179,Sales Associate,Berkshire Hathaway HomeServices EWM Realty - Aventura,305-927-7220,305-329-4900,,305-329-4900,,https://robertborger.ewm.com,"2750 NE 185th Street Suite 101 Miami, FL 33180",https://www.ewm.com/agents/2024554/Robert+Borger,https://d9la9jrhv6fdd.cloudfront.net/agentimages/nophoto.jpg
Sebastian Pino,3620052,Realtor®,Berkshire Hathaway HomeServices EWM Realty - Key Biscayne,954-355-8785,305-960-5350,,305-960-5350,,https://sebastianpino.ewm.com,"644 Crandon Boulevard Miami, FL 33149",https://www.ewm.com/agents/1851921/Sebastian+Pino,https://d9la9jrhv6fdd.cloudfront.net/agentimages/nophoto.jpg
Maria Victoria Ferres,3250984,Sales Associate,Berkshire Hathaway HomeServices EWM Realty - Key Biscayne,305-799-4900,305-960-5350,305-799-4900,305-960-5350,,https://mariaferres.ewm.com,"644 Crandon Boulevard Miami, FL 33149",https://www.ewm.com/agents/1776787/Maria+Victoria+Ferres,https://d2td4dobkk213c.cloudfront.net/berkshirehathawayhomeservicesewmrealty11930/profiles/11930_1776787.jpg
