url,title,country,region,locality,rooms,latitude,longitude,image,price,currency,price_valid_until
https://bh.opensooq.com/en/search/287228778,Luxurious Gents Salon - 6000 bd Negotiatable,Bahrain,Northern Governorate,Budaiya,0,,,https://opensooq-imagesv2.os-cdn.com/previews/700x0/c0/a3/c0a3824546aaf497d83af898e39168e34de532f67ca9ef0cb33ecc9f5219f37a.jpg.webp,6000,BHD,2026-11-15
https://bh.opensooq.com/en/search/287227570,منزل في وسط الهملة بعيد عن الازعاج,Bahrain,Northern Governorate,Hamala,0,,,https://opensooq-imagesv2.os-cdn.com/previews/700x0/ff/8d/ff8df2ff15c4feb0c99581db7655409b36c69c14999c5719fe23efb2d1f88fbc.jpg.webp,105000,BHD,2026-11-15
https://bh.opensooq.com/en/search/287221632,محل كبير للبيع في شارع مشتان ، وقابل,Bahrain,Southern Governorate,Riffa,0,26.135172,50.554729,https://opensooq-imagesv2.os-cdn.com/previews/700x0/47/6e/476e201fd28b46c2a26f23b1cf745e84ad1c89aa2a759b8fabfb34a5bd63d539.jpg.webp,12000,BHD,2026-11-15
https://bh.opensooq.com/en/search/287221552,Luxury flats for sale,Bahrain,Manama,Juffair,2,26.212971,50.60289,https://opensooq-imagesv2.os-cdn.com/previews/700x0/ee/9e/ee9ed4b5c8c72618d2160cfb295e9d6f614c049e28ba1451185a3b0efbc9d9be.jpg.webp,69000,BHD,2026-11-15
https://bh.opensooq.com/en/search/286212388,للبيع بيت قديم في المحرق فريج البنعلي,Bahrain,Muharraq,Muharraq City,0,26.251675,50.616817,https://opensooq-imagesv2.os-cdn.com/previews/700x0/c0/02/c0027d87e5de6fb38880351b64a64538cf28a975f8b538db2abf66471b567842.jpg.webp,30000,BHD,2026-10-26
https://bh.opensooq.com/en/search/286212286,للبيع أرض سكني RAفي الحد,Bahrain,Muharraq,Hidd,0,26.233268,50.650165,https://opensooq-imagesv2.os-cdn.com/previews/700x0/1a/2b/1a2b599158f2fd443870a14116fd8f86e2c198c947dcabc15c6d5c735a79722d.jpg.webp,105000,BHD,2026-10-26
https://bh.opensooq.com/en/search/287217472,للبيع فيلا في الحد من المالك,Bahrain,Muharraq,Hidd,0,,,https://opensooq-imagesv2.os-cdn.com/previews/700x0/10/40/104084b69a6611388b27cb81c4a949d881fe7f3924f779a7922427caef006b0b.jpg.webp,169000,BHD,2026-11-15
https://bh.opensooq.com/en/search/287208654,شقة سكنية للبيع بالحد الجديد,Bahrain,Muharraq,Hidd,3,26.231851,50.645317,https://opensooq-imagesv2.os-cdn.com/previews/700x0/ee/e8/eee8489fbb428107f966dc9d9062ef919f39802fd365ea170e69760e91d32b71.jpg.webp,50000,BHD,2026-11-14
https://bh.opensooq.com/en/search/287208054,للبيع شقه تملك في قلالي,Bahrain,Muharraq,Galaly,3,26.26815,50.658985,https://opensooq-imagesv2.os-cdn.com/previews/700x0/e8/8b/e88b15f6f81040913159aefe898273066e7b45e41acb458a54d813a3eb87b1f4.jpg.webp,40000,BHD,2026-11-14
https://bh.opensooq.com/en/search/287207864,للبيع شقه تملك في قلالي مع الفرش,Bahrain,Muharraq,Galaly,2,26.273998,50.654167,https://opensooq-imagesv2.os-cdn.com/previews/700x0/4a/32/4a32baf8c09ca972dc02ac38ab7f7284ae0e1d3f643aa29855a706ef61734eb6.jpg.webp,48000,BHD,2026-11-14
https://bh.opensooq.com/en/search/287193572,فيلا للبيع مدينة حمد - الدوار 5,Bahrain,Northern Governorate,Madinat Hamad,0,26.124826,50.50132,https://opensooq-imagesv2.os-cdn.com/previews/700x0/44/9a/449a0529465c55da6ab88b814f41eed489d585e1fa78f3eb12a14dfb26d73c2f.jpg.webp,140000,BHD,2026-11-14
https://bh.opensooq.com/en/search/287192162,"For Sale – Mobile & Internet Accessories Shop, Muharraq",Bahrain,Muharraq,Arad,0,,,https://opensooq-imagesv2.os-cdn.com/previews/700x0/47/44/474486c609b94602324b429909907feab8d2c95b71115ef48f73ffcd5d141f68.jpg.webp,500,BHD,2026-11-14
https://bh.opensooq.com/en/search/287187504,للبيع بيت في سوق الرفاع الشرقي من المالك مباشرة فرصة استثمارية,Bahrain,Southern Governorate,Eastern Riffa,0,,,https://opensooq-imagesv2.os-cdn.com/previews/700x0/e1/60/e160098e08d3c55de3b8788c8105559030afc6c67ffd9abc7fa33fbf9715dc85.jpg.webp,110000,BHD,2026-11-14
https://bh.opensooq.com/en/search/286585620,للبيع بناية في جدعلي,Bahrain,Central Governorate,Jid Ali,0,26.175714,50.564999,https://opensooq-imagesv2.os-cdn.com/previews/700x0/3d/41/3d41ba55817daa4375edc1d26f1e919ab80c72cdac2287d095ade07ea6a90121.jpg.webp,180000,BHD,2026-10-03
https://bh.opensooq.com/en/search/287182034,بنايه تجاريه للبيع,Bahrain,Muharraq,Busaiteen,0,26.272166,50.609133,https://opensooq-imagesv2.os-cdn.com/previews/700x0/0c/58/0c5857f0bd34ff227dd2759b130eb1e0133df4533f80474c342ef22d7ba67b2a.png.webp,3200000,BHD,2026-10-15
https://bh.opensooq.com/en/search/283185290,للبيع بناية في قلالي على شارعين تتكون من 6 شقق و 4 محلات,Bahrain,Muharraq,Galaly,0,26.320356,50.625164,https://opensooq-imagesv2.os-cdn.com/previews/700x0/7d/34/7d34789924045c7dd62f40f06ee92b7e0692471b55601f2081f45b0029d864ab.jpg.webp,230000,BHD,2026-11-23
https://bh.opensooq.com/en/search/287125550,2 BR in TALA ISLAND for QUICK SALE FOR VALUE PRICE!,Bahrain,Muharraq,Amwaj Islands,2,26.299559,50.662724,https://opensooq-imagesv2.os-cdn.com/previews/700x0/00/a6/00a6e8cfae2004fd56e2ea2634e634d3b71688fda468afa0f4a67a3b5608a9c1.jpg.webp,85000,BHD,2026-11-13
https://bh.opensooq.com/en/search/286171800,للبيع بناية في عراد الجديده المساحة 480 متر,Bahrain,Muharraq,Arad,0,26.247411,50.630413,https://opensooq-imagesv2.os-cdn.com/previews/700x0/99/c8/99c87f2ce30141cc5f7e3dc17a326c275042f71a2778aba48afcca2103ebaf48.jpg.webp,230000,BHD,2026-10-25
https://bh.opensooq.com/en/search/287174382,متوفر شقق للبيع في الرفاع البحير,Bahrain,Central Governorate,Al-Bahair,5,,,https://opensooq-imagesv2.os-cdn.com/previews/700x0/b7/cb/b7cbcd8319b95d1df006d2febe97a110dd6efcb0971627d73350cf973bed102b.jpg.webp,73000,BHD,2026-11-14
https://bh.opensooq.com/en/search/287174042,للبيع ارض في ديار المحرق شارعين وممر(مخطط السدرة),Bahrain,Muharraq,Diyar Al Muharraq,0,26.317461,50.628689,https://opensooq-imagesv2.os-cdn.com/previews/700x0/0d/73/0d73b8878f5feea495a3aa264b3f0d1a86b65ecec1a6dfa1b8d42ec638cc1c29.jpg.webp,70000,BHD,2026-11-14
https://bh.opensooq.com/en/search/287173712,للبيع ارض سكنية في الدير,Bahrain,Muharraq,Al-Dair,0,26.286528,50.623623,https://opensooq-imagesv2.os-cdn.com/previews/700x0/89/ae/89ae6f3ff9fa37dcb39edcebcd6665d11611a5c6529847184d93523c3c77fa91.jpg.webp,119166,BHD,2026-11-14
https://bh.opensooq.com/en/search/287172692,للبيع قفلي عمارة سكن عمال سوق واقف,Bahrain,Southern Governorate,Other,0,,,https://opensooq-imagesv2.os-cdn.com/previews/700x0/e3/10/e3100dc8f44b6d9b1df160078f7a47094df02ae8d24c8ad1069a042ffe97fefa.jpg.webp,50000,BHD,2026-11-14
https://bh.opensooq.com/en/search/287170110,فيلا للبيع,Bahrain,Northern Governorate,Al Janabiyah,0,26.182208,50.465791,https://opensooq-imagesv2.os-cdn.com/previews/700x0/6c/dd/6cddc06ce486bc5d4b71ca220d3c053a1cf2739f50a382132a3727305f13ad87.jpg.webp,159000,BHD,2026-10-15
https://bh.opensooq.com/en/search/287166814,Business for rent and sale,Bahrain,Muharraq,Busaiteen,0,26.272166,50.609133,https://opensooq-imagesv2.os-cdn.com/previews/700x0/b1/c9/b1c9e5a8cabf842eacf2d55d80fcee3619369b4b4d2b95453dd72d2a88f4d961.png.webp,1800,BHD,2026-11-14
https://bh.opensooq.com/en/search/287164630,أرض للبيع في العدلية,Bahrain,Manama,Adliya,0,26.208649,50.591382,https://opensooq-imagesv2.os-cdn.com/previews/700x0/eb/05/eb05ef68c3203ab237dcd39847b77517397131add6fdc1965e5134c1f0e8e5bb.jpg.webp,484000,BHD,2026-11-14
https://bh.opensooq.com/en/search/287164006,فيلا للبيع,Bahrain,Central Governorate,Other,0,26.210718,50.484905,https://opensooq-imagesv2.os-cdn.com/previews/700x0/a4/94/a49436e5f32c27b020596993a6c723df738426402a331dbe9a5e40d647ffa4f9.jpg.webp,133000,BHD,2026-11-13
https://bh.opensooq.com/en/search/286151456,للبيع فيلا عصرية راقية في منطقة عراد بالقرب من مجمع السيف من طابقين ونصف,Bahrain,Muharraq,Arad,0,26.253356,50.639522,https://opensooq-imagesv2.os-cdn.com/previews/700x0/7d/64/7d64e13f12b545c590b53f2d91a6d296c57cad87ef6d2a4141a3b20591dcb8f2.jpg.webp,220000,BHD,2026-10-24
https://bh.opensooq.com/en/search/286150462,للبيع بيت في الحد,Bahrain,Muharraq,Hidd,0,26.238775,50.65258,https://opensooq-imagesv2.os-cdn.com/previews/700x0/8e/f3/8ef3dc0881e4696cdf2bce55235036399930249817ea9875739a166cabe3c1d5.jpg.webp,80000,BHD,2026-10-24
https://bh.opensooq.com/en/search/286143480,للبيع فيلا عصرية راقية في منطقة عراد بالقرب من مجمع السيف من طابقين ونصف,Bahrain,Muharraq,Arad,0,26.253356,50.639522,https://opensooq-imagesv2.os-cdn.com/previews/700x0/b8/0f/b80f289e40f376e2ca549841fdc1291218f370ec95e2714b1fb23b62737503bd.jpg.webp,157000,BHD,2026-10-24
https://bh.opensooq.com/en/search/286140186,للبيع شقة ديلوكس في منطقه الحد الجديدة قريبة من جميع الخدمات,Bahrain,Muharraq,Hidd,3,26.253492,50.608257,https://opensooq-imagesv2.os-cdn.com/previews/700x0/08/a8/08a86a786111b6068e6951b631f0fb8ae6ed95fd570cc64544747787556d419e.jpg.webp,52000,BHD,2026-10-24
https://bh.opensooq.com/en/search/286136586,للبيع فيلا في عراد الجديده,Bahrain,Muharraq,Arad,0,26.259192,50.63081,https://opensooq-imagesv2.os-cdn.com/previews/700x0/19/27/192776939a27bc140bb782324177560b0daa51633d90807b7d4f0fc5d7a499eb.jpg.webp,155000,BHD,2026-10-24
https://bh.opensooq.com/en/search/287129922,للبيع أرض سكني في عراد الجديده,Bahrain,Muharraq,Arad,0,26.25523,50.635197,https://opensooq-imagesv2.os-cdn.com/previews/700x0/57/b7/57b7e101e7371d6b4a9cee196ffd7e54aae206b00204fb6daa1efd8a704c795e.png.webp,140000,BHD,2026-11-13
https://bh.opensooq.com/en/search/287128894,للبيع مبنى تجاري بمنطقة جرداب شارع 77,Bahrain,Central Governorate,Jurdab,0,26.168577,50.566819,https://opensooq-imagesv2.os-cdn.com/previews/700x0/4a/d1/4ad1c6b9cd4dfebff0e5a002cf998aba89a4de3c798ebd9467c5f03b4853bfa1.jpg.webp,230000,BHD,2026-11-13
https://bh.opensooq.com/en/search/287125746,Restaurant for sale,Bahrain,Southern Governorate,Wadi Al Sail,0,26.134018,50.516146,https://opensooq-imagesv2.os-cdn.com/previews/700x0/f6/58/f658d86e6cecebf4d85b3214cbec3e8b2af58f3609533783e7553aff93e6f4da.jpg.webp,4500,BHD,2026-11-13
https://bh.opensooq.com/en/search/287125096,ارض سكنية - للبيع - المقشع,Bahrain,Northern Governorate,Maqsha,0,,,https://opensooq-imagesv2.os-cdn.com/previews/700x0/3f/b8/3fb851b7476e61d6c7b18b6b3c65d93f7c0b7d10218de539f1d9ff4c1c2f06ce.jpg.webp,100000,BHD,2026-11-13
https://bh.opensooq.com/en/search/287117766,أرض زاعيه في صداد,Bahrain,Northern Governorate,Sadad,0,26.080956,50.487987,https://opensooq-imagesv2.os-cdn.com/previews/700x0/68/48/6848e2f8957dda828a4cd6e1a5a22e00fdabab47ef784b7767015af7df3bdfa9.jpg.webp,85000,BHD,2026-11-13
https://bh.opensooq.com/en/search/287101582,للبيع شقه مفروشه في شارع المعارض,Bahrain,Manama,Manama Center,2,26.233957,50.593636,https://opensooq-imagesv2.os-cdn.com/previews/700x0/8a/09/8a099db64a7f497b455989c69dc08b3ef177d51ebfc210a6508d905f5af69fed.jpg.webp,40000,BHD,2026-11-12
https://bh.opensooq.com/en/search/287099624,للبيع بيت في قلالي علي شارعين,Bahrain,Muharraq,Galaly,0,26.276166,50.652657,https://opensooq-imagesv2.os-cdn.com/previews/700x0/1a/2b/1a2b599158f2fd443870a14116fd8f86e2c198c947dcabc15c6d5c735a79722d.jpg.webp,120000,BHD,2026-11-12
https://bh.opensooq.com/en/search/287099132,للبيع بيت في المحرق بالقرب مدرسة الاستقلال,Bahrain,Muharraq,Muharraq City,0,26.259123,50.60972,https://opensooq-imagesv2.os-cdn.com/previews/700x0/63/e0/63e0a04fbda4abfb68c109f6bc93c093471daffa240ae1abd05bd20909bc5fcb.jpg.webp,55000,BHD,2026-11-12
https://bh.opensooq.com/en/search/287098658,للبيع فيلا في قلالي علي شارعين,Bahrain,Muharraq,Galaly,0,26.277176,50.652878,https://opensooq-imagesv2.os-cdn.com/previews/700x0/b8/87/b887e4e589068c2d58a1424d44a7197cd029770434b0034413490122bed903f9.jpg.webp,150000,BHD,2026-11-12
https://bh.opensooq.com/en/search/286099668,للبيع شقة دبلوكس نظام طابقين في منطقة الحد   الجديدة,Bahrain,Muharraq,Hidd,3,26.253492,50.608256,https://opensooq-imagesv2.os-cdn.com/previews/700x0/21/4e/214eac7c065db903f34fa8ad50ee4e450b5ce546d76cee04d8937a7a91a1bce4.jpg.webp,65000,BHD,2026-10-23
https://bh.opensooq.com/en/search/286098884,للبيع شقة في منطقة الحد الجديدة قريبة من جميع الخدمات,Bahrain,Muharraq,Hidd,3,26.253492,50.608256,https://opensooq-imagesv2.os-cdn.com/previews/700x0/20/cd/20cddf42ec7abce8882b2509897d14aad14d4891e227f418e66b9ea712e49fab.jpg.webp,47000,BHD,2026-10-23
https://bh.opensooq.com/en/search/286097252,للبيع شقة تشطيب دي لوكس في موقع مميز في   الحد الجديدة,Bahrain,Muharraq,Hidd,4,26.253492,50.608256,https://opensooq-imagesv2.os-cdn.com/previews/700x0/a7/48/a7488fe7268f6713b165ef224e6e4a9d866c6ddbd4c3bc1a76b862e4e1e1de51.jpg.webp,64000,BHD,2026-10-23
https://bh.opensooq.com/en/search/286094874,للبيع شقة تشطيب دي لوكس في موقع مميز في الحد,Bahrain,Muharraq,Hidd,4,26.253492,50.608256,https://opensooq-imagesv2.os-cdn.com/previews/700x0/da/4d/da4d1cfa715ae3a094eba25fe40acd59205d4ad4fe7c66ec484f5d78a171a2bf.jpg.webp,65000,BHD,2026-10-23
https://bh.opensooq.com/en/search/287092038,ارض للبيع في الحورة شارع المعارض,Bahrain,Manama,Hoora,0,26.18364,50.569656,https://opensooq-imagesv2.os-cdn.com/previews/700x0/02/66/0266729e7562818297c952ee6475d5539a1136d6d6a2e2b2751c4d2c5540412c.jpg.webp,400000,BHD,2026-11-12
https://bh.opensooq.com/en/search/286090462,للبيع مبنى في المحرق بالقرب حديقة الكازينو,Bahrain,Muharraq,Muharraq City,0,26.259666,50.612736,https://opensooq-imagesv2.os-cdn.com/previews/700x0/ea/56/ea56f100ac13484e5b678428067d207f0e9f3630effd8c45f7449b0ad4a92aaf.jpg.webp,30000,BHD,2026-10-23
https://bh.opensooq.com/en/search/286090138,للبيع فيلا(شاليه ) في جزر الأمواج مفروشة,Bahrain,Muharraq,Amwaj Islands,0,26.291111,50.665278,https://opensooq-imagesv2.os-cdn.com/previews/700x0/0b/9a/0b9a94cb5afabe190600077a7b0b0ceedc43c596324c2620d37c1e5d51ee6d81.jpg.webp,170000,BHD,2026-10-23
https://bh.opensooq.com/en/search/287085948,للبيع شقق في الحد,Bahrain,Muharraq,Hidd,4,26.253492,50.608256,https://opensooq-imagesv2.os-cdn.com/previews/700x0/ce/58/ce589ba97e0a15e419eb84b2a2a422b21fdbe9316162d00147885a2f90480fc2.jpg.webp,71000,BHD,2026-11-12
https://bh.opensooq.com/en/search/286081584,للبيع بيت في الحد 37 الف,Bahrain,Muharraq,Hidd,0,26.238917,50.650231,https://opensooq-imagesv2.os-cdn.com/previews/700x0/e9/08/e9081aa88029818043f37a1d0e2d9596ae8d777682f1031d1a022321165e2183.png.webp,37000,BHD,2026-10-23
https://bh.opensooq.com/en/search/287014178,فيلا مفروشة بالكامل جاهزة للسكن,Bahrain,Northern Governorate,Sadad,0,,,https://opensooq-imagesv2.os-cdn.com/previews/700x0/df/dd/dfdd390b61f1a3b94a4b36e508f4d85d0212a3620fcf92305bb51feb8d982340.jpg.webp,130000,BHD,2026-11-11
https://bh.opensooq.com/en/search/286071646,للبيع شقه في الحد الجديده بالقرب سوبر ماركت أصيل,Bahrain,Muharraq,Hidd,3,26.231318,50.651039,https://opensooq-imagesv2.os-cdn.com/previews/700x0/7e/4e/7e4eada7e74149e950c7402b44447613799448dc19347b89331e57da115ddc23.png.webp,55000,BHD,2026-10-23
https://bh.opensooq.com/en/search/286071028,للبيع شقق في الحد الجديده 45 ألف,Bahrain,Muharraq,Hidd,3,26.232366,50.649575,https://opensooq-imagesv2.os-cdn.com/previews/700x0/a7/9b/a79b7103f0fc0cf949cec8d7878c21a831d189825611cc93ee9f9666832ef47a.png.webp,45000,BHD,2026-10-23
https://bh.opensooq.com/en/search/287066398,للبيع شقق في الحد الجديده,Bahrain,Muharraq,Hidd,4,26.231632,50.649307,https://opensooq-imagesv2.os-cdn.com/previews/700x0/2b/1b/2b1b69293ce3fa893a234c8286944def0d4dba00eb4001aa6a30181a00722305.jpg.webp,72000,BHD,2026-11-12
https://bh.opensooq.com/en/search/287066028,flat 3bhk for sale new hidd b6,Bahrain,Muharraq,Hidd,3,26.230985,50.647749,https://opensooq-imagesv2.os-cdn.com/previews/700x0/80/16/8016747560a1dff318c402a9565042c00f99add37de03da51b8ffdf9e825c951.jpg.webp,55000,BHD,2026-11-12
https://bh.opensooq.com/en/search/287065808,للبيع شقق تمليك في الحد الجديده,Bahrain,Muharraq,Hidd,4,26.236143,50.650879,https://opensooq-imagesv2.os-cdn.com/previews/700x0/ae/26/ae26183ca397ddb894df5b6358caeeba6fdb857bff4333001753c0dfb02726fd.jpg.webp,63000,BHD,2026-11-12
https://bh.opensooq.com/en/search/287065698,"AYURVEDIC PHARMACY FOR SALE IN MANAMA  BD 4,300/-",Bahrain,Manama,Manama Center,0,,,https://opensooq-imagesv2.os-cdn.com/previews/700x0/8c/e8/8ce8bd433cdde393c74c2a3de15cc4bf87f8d7e7a26eac6e142dbc6e4fcf72ae.jpg.webp,4300,BHD,2026-11-12
https://bh.opensooq.com/en/search/287064920,للبيع شقق تمليك في الحد الجديده,Bahrain,Muharraq,Hidd,4,26.240154,50.654081,https://opensooq-imagesv2.os-cdn.com/previews/700x0/c7/bb/c7bb9d63affdb4e7bfdef699f4aaf4df54119f8b08df307734fd52a7fe4ec5fc.jpg.webp,58000,BHD,2026-11-12
https://bh.opensooq.com/en/search/287063666,Clothing shop for sale,Bahrain,Manama,Manama Center,0,,,https://opensooq-imagesv2.os-cdn.com/previews/700x0/7d/be/7dbe8093e61f9d9e3a94d4e374a601a4a1585743cb5f6bec2faf76aebf677402.jpg.webp,6500,BHD,2026-11-12
https://bh.opensooq.com/en/search/287058262,ارض في منطقة المالكية مساحتها 586 متر مربع بسعر اقل من السوق,Bahrain,Northern Governorate,Malikiyah,0,,,https://opensooq-imagesv2.os-cdn.com/previews/700x0/e9/45/e94519a53afb68e94c5b6a218c16f4b890767a8001c6a472c6c528071f2b3557.jpg.webp,147000,BHD,2026-11-11
https://bh.opensooq.com/en/search/285065236,شقة 3 غرف نوم للبيع  برج إيرا – السيف,Bahrain,Manama,Seef,3,26.241944,50.537984,https://opensooq-imagesv2.os-cdn.com/previews/700x0/bf/76/bf76eed9843564d46c4e01cadfef668f98eb83163884c8dcce72ccc396c30a0e.jpg.webp,110000,BHD,2026-10-02
https://bh.opensooq.com/en/search/285064208,شقة بغرفتي نوم للبيع  برج إيرا – السيف,Bahrain,Manama,Seef,2,26.241944,50.537984,https://opensooq-imagesv2.os-cdn.com/previews/700x0/b2/54/b254b70a10dbcf68fa27463aa6542e123e0eaf00217b9d08273b955abd38e5ca.jpg.webp,90000,BHD,2026-10-02
https://bh.opensooq.com/en/search/287051300,شقق للبيع في الحد اول ساكن,Bahrain,Muharraq,Hidd,4,,,https://opensooq-imagesv2.os-cdn.com/previews/700x0/a5/0d/a50d5597be9805d79b5cb5d9356ca63059d036069c0a23e22610204c8788505e.jpg.webp,71000,BHD,2026-11-11
https://bh.opensooq.com/en/search/287051176,للبيع أرض سكني في دلمونيا تمليك حر علي البحر مباشرة,Bahrain,Muharraq,Dilmunia Island,0,26.256899,50.617037,https://opensooq-imagesv2.os-cdn.com/previews/700x0/dc/2f/dc2fe3b31095f32e6226d3ab5f9933e26c8dd0506cb15c85dc4aec3eb61f7ccb.png.webp,220000,BHD,2026-11-11
https://bh.opensooq.com/en/search/287051024,للبيع أرض سكني في مدينة حمد اللوزي,Bahrain,Northern Governorate,Lawzi,0,26.1239,50.485104,https://opensooq-imagesv2.os-cdn.com/previews/700x0/96/bc/96bcc3378cf947a4d047840c1eea3c6fa9340c95ee9140b50b3e2b44bebec598.png.webp,139000,BHD,2026-11-11
https://bh.opensooq.com/en/search/287050854,للبيع بيت في المحرق حاله بوماهر 40 ألف,Bahrain,Muharraq,Muharraq City,0,26.256385,50.607149,https://opensooq-imagesv2.os-cdn.com/previews/700x0/11/33/1133fc478362c471e35a13fbaf85f27962bf0e8e66a174c74ec36101bc310255.jpg.webp,40000,BHD,2026-11-11
https://bh.opensooq.com/en/search/287050374,للبيع بيت في مدينة حمد (دوار 11).,Bahrain,Northern Governorate,Madinat Hamad,0,26.100766,50.506651,https://opensooq-imagesv2.os-cdn.com/previews/700x0/b9/1c/b91cba0d6b8d4d80ce54d9ccad754e76fc119535561ed67621be44d6740f2d10.jpg.webp,115000,BHD,2026-11-11
https://bh.opensooq.com/en/search/286051102,للبيع بيت في المحرق فريج البنعلي زاويه 30 الف,Bahrain,Muharraq,Muharraq City,0,26.252598,50.617923,https://opensooq-imagesv2.os-cdn.com/previews/700x0/f2/91/f2915121b5010426d2b9390cf9849fa0c14efedff6a3aca3b57ead0bc20d862f.jpg.webp,30000,BHD,2026-10-22
https://bh.opensooq.com/en/search/286050434,للبيع بيت المحرق بالقرب مطعم الأسره,Bahrain,Muharraq,Muharraq City,0,26.259503,50.612516,https://opensooq-imagesv2.os-cdn.com/previews/700x0/07/34/0734f39d92a666c58dfc0e9860d6c8656ed96ee8861552ac9dbe5ca8eaa54d97.jpg.webp,70000,BHD,2026-10-22
https://bh.opensooq.com/en/search/286049860,للبيع بيت زاويه في قلالي,Bahrain,Muharraq,Galaly,0,26.272629,50.652645,https://opensooq-imagesv2.os-cdn.com/previews/700x0/00/45/0045d213cddfa5caacc15455588c54292f2efaed9dff37cb8f90fca651a4607f.jpg.webp,90000,BHD,2026-10-22
https://bh.opensooq.com/en/search/286048434,للبيع شقة ديلوكس  في منطقة الحد الجديدة قريبة من جميع الخدمات,Bahrain,Muharraq,Hidd,5,26.253492,50.608256,https://opensooq-imagesv2.os-cdn.com/previews/700x0/e0/16/e0163022e5381babf00f22a5fc5a99c5e3996949689c8651073f0c6b8cf0c154.jpg.webp,65000,BHD,2026-10-22
https://bh.opensooq.com/en/search/287042146,Fully Furnished apartment,Bahrain,Muharraq,Amwaj Islands,3,26.295426,50.658558,https://opensooq-imagesv2.os-cdn.com/previews/700x0/ff/3e/ff3ee10314b5dfdc769ae452ab9b048b36881e885d878abf4a36e2188ed73bce.jpg.webp,73000,BHD,2026-11-11
https://bh.opensooq.com/en/search/287041222,فله ديار المحرق,Bahrain,Muharraq,Muharraq City,0,26.253492,50.608257,https://opensooq-imagesv2.os-cdn.com/previews/700x0/2f/60/2f601d63fc949d5cbde3d261344b738fafe842edff43250941388ad8bee3d0f1.jpg.webp,122000,BHD,2026-11-11
https://bh.opensooq.com/en/search/286035798,للبيع شقه في عراد كبيره المساحة 376 متر,Bahrain,Muharraq,Arad,6+,26.258626,50.64554,https://opensooq-imagesv2.os-cdn.com/previews/700x0/2b/a7/2ba7f680cd5c813c767c174e4ff854bb9cc40b72e6a4ae2d44a08080b0af5c94.jpg.webp,115000,BHD,2026-10-22
https://bh.opensooq.com/en/search/286028522,للبيع شقق جديدة  (دوبلوكس) في الرفاع البحير,Bahrain,Southern Governorate,Riffa,5,26.131557,50.540735,https://opensooq-imagesv2.os-cdn.com/previews/700x0/0a/02/0a0261c27055142fbfbc777a47fa6eff0955e0db0873e401ffdd1b49a510f96f.jpg.webp,72000,BHD,2026-10-22
https://bh.opensooq.com/en/search/286026612,للبيع شقة تشطيب دي لوكس في موقع مميز في   الحد الجديدة,Bahrain,Muharraq,Hidd,4,26.253492,50.608256,https://opensooq-imagesv2.os-cdn.com/previews/700x0/c4/ae/c4ae195cca2a68de1858ba6692e35e3a1dceb2b0e8e79b01d74368cb463729c5.jpg.webp,63000,BHD,2026-10-22
https://bh.opensooq.com/en/search/286025080,للبيع شقة تملك حر لجميع الجنسيات تنقسم إلى   شقتين في موقع مميز في الحد الجديدة,Bahrain,Muharraq,Hidd,5,26.253492,50.608257,https://opensooq-imagesv2.os-cdn.com/previews/700x0/d3/4b/d34bceac37c06ce6419d23aae25f38791da6982130bd9d611f5ce2562b15c5a7.jpg.webp,66000,BHD,2026-10-22
https://bh.opensooq.com/en/search/286024048,للبيع شقق تمليك في الحد الجديده,Bahrain,Muharraq,Hidd,4,26.23803,50.651482,https://opensooq-imagesv2.os-cdn.com/previews/700x0/89/ae/89ae56e57183c10fe726ebe28e13cc9acc2476f029f8fd30146870ce4c0672a9.jpg.webp,60000,BHD,2026-10-22
https://bh.opensooq.com/en/search/287010502,للبيع صالون رجالي فاخر  Brand-new بالكامل في شارع البديع  BRAND-NEW LUXURY MEN’S BARBERSHOP FOR SALE,Bahrain,Northern Governorate,Budaiya,0,26.219666,50.495667,https://opensooq-imagesv2.os-cdn.com/previews/700x0/87/5d/875db7211b503e944426629334db9e25a7d05b25980c528f518fd2601ae87f1c.jpg.webp,5500,BHD,2026-11-11
https://bh.opensooq.com/en/search/287002390,Brand new Restaurant for sale in Manama,Bahrain,Manama,Al-Salmaniya,0,26.223986,50.570965,https://opensooq-imagesv2.os-cdn.com/previews/700x0/47/b4/47b4991d3107ec5e18e26b19b2d93a973b197d68a426b16bdfbef6b89a5c5631.jpg.webp,4000,BHD,2026-11-10
https://bh.opensooq.com/en/search/287001602,فيلا جديدة للبيع – ديار المحرق,Bahrain,Muharraq,Diyar Al Muharraq,0,,,https://opensooq-imagesv2.os-cdn.com/previews/700x0/8b/00/8b004b4a5147ec040cf41d5fc6d25cd5e482593928e32b7b624ebf047b4b714d.jpg.webp,230000,BHD,2026-11-10
https://bh.opensooq.com/en/search/286996774,للبيع أرض سكني في الهمله,Bahrain,Northern Governorate,Hamala,0,26.138673,50.477345,https://opensooq-imagesv2.os-cdn.com/previews/700x0/9e/57/9e57246e3e2d57b0a07e9ab81a0c1ef1a8ad9a32f618575058d73029e18b1b09.png.webp,60000,BHD,2026-11-10
https://bh.opensooq.com/en/search/286995578,منزل للبيع في البديع,Bahrain,Northern Governorate,Budaiya,0,26.210929,50.448906,https://opensooq-imagesv2.os-cdn.com/previews/700x0/96/54/9654e8a48b5d0b7361d6d0158cef17d374ca3d75d01ec2c872ce106592de4d5d.jpg.webp,120000,BHD,2026-11-10
https://bh.opensooq.com/en/search/286995150,للبيع أرض في عراد,Bahrain,Muharraq,Arad,0,26.257433,50.638602,https://opensooq-imagesv2.os-cdn.com/previews/700x0/a8/10/a810eed69a843c7477ec49c4c9bedf37d7a048074bdc7800b083e6f4e77b019d.png.webp,125000,BHD,2026-11-10
https://bh.opensooq.com/en/search/286000092,للبيع فيلا جديده في الحد,Bahrain,Muharraq,Hidd,0,26.253492,50.608256,https://opensooq-imagesv2.os-cdn.com/previews/700x0/3c/ed/3ced89bb0f257815c5de60c2d8ff51946e8e188b913ad43ccacbf7c5eb59c0f6.jpg.webp,175000,BHD,2026-10-21
https://bh.opensooq.com/en/search/285998640,للبيع بيت في مدينة حمد مع الفرش,Bahrain,Southern Governorate,Other,0,26.127414,50.506352,https://opensooq-imagesv2.os-cdn.com/previews/700x0/b8/b9/b8b9828f311c0fc04d70723dfe67c1df4d88d0daa33b10aecac75d714c6817f2.jpg.webp,125000,BHD,2026-10-21
https://bh.opensooq.com/en/search/285997886,للبيع شقق تمليك في الحد الجديده,Bahrain,Muharraq,Hidd,4,26.24251,50.649339,https://opensooq-imagesv2.os-cdn.com/previews/700x0/94/ee/94ee5eb16e5b70025d5236221e6d9484c24aa2c9c3b018687c463655323e2444.jpg.webp,60000,BHD,2026-10-21
https://bh.opensooq.com/en/search/285997458,للبيع شقه في الجفير تمليك حر للأجانب,Bahrain,Manama,Juffair,1,26.21628,50.614678,https://opensooq-imagesv2.os-cdn.com/previews/700x0/15/c5/15c54cc46222be84a105e100e57510ba380e422aab003b51dddff6d804c1cee4.jpg.webp,38000,BHD,2026-10-21
https://bh.opensooq.com/en/search/286939840,"Apartment for sale Northern Tower, New Juffair (near Fontana Tower)",Bahrain,Manama,Juffair,2,26.212971,50.60289,https://opensooq-imagesv2.os-cdn.com/previews/700x0/d3/62/d362e638decc1685511957203d2170e08b572688c7a70d5d3586a026b4c3bfd4.jpg.webp,45000,BHD,2026-11-09
https://bh.opensooq.com/en/search/286985306,Building for very goods conditions like new 2 side car parking near romiz arad,Bahrain,Muharraq,Arad,0,26.253438,50.641868,https://opensooq-imagesv2.os-cdn.com/previews/700x0/e5/66/e5665c51192a1d0b5a1e0640073be0e0ae4093894ba646f6466274b9f2209238.jpg.webp,240000,BHD,2026-11-10
https://bh.opensooq.com/en/search/286983284,للبيع فى الجفير من المالك مباشره شقه فاخره مفروشه بالكامل مساحة 74متر,Bahrain,Manama,Juffair,1,26.234152,50.64735,https://opensooq-imagesv2.os-cdn.com/previews/700x0/72/23/722364cb886cb5a4496667dbaf188cba3910456d0645aaed888398df1eec814a.jpg.webp,38000,BHD,2026-11-10
https://bh.opensooq.com/en/search/285988100,شقق جديدة للبيع في الرفاع البحير,Bahrain,Southern Governorate,Riffa,5,26.131557,50.540733,https://opensooq-imagesv2.os-cdn.com/previews/700x0/ac/8e/ac8e9cec2636f0c08a5ce3cceb4932f6e7abc5667f1f9f660636a99c8d9c71ea.jpg.webp,72000,BHD,2026-10-21
https://bh.opensooq.com/en/search/285988122,للبيع شقه في مدينة حمد 26 الف,Bahrain,Northern Governorate,Madinat Hamad,3,26.089817,50.498676,https://opensooq-imagesv2.os-cdn.com/previews/700x0/ce/e1/cee1e9edb58e3c14169ea41b6163541057fe4db13bb9d67b51b423bf85f17059.jpg.webp,26000,BHD,2026-10-21
https://bh.opensooq.com/en/search/285982508,للبيع فيلا جديده في الحد,Bahrain,Muharraq,Hidd,5,26.253492,50.608256,https://opensooq-imagesv2.os-cdn.com/previews/700x0/1c/18/1c184c7ebdec31f0cd4c77f5fbb984d87139c2a1a2abfce82fd75488b6a8afc8.jpg.webp,165000,BHD,2026-10-21
https://bh.opensooq.com/en/search/286972460,**URGENT SALE** **IN RENT** HOORA APARTMENT FOR SALE IN MANAMA,Bahrain,Manama,Hoora,0,,,https://opensooq-imagesv2.os-cdn.com/previews/700x0/0d/2e/0d2eaf78383a94d990787d32ceaf1397460dfe6b7f14ae2bd8a3c247c325a25c.jpg.webp,57400,BHD,2026-11-10
https://bh.opensooq.com/en/search/286968564,للبيع ارض في ديار المحرق من المالك مباشرة,Bahrain,Muharraq,Diyar Al Muharraq,0,,,https://opensooq-imagesv2.os-cdn.com/previews/700x0/60/f3/60f3a486333c08674d3512e86fceecccf31d814101eeb3c19420d7294efb4fea.jpg.webp,137200,BHD,2026-11-10
https://bh.opensooq.com/en/search/286596456,شقة مفروشة في عراد,Bahrain,Muharraq,Arad,2,26.253357,50.639523,https://opensooq-imagesv2.os-cdn.com/previews/700x0/50/b8/50b8ef4fd8287198b2f19d2447c1acd4faede91f67c9a29e3e2f1e588ddccf99.jpg.webp,39000,BHD,2026-10-11
https://bh.opensooq.com/en/search/285954254,للبيع شقة تشطيب دي لوكس في موقع مميز في الحد الجديدة شامل المكيفات,Bahrain,Muharraq,Hidd,3,26.253492,50.608257,https://opensooq-imagesv2.os-cdn.com/previews/700x0/23/db/23db187a46c0fef59dbf154ce86a56b68df37b6250922309ac4360c333e35d4d.jpg.webp,43000,BHD,2026-10-20
https://bh.opensooq.com/en/search/286951880,للبيع أرض سكنية بإطلالة بحرية في الحد بسعر رخيص,Bahrain,Muharraq,Hidd,0,26.239066,50.642132,https://opensooq-imagesv2.os-cdn.com/previews/700x0/c7/60/c7608a1fb485dd9f3dd23353412af01b1ac54c94b7c6296fd10d05052af92ef6.jpg.webp,133015,BHD,2026-11-09
https://bh.opensooq.com/en/search/285952450,شقة عائلية فاخرة في الحد بمساحة واسعة وتصميم متكامل,Bahrain,Muharraq,Hidd,5,26.253492,50.608256,https://opensooq-imagesv2.os-cdn.com/previews/700x0/39/e5/39e59707c359206299b8923b4d405349b187c233537459041be40e4b8e7c8dd3.jpg.webp,69000,BHD,2026-10-20
https://bh.opensooq.com/en/search/286888746,للبيع بيت استثماري مميز في الرفاع الشرقي,Bahrain,Southern Governorate,Eastern Riffa,0,26.133574,50.53791,https://opensooq-imagesv2.os-cdn.com/previews/700x0/f7/6d/f76d003ee39867cec85aad9557bdcf2d66e410c040b7f9db5635c2c1cec99a4a.jpg.webp,95000,BHD,2026-11-09
https://bh.opensooq.com/en/search/286886146,بركه سباحه مساحه 1000 متر قفلي يا بلاش,Bahrain,Northern Governorate,Buri,0,,,https://opensooq-imagesv2.os-cdn.com/previews/700x0/fd/39/fd39254bc05bf475813a3b8932fb7512d2b12d6160f56fdfa0beb32e6a05d807.jpg.webp,25000,BHD,2026-11-08
https://bh.opensooq.com/en/search/286879496,مطلوب فيلا او ارض من المالك مباشر,Bahrain,Northern Governorate,Other,0,26.226837,50.518459,https://opensooq-imagesv2.os-cdn.com/previews/700x0/93/bb/93bbcf4ee073cbf505bbf45832b11ed2f24ccf740f7a4b655a3208f5e71cb786.png.webp,100000,BHD,2026-11-08
https://bh.opensooq.com/en/search/286879162,ارض كرزكان جميع الخدمات و جاهزة للبناء,Bahrain,Northern Governorate,Karzakkan,0,26.11064,50.474759,https://opensooq-imagesv2.os-cdn.com/previews/700x0/de/dc/dedc0b6f58581d64d7002cd82ce3666c945767eeb7cb7bc4e5a5d2befab79089.jpg.webp,106500,BHD,2026-11-08
https://bh.opensooq.com/en/search/286868406,للبيع فيلا في البسيتين الساية,Bahrain,Muharraq,Busaiteen,0,26.278477,50.600689,https://opensooq-imagesv2.os-cdn.com/previews/700x0/ac/7c/ac7c564c67f12d51e71a2ea7b236f24ab582aa8ff3869f4291707658f124e7b0.jpg.webp,142000,BHD,2026-11-08
https://bh.opensooq.com/en/search/286815048,مطعم للبيع,Bahrain,Northern Governorate,Malikiyah,0,26.108635,50.483191,https://opensooq-imagesv2.os-cdn.com/previews/700x0/d8/da/d8dacf29484f076fbfd25ab456ed1b5371181a2e772ba113633f340a7ffe1252.jpg.webp,8700,BHD,2026-11-07
https://bh.opensooq.com/en/search/286854014,شقق للبيع جميع  أنحاء مملكه البحرين,Bahrain,Muharraq,Muharraq City,2,,,https://opensooq-imagesv2.os-cdn.com/previews/700x0/90/9f/909f301c12b5704fc7332db17ee68236f5d7538fe8353f974bcd9276bab4f334.jpg.webp,1000,BHD,2026-11-07
https://bh.opensooq.com/en/search/286800716,للبيع محل باستا وبيتزا – جرداب,Bahrain,Central Governorate,Jurdab,0,,,https://opensooq-imagesv2.os-cdn.com/previews/700x0/04/46/04463521da59433bb1f20a31d105a020ea0215e5f740c2d1783f6f95d44a7756.jpg.webp,5000,BHD,2026-11-06
https://bh.opensooq.com/en/search/286849886,ارض سكنية للبيع في الحد,Bahrain,Muharraq,Hidd,0,26.241534,50.645067,https://opensooq-imagesv2.os-cdn.com/previews/700x0/bc/da/bcdadf7d8b3729dac0d5de09bb7de7f2fc9c68ad88b1388dc8d26ac2e3820335.jpg.webp,102000,BHD,2026-11-07
https://bh.opensooq.com/en/search/285856636,للبيع شقة في منطقة قلالي,Bahrain,Muharraq,Galaly,2,,,https://opensooq-imagesv2.os-cdn.com/previews/700x0/c5/d7/c5d7ec1f970dfed3598af55d564bbc2967ad4a2bab54c3c6726e049fdbdb328b.jpg.webp,48000,BHD,2026-10-18
https://bh.opensooq.com/en/search/286789978,للبيع فيلا في بسيتين تحديداً السايه,Bahrain,Muharraq,Busaiteen,0,,,https://opensooq-imagesv2.os-cdn.com/previews/700x0/01/78/01787a0cd2268fe774b286d75712ba06e43ebd6782bc6054d4080c5f68169f4d.jpg.webp,175000,BHD,2026-11-06
https://bh.opensooq.com/en/search/286842076,شقة واسعة شبة مؤثثة للبيع في الحد الجديدة,Bahrain,Muharraq,Hidd,4,26.253492,50.608257,https://opensooq-imagesv2.os-cdn.com/previews/700x0/e1/69/e169a98d1ca5280c268a0fd51bcd9f9c563ff05edb3401e30dff49ae4b3120d1.jpg.webp,80000,BHD,2026-11-07
https://bh.opensooq.com/en/search/286814746,للبيع بيت في الرفاع,Bahrain,Southern Governorate,Riffa,0,,,https://opensooq-imagesv2.os-cdn.com/previews/700x0/74/bd/74bd57d6f668370575437282e732fb25c555464a69899f7ea4362bd9f9e2d565.jpg.webp,95000,BHD,2026-11-07
https://bh.opensooq.com/en/search/286811214,بنايه للبيع في الرفاع الشمالي مدخول 6000 دينار صافي,Bahrain,Central Governorate,Riffa Al Shamali,0,26.144133,50.547207,https://opensooq-imagesv2.os-cdn.com/previews/700x0/21/d4/21d442efa442c130b1aa7014a9161c685e0c9a0e7c0d8d5877b4bff97790900a.jpg.webp,680000,BHD,2026-10-08
https://bh.opensooq.com/en/search/286802556,للبيع منزل أسكان,Bahrain,Northern Governorate,Madinat Hamad,0,,,https://opensooq-imagesv2.os-cdn.com/previews/700x0/f6/6d/f66d67fab86a714edfd2cdfee3f3d03296c35d507f6abdbc5c96a1f1aef53b3b.jpg.webp,120000,BHD,2026-11-06
https://bh.opensooq.com/en/search/286801700,للبيع مبنى تجاري,Bahrain,Muharraq,Hidd,0,26.241175,50.649907,https://opensooq-imagesv2.os-cdn.com/previews/700x0/97/b0/97b08a354d32679582b95438d612d469a21224c48eda9df7e187c1eae741f3bd.jpg.webp,55000,BHD,2026-11-06
https://bh.opensooq.com/en/search/286792906,للبيع أرض موقع مميز في قلالي علي شارع,Bahrain,Muharraq,Galaly,0,26.269632,50.656811,https://opensooq-imagesv2.os-cdn.com/previews/700x0/6c/99/6c9913f2b381428747a0cfbda3568bd5a9b56c1ec225a38b1b46edfb00271df0.jpg.webp,105000,BHD,2026-11-06
https://bh.opensooq.com/en/search/286787156,للبيع مطعم مجهز بالكامل على الشارع الرئيسي في قلالي,Bahrain,Muharraq,Galaly,0,26.278323,50.653189,https://opensooq-imagesv2.os-cdn.com/previews/700x0/da/64/da649f6b05f40f4961308fae1fc1828e8e1b5dc7af53d2f78bc11234dfa9fcfb.png.webp,7500,BHD,2026-11-06
https://bh.opensooq.com/en/search/284768784,للبيع فيلا فاخرة توبلي Luxury Villa Forsale in Tubli,Bahrain,Central Governorate,Tubli,0,26.199556,50.561993,https://opensooq-imagesv2.os-cdn.com/previews/700x0/9b/ac/9bac53907d0c7093fc3c7203f5a5be2b4ad9b9f959bed97a8351b414cd77be83.jpg.webp,250000,BHD,2026-10-27
https://bh.opensooq.com/en/search/285771226,للبيع قطعتين أرض متلاصقتين وسط المنامة خلف بناية الزامل,Bahrain,Manama,Manama Souk,0,26.226313,50.576595,https://opensooq-imagesv2.os-cdn.com/previews/700x0/e5/7b/e57bb95041c6b594e8ccadd34b429f6199750bc20d5494af5433c28dd983222a.jpg.webp,75000,BHD,2026-10-07
https://bh.opensooq.com/en/search/286716168,للبيع مبنى قفلي في الهمله,Bahrain,Northern Governorate,Hamala,0,26.138673,50.477345,https://opensooq-imagesv2.os-cdn.com/previews/700x0/7f/27/7f277bc588a24c98f310011049ea0a6667692dc91ca9b865321aa9041b27a0e7.jpg.webp,13000,BHD,2026-11-05
https://bh.opensooq.com/en/search/284791986,للبيع أرض استثمارية مميزة في توبلي – من المالك مباشرة,Bahrain,Central Governorate,Tubli,0,26.185668,50.553771,https://opensooq-imagesv2.os-cdn.com/previews/700x0/7e/a6/7ea6a16d18fc71d4db5564561922a1cb442dcf4f7f791973d0814c020767e0a1.jpg.webp,341000,BHD,2026-09-27
https://bh.opensooq.com/en/search/286740900,للبيع بيت قديم في المحرق,Bahrain,Muharraq,Muharraq City,0,26.258781,50.605751,https://opensooq-imagesv2.os-cdn.com/previews/700x0/21/cb/21cb67302ae410cd32dae222436446f4e099cd92ceb5e284065b095288a0ef95.jpg.webp,33000,BHD,2026-11-05
https://bh.opensooq.com/en/search/285742866,للبيع شقة كبيرة في منطقة الحد,Bahrain,Muharraq,Hidd,4,26.253492,50.608256,https://opensooq-imagesv2.os-cdn.com/previews/700x0/74/a3/74a3208af9d64eafc3a54d4e74ea756cacb4299a33cf2a46924ae38e8ac258bd.jpg.webp,65000,BHD,2026-10-16
https://bh.opensooq.com/en/search/286711478,مدينةالحد/شقة راقية للبيع نظام عربي تشطيب راقي بسعر مغري,Bahrain,Muharraq,Hidd,4,26.235097,50.652111,https://opensooq-imagesv2.os-cdn.com/previews/700x0/0e/1a/0e1adbaba15243368f9dfc6eb1bec3ab7d97449182624744b3db438731ad452e.jpg.webp,57500,BHD,2026-11-05
https://bh.opensooq.com/en/search/286653756,RUNNING LADIES SALON FOR SALE – BAHRAIN  Well-established and fully operational ladies salon availab,Bahrain,Northern Governorate,Other,0,,,https://opensooqui2.os-cdn.com/noImage/no-image-en.png,3200,BHD,2026-11-04
https://bh.opensooq.com/en/search/286691482,مبنى تجاري مؤجر بالكامل الحجيات للبيع,Bahrain,Southern Governorate,Riffa,0,26.123444,50.58654,https://opensooq-imagesv2.os-cdn.com/previews/700x0/a1/65/a165d9e9d58bd337627800e607de4004943a6dd6557f38ddea6bc2d0845ca586.jpg.webp,151000,BHD,2026-11-04
https://bh.opensooq.com/en/search/285698076,للبيع شقة 3 غرف في الحد بسعر مميز,Bahrain,Muharraq,Hidd,3,26.253492,50.608256,https://opensooq-imagesv2.os-cdn.com/previews/700x0/5d/dc/5ddc50497d2940898f18117ec3f8d6e48b407882031dffeca173c788c16c7fc5.jpg.webp,45000,BHD,2026-10-15
https://bh.opensooq.com/en/search/285694448,للبيع شقة في الحد 3 غرف بسعر مميز,Bahrain,Muharraq,Hidd,3,26.253492,50.608257,https://opensooq-imagesv2.os-cdn.com/previews/700x0/80/43/8043caf5011615b609a38e3394a88864d99998068a4044588d8fbbaa6d84712f.jpg.webp,48000,BHD,2026-10-15
https://bh.opensooq.com/en/search/286670076,Ladies saloon,Bahrain,Muharraq,Galaly,0,26.28201,50.644517,https://opensooq-imagesv2.os-cdn.com/previews/700x0/6c/42/6c422f7d671f62136e19f61382ea38fb0215a6d8b4f5c0dca44632157a6c4ac6.jpg.webp,8000,BHD,2026-11-04
https://bh.opensooq.com/en/search/286650276,For Sale Fully Furnished Apartment in Mahooz,Bahrain,Manama,Umm Al Hassam,2,,,https://opensooq-imagesv2.os-cdn.com/previews/700x0/56/69/5669e8c0f9dc175c507d98f4155ac014731d860de918eb6fd5d18f3a9a0fd8d0.jpg.webp,52000,BHD,2026-11-04
https://bh.opensooq.com/en/search/285655020,للبيع شقة دبلوكس نظام طابقين في منطقة الحد,Bahrain,Muharraq,Hidd,3,26.253492,50.608257,https://opensooq-imagesv2.os-cdn.com/previews/700x0/84/4d/844d3dc56f874f78194347002ab690244cad7a3d77fda5b5cddfc0145ce5e16d.jpg.webp,65000,BHD,2026-10-14
https://bh.opensooq.com/en/search/286634630,مالك مباشر,Bahrain,Muharraq,Hidd,4,26.253492,50.608256,https://opensooq-imagesv2.os-cdn.com/previews/700x0/eb/c2/ebc2fa996ab0f564aa03fd407b7555ab0d0409d8856b6f87a73c8bc07e43834d.jpg.webp,54000,BHD,2026-11-03
https://bh.opensooq.com/en/search/286634294,للبيع بنايه مكونه من شقتين بمنطقه المحرق من الملك مباشره,Bahrain,Muharraq,Muharraq City,0,26.25345,50.607109,https://opensooq-imagesv2.os-cdn.com/previews/700x0/af/8b/af8b7fe4e20864150b437bf68da9b742835fb7194020a2192e6d5a6b3bc0419d.jpg.webp,80000,BHD,2026-11-03
https://bh.opensooq.com/en/search/285647206,للبيع شقة تشطيب دي لوكس في موقع مميز في   الحد الجديدة,Bahrain,Muharraq,Hidd,4,26.253492,50.608256,https://opensooq-imagesv2.os-cdn.com/previews/700x0/6f/f3/6ff3fbd02bb9cd88ab8431b8422e5d591f80df67a9c854151be45905f1563af6.jpg.webp,65000,BHD,2026-10-14
https://bh.opensooq.com/en/search/286587392,فيلا مفروشه للبيع في امواج,Bahrain,Muharraq,Amwaj Islands,0,26.291111,50.665278,https://opensooq-imagesv2.os-cdn.com/previews/700x0/bc/7b/bc7b64c75a50bf20ce698b4c605da5b2e33b86f8e8770f72f5dbe5d45f744aa0.jpg.webp,300000,BHD,2026-11-02
https://bh.opensooq.com/en/search/286631606,للبيع شقة استوديو في بناية بن فقيه ف الحد,Bahrain,Muharraq,Hidd,Studio,,,https://opensooq-imagesv2.os-cdn.com/previews/700x0/c5/35/c535e2efa0493b9cc9b1597861823566111903128b4744e8fa6e0e8705bb08a7.jpg.webp,36000,BHD,2026-11-03
https://bh.opensooq.com/en/search/285642578,للبيع شقة في منطقة الحد الجديدة قريبة من جميع الخدمات,Bahrain,Muharraq,Hidd,5,26.253492,50.608257,https://opensooq-imagesv2.os-cdn.com/previews/700x0/32/e6/32e60a5abb5475bb9ded090395a72328e210d655dff4e481f694c6f0830ea9b1.jpg.webp,72000,BHD,2026-10-14
https://bh.opensooq.com/en/search/286627002,للبيع شقة ديلوكس في منطقه الحد الجديدة,Bahrain,Muharraq,Hidd,3,26.253492,50.608256,https://opensooq-imagesv2.os-cdn.com/previews/700x0/16/e5/16e5bcd4c69db19aa180058e1157cd3c70b83a4c98e7d66ce7ec9c49b9c91338.jpg.webp,42000,BHD,2026-11-03
https://bh.opensooq.com/en/search/286617996,للبيع بيت في المحرق House in Muharraq,Bahrain,Muharraq,Muharraq City,0,,,https://opensooq-imagesv2.os-cdn.com/previews/700x0/25/a7/25a7325441c219666679bef1e88f19e3b8ed566c88ac734ffde37853bd4ca826.jpg.webp,39000,BHD,2026-11-03
https://bh.opensooq.com/en/search/285600742,للبيع شقة تملك حر لجميع في منطقة الحد الجديدة قريبة من جميع الخدمات,Bahrain,Muharraq,Hidd,5,26.253492,50.608257,https://opensooq-imagesv2.os-cdn.com/previews/700x0/54/6b/546b4b85b0257561882bcb44d04b17a05e30e9ae9625958176aa3d39c7c3febc.jpg.webp,76000,BHD,2026-10-13
https://bh.opensooq.com/en/search/286562992,بناية تجارية وسكنية للبيع في المحرق علي شارعين بسعر مميز ومدخول قوي,Bahrain,Muharraq,Muharraq City,0,26.253492,50.608257,https://opensooq-imagesv2.os-cdn.com/previews/700x0/dd/75/dd757406c24d9452c7191bb1d5dd8af5eaa9674d92cce8f955cd2967a1529cb4.jpg.webp,190000,BHD,2026-11-02
https://bh.opensooq.com/en/search/286562942,للبيع بيت في قلالي,Bahrain,Muharraq,Galaly,0,26.273173,50.649633,https://opensooq-imagesv2.os-cdn.com/previews/700x0/d0/1d/d01d8ff7823fe63fdb7a73c3e8965fa38cf4ec65cf901d228783e50bd3d991f4.jpg.webp,75000,BHD,2026-11-02
https://bh.opensooq.com/en/search/286513496,للبيع منزل في مدينة حمد,Bahrain,Northern Governorate,Madinat Hamad,0,26.105122,50.504936,https://opensooq-imagesv2.os-cdn.com/previews/700x0/63/a3/63a34747883df442029f4380e03c40f9c5045fc681225b5ed07eb15a43bcac76.jpg.webp,120000,BHD,2026-11-01
https://bh.opensooq.com/en/search/285559322,للبيع شقة في منطقة الحد الجديدة قريبة من جميع الخدمات,Bahrain,Muharraq,Hidd,3,26.253492,50.608257,https://opensooq-imagesv2.os-cdn.com/previews/700x0/69/b6/69b665a36252b4637b7ca976330cf05558131daa7d6c2164e445ba8084381de5.jpg.webp,48000,BHD,2026-10-12
https://bh.opensooq.com/en/search/285558476,للبيع شقة دبلوكس نظام طابقين في منطقة الحد الجديدة قريبة من جميع الخدمات,Bahrain,Muharraq,Hidd,4,26.253492,50.608256,https://opensooq-imagesv2.os-cdn.com/previews/700x0/f4/0c/f40c5c2519e4f352aa51bd5cc7b7c339b9b0b60489cda50d0effd82395c660f5.jpg.webp,72000,BHD,2026-10-12
https://bh.opensooq.com/en/search/286549590,شقه راقيه بالجفير,Bahrain,Manama,Juffair,2,,,https://opensooq-imagesv2.os-cdn.com/previews/700x0/83/ae/83ae70e656cd6eef532d82ef269c5eb30e33da97f6ac2ba3363fe3d4552d8f45.jpg.webp,51000,BHD,2026-11-01
https://bh.opensooq.com/en/search/286542408,اجمل و ارخص ارض في دلمونيا على البحر المفتوح 774متر مربع..,Bahrain,Muharraq,Dilmunia Island,0,26.276609,50.677277,https://opensooq-imagesv2.os-cdn.com/previews/700x0/c7/71/c771f0abe8b2f4fd5af8d1a460059074050fb8db95510d72b0784238d323f582.jpg.webp,250000,BHD,2026-11-01
https://bh.opensooq.com/en/search/286541994,للبيع شقة ثلاث غرف في منطقة الحد الجديدة,Bahrain,Muharraq,Hidd,3,26.253492,50.608256,https://opensooq-imagesv2.os-cdn.com/previews/700x0/0e/9b/0e9bbd646effe38ffb19aa59f70996ff524e415fc322d58cc1b028f50157a1db.jpg.webp,42000,BHD,2026-11-01
https://bh.opensooq.com/en/search/286541942,Studio Apartment for Sale – Waterbay Middle Tower,Bahrain,Manama,Bahrain Bay,Studio,26.247198,50.581901,https://opensooq-imagesv2.os-cdn.com/previews/700x0/20/41/204155bc3e1ddf51ecc96c16028b7748da598629d93b30b74a5bd504e947aa1b.jpg.webp,48000,BHD,2026-11-01
https://bh.opensooq.com/en/search/286539156,للبيع مبنى تجاري,Bahrain,Muharraq,Galaly,0,26.272331,50.655494,https://opensooq-imagesv2.os-cdn.com/previews/700x0/6d/e0/6de04ce307a49a5e725886b61e62868dd7aa3a28194091263ea391d01380eed4.png.webp,10000000,BHD,2026-11-01
https://bh.opensooq.com/en/search/286535406,منزل كبير في دوار 22 فرصة استثمارية,Bahrain,Northern Governorate,Dar Kulaib,0,26.060846,50.510864,https://opensooq-imagesv2.os-cdn.com/previews/700x0/cc/cc/cccce637bebd8fe02b2a0d2a8473c36acd5f82d39ff9685f3efd0a5f2c055ef9.jpg.webp,170000,BHD,2026-11-01
https://bh.opensooq.com/en/search/284563138,.للبيع ارض استثماري تصلح لمشروع شقق او سكني,Bahrain,Central Governorate,Tubli,0,26.190035,50.556601,https://opensooq-imagesv2.os-cdn.com/previews/700x0/e7/b6/e7b63a494a726f81c9634d5269bfcaabaa293b81984f2998c9250dac878ec52c.jpg.webp,118000,BHD,2026-09-22
https://bh.opensooq.com/en/search/284562684,للبيع شقة في الحد بسعر مميز,Bahrain,Muharraq,Hidd,3,26.253492,50.608257,https://opensooq-imagesv2.os-cdn.com/previews/700x0/69/50/695096228ed1c4f4c7fc269eaa8c688065479941fb52dd658d875390bede36ca.jpg.webp,41000,BHD,2026-09-22
https://bh.opensooq.com/en/search/284554378,شقة جديدة بتشطيب راقٍ ومساحات رحبة وبلكونات متعددة,Bahrain,Muharraq,Hidd,3,26.253492,50.608257,https://opensooq-imagesv2.os-cdn.com/previews/700x0/2a/4f/2a4ff55402c75655037d1a276f9af0e65381d1bcdfb1b40f1d9d106d9bb6e072.jpg.webp,48000,BHD,2026-09-22
https://bh.opensooq.com/en/search/285532724,للبيع شقة جديدة اول ساكن بسعر مغري جدا,Bahrain,Muharraq,Hidd,2,26.253492,50.608257,https://opensooq-imagesv2.os-cdn.com/previews/700x0/49/13/4913319b8aee7e2d1dc8626be8b2684a251b81d22c2059a8f46ae4b9412b046b.jpg.webp,37000,BHD,2026-10-12
https://bh.opensooq.com/en/search/284548822,للبيع أرض في منطقة الحد بسعر مميز جدا,Bahrain,Muharraq,Hidd,0,26.253492,50.608256,https://opensooq-imagesv2.os-cdn.com/previews/700x0/2c/39/2c3925fd64534629d4d9c8cd8d16e90fe690acd53e099c53191aa40f606690db.jpg.webp,134000,BHD,2026-09-22
https://bh.opensooq.com/en/search/286462582,للبيع بيت في سلمباد,Bahrain,Central Governorate,Salmabad,0,26.185616,50.526691,https://opensooq-imagesv2.os-cdn.com/previews/700x0/a1/7a/a17a19de5d5f7014187b47022a73a14b3f654f8db3c4871381db48e3962a8b27.jpg.webp,145000,BHD,2026-10-31
https://bh.opensooq.com/en/search/286497946,للبيع أرض في ضاحية السيف تصنيف BD,Bahrain,Manama,Seef,0,26.241944,50.537984,https://opensooq-imagesv2.os-cdn.com/previews/700x0/1a/2b/1a2b599158f2fd443870a14116fd8f86e2c198c947dcabc15c6d5c735a79722d.jpg.webp,339000,BHD,2026-10-31
https://bh.opensooq.com/en/search/286490002,للبيع شقة في الحد بسعر مميز,Bahrain,Muharraq,Hidd,3,26.253492,50.608256,https://opensooq-imagesv2.os-cdn.com/previews/700x0/cf/28/cf28acbba461c65cc0d3d7b03852c89ae3df6fa8d1a1547216ffa83b59d22071.jpg.webp,42000,BHD,2026-10-31
https://bh.opensooq.com/en/search/286488308,للبيع شقة في منطقة الحد بتشطيب ديلوكس,Bahrain,Muharraq,Hidd,4,26.253492,50.608256,https://opensooq-imagesv2.os-cdn.com/previews/700x0/e0/5c/e05c1c7f71ca0360c230742a148d1ffa8d8d64571dc94eaab48c4ca0449dec47.jpg.webp,52000,BHD,2026-10-31
https://bh.opensooq.com/en/search/286481632,كافيتيريا ممتازة في قلالي للبيع,Bahrain,Muharraq,Galaly,0,26.270718,50.655987,https://opensooq-imagesv2.os-cdn.com/previews/700x0/af/65/af6537c49e903b4f8542eab24e617bd946594fd58ea2bfa5fd74cd50d322f092.jpg.webp,800,BHD,2026-10-31
https://bh.opensooq.com/en/search/286395332,فودترك للمأكولات الشعبية,Bahrain,Northern Governorate,Madinat Hamad,0,,,https://opensooq-imagesv2.os-cdn.com/previews/700x0/cf/c5/cfc5eefc955b17041ba399db927484660837dde3fd4ca91fd0aab606ccd87eb1.jpg.webp,3000,BHD,2026-10-29
https://bh.opensooq.com/en/search/285458214,للبيع شقة مميزة في الحد,Bahrain,Muharraq,Hidd,3,26.253492,50.608257,https://opensooq-imagesv2.os-cdn.com/previews/700x0/ab/51/ab5103ecf2c48749898d07f77260a95f6b3aee8a7015a263a0393507703ca8fb.jpg.webp,46000,BHD,2026-10-10
https://bh.opensooq.com/en/search/286445966,للبيع بيت قديم عن أرض في المحرق فريج بن هندي,Bahrain,Muharraq,Muharraq City,0,26.25886,50.61031,https://opensooq-imagesv2.os-cdn.com/previews/700x0/da/31/da3109c89f25feda4d839b9719bae10e5a17d731f992770a78f1b4e6fac2a231.png.webp,50000,BHD,2026-10-30
https://bh.opensooq.com/en/search/286445244,للبيع بيت قديم زاوية في المحرق,Bahrain,Muharraq,Muharraq City,0,26.255058,50.609034,https://opensooq-imagesv2.os-cdn.com/previews/700x0/b9/66/b966e547fe7681125603dd666a833c9f2a59e6a81946752e83c7e0022bac86cf.jpg.webp,50000,BHD,2026-10-30
https://bh.opensooq.com/en/search/286443318,للبيع أرض في المحرق بالقرب مخبز دلمون,Bahrain,Muharraq,Muharraq City,0,26.261288,50.610354,https://opensooq-imagesv2.os-cdn.com/previews/700x0/61/16/6116452dcae69b788081620a24984daa0375e2be5a23ce77b41330bb5995ce22.png.webp,26000,BHD,2026-10-30
https://bh.opensooq.com/en/search/286441830,فيلا باربار,Bahrain,Northern Governorate,Barbar,0,,,https://opensooq-imagesv2.os-cdn.com/previews/700x0/e0/a8/e0a88aed3cce6de4a63b8c2b3e8a8b3f1b1a2a27629bba52873219a632b67bd0.jpg.webp,125000,BHD,2026-10-30
https://bh.opensooq.com/en/search/286432040,للبيع شقة في منطقة الحد,Bahrain,Muharraq,Hidd,4,26.253492,50.608256,https://opensooq-imagesv2.os-cdn.com/previews/700x0/c9/d4/c9d475b162e49502df97128ef8144e3b2cd081b8f6befcbd9af6ddabdc0f85cd.jpg.webp,63000,BHD,2026-10-30
https://bh.opensooq.com/en/search/286422816,للبيع أرض سكنية مميزة في منطقة توبلي,Bahrain,Manama,Other,0,26.201662,50.565189,https://opensooq-imagesv2.os-cdn.com/previews/700x0/f5/44/f544a1b36ff92c0629a3f6ba30e764c1a7e706130f436ccd54f4310011df955d.png.webp,123367,BHD,2026-10-30
https://bh.opensooq.com/en/search/286419418,للبيع بيت في المحرق بالقرب مدرسة طارق بن زياد,Bahrain,Muharraq,Muharraq City,0,26.261028,50.609901,https://opensooq-imagesv2.os-cdn.com/previews/700x0/01/16/01164f438ef408ba1553b4b4281478fab9cd20e2f985e0bdfb31fa8a570879fe.jpg.webp,90000,BHD,2026-10-30
https://bh.opensooq.com/en/search/286412668,أرض النعيم موقع مميز,Bahrain,Manama,Naim,0,,,https://opensooq-imagesv2.os-cdn.com/previews/700x0/9a/a0/9aa0b5e476b920b2a82c77084a3a9f8132aa3553e1b25339b0424f4166a4f0c7.jpg.webp,96000,BHD,2026-10-30
https://bh.opensooq.com/en/search/286412412,للبيع ارض سكنية في باربار,Bahrain,Northern Governorate,Barbar,0,,,https://opensooq-imagesv2.os-cdn.com/previews/700x0/8e/dd/8edd46916bf4b6d82cfd893d90ee9a3a10bb9bac93573630b3fe69a7bdd354a3.jpg.webp,58000,BHD,2026-10-30
https://bh.opensooq.com/en/search/286408284,فيلا راقية للبيع في الجنبية,Bahrain,Northern Governorate,Al Janabiyah,0,26.182207,50.46579,https://opensooq-imagesv2.os-cdn.com/previews/700x0/3c/71/3c71e08eb096f6004daf2cd7758f2d1b9a84f095fdb84fcde9c32e25ff41f006.jpg.webp,180000,BHD,2026-10-30
https://bh.opensooq.com/en/search/284447116,للبيع شقة كبيرة في منطقة الحد,Bahrain,Muharraq,Hidd,5,26.253492,50.608256,https://opensooq-imagesv2.os-cdn.com/previews/700x0/2c/eb/2cebc8f711864d94360bc2d137a27e07f594fb10783b2cb48a1e3df9428abf40.jpg.webp,73000,BHD,2026-09-19
https://bh.opensooq.com/en/search/284446764,للبيع شقة في منطقة الحد بسعر مميز تصلح لبرنامج تسهيل,Bahrain,Muharraq,Hidd,4,26.253492,50.608257,https://opensooq-imagesv2.os-cdn.com/previews/700x0/29/27/29270e8224069be28ed54dff17c09c049a340b63621040a4ddfd671e41a81230.jpg.webp,59000,BHD,2026-09-19
https://bh.opensooq.com/en/search/284443432,للبيع شقة في الحد بالقرب من جميع الخدمات,Bahrain,Muharraq,Hidd,3,26.253492,50.608257,https://opensooq-imagesv2.os-cdn.com/previews/700x0/83/64/836428164880ebeb091adff168a0b4c62c0fefa40c4a179d41b8470613f35d77.jpg.webp,50000,BHD,2026-09-19
https://bh.opensooq.com/en/search/284441726,للبيع شقة راقية في منطقة الحد بسعر مميز,Bahrain,Muharraq,Hidd,2,26.253492,50.608256,https://opensooq-imagesv2.os-cdn.com/previews/700x0/bf/76/bf762a015b26ef37f1d61281b314ead201f5d747ea5393c56f829ed832c7f366.jpg.webp,42000,BHD,2026-09-19
https://bh.opensooq.com/en/search/284437836,للبيع شقة كبيرة في منطقة الحد مع المكيفات,Bahrain,Muharraq,Hidd,5,26.253492,50.608257,https://opensooq-imagesv2.os-cdn.com/previews/700x0/38/4d/384d24ba1c64237f24cb9120b17ebd83121b78c4567ca6fc37e15deb821c8ef2.jpg.webp,69000,BHD,2026-09-19
https://bh.opensooq.com/en/search/286392216,للبيع مبنى تجاري في المحرق,Bahrain,Muharraq,Muharraq City,0,26.256315,50.607156,https://opensooq-imagesv2.os-cdn.com/previews/700x0/6c/e3/6ce3c8643776f46d89641d8911553129591b2a6f4ef711f2dc4097efcc752e60.jpg.webp,150000,BHD,2026-10-29
https://bh.opensooq.com/en/search/286390216,للبيع استديو مفروش في البسيتين بالقرب مستشفى الملك حمد والجامعه الايرلندية,Bahrain,Muharraq,Busaiteen,Studio,26.265051,50.597328,https://opensooq-imagesv2.os-cdn.com/previews/700x0/21/e9/21e9e43eeae4416bd5d2c057ea27b2cfd56bfbf231454e006626c1cd8ce413ac.jpg.webp,36000,BHD,2026-10-29
https://bh.opensooq.com/en/search/284434230,للبيع شقة في منطقة الحد,Bahrain,Muharraq,Hidd,4,26.253492,50.608257,https://opensooq-imagesv2.os-cdn.com/previews/700x0/eb/a9/eba9f79731f74e4d780bca013996cf8281c77e45f4fee7641406bfa87d9a3246.jpg.webp,64000,BHD,2026-09-19
https://bh.opensooq.com/en/search/286369044,BRAND NEW  MODERN INTERIOR  BEST INVESTMENT DEAL,Bahrain,Manama,Reef Island,2,26.236612,50.549747,https://opensooq-imagesv2.os-cdn.com/previews/700x0/d7/a1/d7a17c145a0077a7478aa71c48d16c962ec114446024990e3ae63a709257cadc.jpg.webp,90000,BHD,2026-10-29
https://bh.opensooq.com/en/search/286347390,فرصة عقارية للبيع بيت في الرفاع(اسكان البحير),Bahrain,Southern Governorate,Riffa,0,26.14676,50.57523,https://opensooq-imagesv2.os-cdn.com/previews/700x0/ac/44/ac44932f3820bb88a4f8c5ced24f175964aa2014ea55aab326b946a30dffb3c5.jpg.webp,82000,BHD,2026-10-28
https://bh.opensooq.com/en/search/286342310,للبيع فيلا تجارية ومحلات في قلالي,Bahrain,Muharraq,Galaly,0,26.270309,50.661218,https://opensooq-imagesv2.os-cdn.com/previews/700x0/ff/dd/ffdd7e34b072c22b5b9cd7a36757e49c6d2899627dbafa4336d66424c8b5bc21.jpg.webp,185000,BHD,2026-10-28
https://bh.opensooq.com/en/search/286341720,للبيع بيت في البديع,Bahrain,Northern Governorate,Budaiya,0,26.210929,50.448906,https://opensooq-imagesv2.os-cdn.com/previews/700x0/4d/45/4d45cffda153a810bee4b26c647727cb1a3003a2181baf3aeb3c80a715d0b0c8.jpg.webp,70000,BHD,2026-10-28
https://bh.opensooq.com/en/search/286323860,one bedroom in Fontana infinity,Bahrain,Manama,Juffair,1,26.224214,50.610861,https://opensooq-imagesv2.os-cdn.com/previews/700x0/2e/4e/2e4ea1b8277d13bd7d3da5f73931f46ec30a0cb4f84fafb9a505fdce3b63e72d.jpg.webp,80000,BHD,2026-10-28
https://bh.opensooq.com/en/search/286315788,House Forsale HamadTown R4 للبيع بيت في مدينة حمد الدوار الرابع,Bahrain,Northern Governorate,Madinat Hamad,0,26.126642,50.49593,https://opensooq-imagesv2.os-cdn.com/previews/700x0/c9/14/c9143cd9b366e8cd27cfbe77fcfb6166d730d4f945894a4dc361e9cf762dc6ad.jpg.webp,119000,BHD,2026-09-28
https://bh.opensooq.com/en/search/286314544,Coldstore for sale,Bahrain,Manama,Mahooz,0,26.209929,50.585119,https://opensooq-imagesv2.os-cdn.com/previews/700x0/82/9d/829d52efdd6737bb2a7e348b4493b14046a0563c754f3e2ed33f6c07fb52d514.jpg.webp,1600,BHD,2026-10-28
https://bh.opensooq.com/en/search/286302738,شقق للبيع في البحير شامل المكيفات,Bahrain,Southern Governorate,Eastern Riffa,4,26.148118,50.573696,https://opensooq-imagesv2.os-cdn.com/previews/700x0/5b/3c/5b3ce5da8487b5868bc900e4f8d9be76ceb798138f0eacfed060219c5c903c94.jpg.webp,70000,BHD,2026-10-28
https://bh.opensooq.com/en/search/285313948,للبيع شقة كبيرة في منطقة الحد مع المكيفات,Bahrain,Muharraq,Hidd,4,26.253492,50.608256,https://opensooq-imagesv2.os-cdn.com/previews/700x0/9a/30/9a3008aa9bbf9b2ab80e2092d88b5bd17a408f70197bbb9b07f8d9974dd53129.jpg.webp,69000,BHD,2026-10-07
https://bh.opensooq.com/en/search/286247156,Fully furnished apartment in Danat Al Bahrain (Durrat Marina),Bahrain,Southern Governorate,Durrat Marina,2,25.868109,50.609509,https://opensooq-imagesv2.os-cdn.com/previews/700x0/7a/a9/7aa97104231e0972ed08702f8bee26a9a63f7050cf49913a13a7bfc9ef6810ab.jpg.webp,100000,BHD,2026-10-26
https://bh.opensooq.com/en/search/286267066,للبيع فود ترك مجدده بالكامل جديد مع ديبي جديد المطلوب 1000 و قابل,Bahrain,Southern Governorate,Askar,0,,,https://opensooq-imagesv2.os-cdn.com/previews/700x0/e4/e5/e4e55cf480e33eb42e00076ae2eb7aaa55af33d952ca29ed97db217912cd1922.jpg.webp,1000,BHD,2026-10-27
https://bh.opensooq.com/en/search/286240248,Available freehold flat for sale,Bahrain,Muharraq,Hidd,4,26.253492,50.608257,https://opensooq-imagesv2.os-cdn.com/previews/700x0/f8/c2/f8c2b55dadf14d9ac5951c5ae2cebed4674395905bc7d9cebdaf5161f225f62a.jpg.webp,65000,BHD,2026-10-26
https://bh.opensooq.com/en/search/286239638,للبيع شقة في الحد بسعر مميز,Bahrain,Muharraq,Hidd,3,26.253492,50.608256,https://opensooq-imagesv2.os-cdn.com/previews/700x0/6c/f4/6cf49591958263974bb190d2da232c49803b107cb0e4fb035b1f2c6581b8fe8f.jpg.webp,41000,BHD,2026-10-26
https://bh.opensooq.com/en/search/286217740,مشروع محل ورد وشوكولاتة للبيع – الجفير,Bahrain,Manama,Juffair,0,,,https://opensooq-imagesv2.os-cdn.com/previews/700x0/e7/97/e797b60962762d3b9a5cd3f8b40cf3c5e5b9798006367a2e0386cfcb6aa86c63.png.webp,3000,BHD,2026-10-26
https://bh.opensooq.com/en/search/286207496,Shop for sale,Bahrain,Manama,Qudaibiya,0,26.227453,50.583973,https://opensooq-imagesv2.os-cdn.com/previews/700x0/49/34/4934ac0760e38408dd5c7845820ec41bd265752a810dcd0855791e232a150972.jpg.webp,9000,BHD,2026-10-25
https://bh.opensooq.com/en/search/286204574,Land on 2 roads mahooz near Mcdonalds,Bahrain,Manama,Mahooz,0,26.20791,50.587345,https://opensooq-imagesv2.os-cdn.com/previews/700x0/0b/b6/0bb6b142a227eac58d918df83fbb66ecdd7b139d70d996b7c38217156661bf7c.jpg.webp,1600000,BHD,2026-10-25
https://bh.opensooq.com/en/search/286196686,ارض عليها بنايه قريب مستشفى السلام التخصصي شارع الاستقلال للبيع,Bahrain,Southern Governorate,Riffa,0,26.157751,50.564133,https://opensooq-imagesv2.os-cdn.com/previews/700x0/ab/b7/abb71a3c4e66c28e6c08ff7acfb9e12f118e9f91e1fbe8879818d4bb5f331692.jpg.webp,3000,BHD,2026-10-25
https://bh.opensooq.com/en/search/286196368,hotel apartment building for sale in hoora,Bahrain,Manama,Diplomatic Area,0,,,https://opensooq-imagesv2.os-cdn.com/previews/700x0/12/c3/12c39c18fc1a6698816e8acc940b87d53aa6346a151451e80cdfacc62e8aa9c4.webp.webp,2000000,BHD,2026-10-25
https://bh.opensooq.com/en/search/286143440,"Urgent  sale Shop for Sale in Muharraq – Fully Set Up, Ready to Operate!",Bahrain,Muharraq,Muharraq City,0,,,https://opensooq-imagesv2.os-cdn.com/previews/700x0/75/0f/750f97e9961d8e74a099b8300fd96a2afa53d1396962d924949dc7df570fc2e4.jpg.webp,1500,BHD,2026-10-24
https://bh.opensooq.com/en/search/286189922,New CAR WASH SHOPS (LESS PRICE),Bahrain,Northern Governorate,Madinat Hamad,0,26.140756,50.493151,https://opensooq-imagesv2.os-cdn.com/previews/700x0/ad/17/ad1791b837399b5a8184b9a4d9a977ddc688598ea307ab6d4e7aafd9057af8ea.jpg.webp,120000,BHD,2026-10-25
https://bh.opensooq.com/en/search/286189872,الشقة خارج البحرين لمن يرغب التملك في القاهرة بالقرب من جامعة القاهرة ومجمع الأديان والسيدة زينب,Bahrain,Southern Governorate,Riffa,2,26.131557,50.540735,https://opensooq-imagesv2.os-cdn.com/previews/700x0/d1/95/d195cbe5b9d0bfadc7f05ee69f8808bd4bd2f85c2ae5cf543c991352df24879a.png.webp,20000,BHD,2026-10-25
https://bh.opensooq.com/en/search/286187326,للبيع بناية في الرفاع الشرقي,Bahrain,Southern Governorate,Eastern Riffa,0,26.130259,50.538089,https://opensooq-imagesv2.os-cdn.com/previews/700x0/e5/c4/e5c496a5fb6bfcf82feb78d53eb22d71760aee3b29fede17253a7945affddb4e.jpg.webp,125000,BHD,2026-10-25
https://bh.opensooq.com/en/search/286175754,Villa for sale in good locations,Bahrain,Manama,Suqaya,0,,,https://opensooq-imagesv2.os-cdn.com/previews/700x0/f9/72/f9720a566831b39f5b56a24fb3056ad50204d5315d917a1b17010ae741731f27.png.webp,750000,BHD,2026-10-25
https://bh.opensooq.com/en/search/286175576,Tahama Flat for Sale/للبيع شقة في تهامه تاور في السايه,Bahrain,Muharraq,Al Sayh,1,26.260937,50.597542,https://opensooq-imagesv2.os-cdn.com/previews/700x0/6e/c9/6ec9815dcc584b88ac45fda018d8b2e9f021d558d4e54224269ffab0be38544f.jpg.webp,47000,BHD,2026-10-25
https://bh.opensooq.com/en/search/286145834,مطلوب عمارة في القضيبية,Bahrain,Manama,Qudaibiya,0,26.218678,50.593821,https://opensooq-imagesv2.os-cdn.com/previews/700x0/ee/69/ee69558382debfed66c58f64abbe9a7ffe2f23e337b3cbc39b5d9b230d2e7c15.jpg.webp,1000,BHD,2026-10-24
https://bh.opensooq.com/en/search/286145748,Residential building for sale in muharraq,Bahrain,Muharraq,Muharraq City,0,26.253492,50.608256,https://opensooq-imagesv2.os-cdn.com/previews/700x0/fe/ec/feecf73090d65848896a8a3318213311ee276b674b664fbb22457c9024d8e3ad.jpg.webp,120000,BHD,2026-10-24
https://bh.opensooq.com/en/search/286091274,شقة للبيع فى ارقي مناطق الرفاع,Bahrain,Southern Governorate,Eastern Riffa,3,26.139951,50.559202,https://opensooq-imagesv2.os-cdn.com/previews/700x0/84/30/84308a5d15a8bfcf4c000f3a1339c06ecf3016508193d2a1a1f459d91fda3045.jpg.webp,67000,BHD,2026-10-23
https://bh.opensooq.com/en/search/286138602,للبيع جميع انواع الشقق الراقيه,Bahrain,Muharraq,Hidd,4,26.227688,50.647946,https://opensooq-imagesv2.os-cdn.com/previews/700x0/5b/95/5b955d62b801c39bd386ac45c10bb43d6365a5ae9c5df214630426540db0da8c.jpg.webp,63000,BHD,2026-10-24
https://bh.opensooq.com/en/search/286111474,صالون للبيع في منطقه حيويه في شارع السقيه,Bahrain,Manama,Suqaya,0,,,https://opensooq-imagesv2.os-cdn.com/previews/700x0/db/96/db9656cf4957caacc272da724ecfed2e9b0b9df29fcef2e2367e5d00f2d6508e.jpg.webp,7500,BHD,2026-10-23
https://bh.opensooq.com/en/search/284545458,للبيع بناية استثمارية في المحرق زاوية على شارع المطار,Bahrain,Muharraq,Muharraq City,0,26.263502,50.611542,https://opensooq-imagesv2.os-cdn.com/previews/700x0/70/29/702974009fe62959606ebe725f2449d65eb0612f0846657cd7d2fe868aec3fcd.jpg.webp,200000,BHD,2026-09-22
https://bh.opensooq.com/en/search/286093640,Abeer .1992,Bahrain,Southern Governorate,Eastern Riffa,0,,,https://opensooq-imagesv2.os-cdn.com/previews/700x0/f2/9e/f29e78fa86bcfb8a68ca6fa56ac923bfc032556b633f36540dd0e7c6354b2fbe.jpg.webp,95000,BHD,2026-10-23
https://bh.opensooq.com/en/search/286091522,House In Isa Town for sale - Near Sanad Area -  منزل للبيع في مدينة عيسى المنطقة الثامنة قريب من سند,Bahrain,Central Governorate,Isa Town,0,26.157021,50.57085,https://opensooq-imagesv2.os-cdn.com/previews/700x0/72/01/72010af1dcbc6b4d86f70c27dad78a9c2d0e9e447f33b3756913649c5ba51926.jpg.webp,99000,BHD,2026-10-23
https://bh.opensooq.com/en/search/286036966,Spacious Family Villa  4 Bedrooms + Maid Room  Khudr Gardens,Bahrain,Muharraq,Diyar Al Muharraq,0,26.310644,50.632117,https://opensooq-imagesv2.os-cdn.com/previews/700x0/b8/c0/b8c09c4b85d8ae78b103bfb2cebf77f07014d80726446c1f9ffe4a53515ad8d3.jpg.webp,115000,BHD,2026-10-22
https://bh.opensooq.com/en/search/286083708,فيلا للبيع فى البسيتين الساية,Bahrain,Muharraq,Al Sayh,0,26.278049,50.593821,https://opensooq-imagesv2.os-cdn.com/previews/700x0/0f/dd/0fdd914ff4fd0b96eb4af8acab61b42f78116b543c6f65ac07651c2b884c236f.jpg.webp,145000,BHD,2026-10-23
https://bh.opensooq.com/en/search/286077188,للبيع بناية في الرفاع دخل ممتاز  10.7 بالمئه,Bahrain,Southern Governorate,Eastern Riffa,0,,,https://opensooq-imagesv2.os-cdn.com/previews/700x0/c0/d1/c0d1033837036ff1b5a0046f73667d70b355098ca6ffab12ac1bae598683ba8a.jpg.webp,185000,BHD,2026-10-23
https://bh.opensooq.com/en/search/286076262,كافتيريا جاهزة للبيع بالكامل - المحرق طريق 1614,Bahrain,Muharraq,Muharraq City,0,26.253492,50.608257,https://opensooq-imagesv2.os-cdn.com/previews/700x0/b8/a4/b8a479336c94769cf14098efeff269cab3b82c63424124f2181642a2e37699fb.jpg.webp,2300,BHD,2026-10-23
https://bh.opensooq.com/en/search/286075556,Excellent Flat for sale in Hidd شقة ممتازة للبيع في الحد,Bahrain,Muharraq,Hidd,4,26.232283,50.647739,https://opensooq-imagesv2.os-cdn.com/previews/700x0/25/49/25499442fb74180e8b7f905e81ed1ab53c849f61ab2084867efddbb1a55a5970.jpg.webp,59900,BHD,2026-10-23
https://bh.opensooq.com/en/search/286069212,للبيع ارض في الرفاع- ااحنينية,Bahrain,Southern Governorate,Riffa,0,,,https://opensooq-imagesv2.os-cdn.com/previews/700x0/d3/ca/d3ca562cc08597ea1a9fdc585c5a19edcde36786a3b20f2d56f25f5f52f0ed6e.jpg.webp,80000,BHD,2026-10-23
https://bh.opensooq.com/en/search/286017092,Khader Gardens villas for sale,Bahrain,Muharraq,Diyar Al Muharraq,0,26.310234,50.638618,https://opensooq-imagesv2.os-cdn.com/previews/700x0/dc/8b/dc8bc90a7ff1e9318c356833b163b7f40671278da16551967eef790cd838ce20.jpg.webp,115000,BHD,2026-10-22
https://bh.opensooq.com/en/search/286063398,Salon For Sale,Bahrain,Northern Governorate,Budaiya,0,26.219559,50.494146,https://opensooq-imagesv2.os-cdn.com/previews/700x0/0e/85/0e85a46131b9c3b785043e65bec3f432a52ab4607d508dcca63b182e4bbfe387.jpg.webp,4000,BHD,2026-10-23
https://bh.opensooq.com/en/search/286046860,شقه سكنية للبيع راقية جدا المساحة 200متر الموقع الحد جوار أسواق اصيل,Bahrain,Muharraq,Hidd,5,26.253492,50.608256,https://opensooq-imagesv2.os-cdn.com/previews/700x0/b3/3c/b33cbd4f950e8c37f091f9ecbc3bbeee8d1e123665cf2a986bf2371b7be71db2.jpg.webp,73000,BHD,2026-10-22
https://bh.opensooq.com/en/search/285994606,Residential Building for Sale — Muharraq (Corner Plot),Bahrain,Muharraq,Muharraq City,0,26.261738,50.620998,https://opensooq-imagesv2.os-cdn.com/previews/700x0/c2/28/c228d93f67d5c965f29d2bf04e8b02be91243c3b6c2cc12873b6d9b587f85d79.jpg.webp,170000,BHD,2026-10-21
https://bh.opensooq.com/en/search/285967694,Semi-Furnished 4BR Villa  Private Garden  Ready,Bahrain,Muharraq,Diyar Al Muharraq,0,26.310644,50.632117,https://opensooq-imagesv2.os-cdn.com/previews/700x0/53/fe/53feaf6bf5dd1a56fec76f82b5c1455de22981aaf65a4a10d4d69ab4598fc182.jpg.webp,113000,BHD,2026-10-21
https://bh.opensooq.com/en/search/286000534,"House & Land in Busaiteen near the airport, King Hamad's hospital, market & restaurants",Bahrain,Muharraq,Busaiteen,0,26.265297,50.60688,https://opensooq-imagesv2.os-cdn.com/previews/700x0/41/76/41764e176abf84a84add1635e6a24b70c09e238747e07898fe92cbfab6b935db.jpg.webp,35000,BHD,2026-10-21
https://bh.opensooq.com/en/search/285996914,بيت للبيع في منطقة الحد,Bahrain,Muharraq,Hidd,0,26.232597,50.658173,https://opensooq-imagesv2.os-cdn.com/previews/700x0/6a/a8/6aa8ca8ce030db30e6f5dd293927535d44ba1fecc15c3d2cb9f80bb44836bb51.jpg.webp,140000,BHD,2026-10-21
https://bh.opensooq.com/en/search/285979942,ارض مع عمارة من  ثلاث شقق مساحة كل شقة 145م,Bahrain,Central Governorate,Other,0,26.262774,50.59906,https://opensooq-imagesv2.os-cdn.com/previews/700x0/03/7f/037fe41aa7a31bc2f546f75928c993fce524fb062b10c2c48822a8f1578cecd8.jpg.webp,135000,BHD,2026-10-21
https://bh.opensooq.com/en/search/285963654,Luxury 4-Bedrooms Villa  Brand New  Freehold,Bahrain,Muharraq,Diyar Al Muharraq,0,26.310644,50.632117,https://opensooq-imagesv2.os-cdn.com/previews/700x0/de/2b/de2bc0ccd7ec4220002332eb21d62f4419d5a60ae6dfb90085863600641e997c.jpg.webp,115000,BHD,2026-10-21
https://bh.opensooq.com/en/search/285949750,شقة للبيع في الرفاع الشمالي,Bahrain,Southern Governorate,Riffa,4,26.131557,50.540733,https://opensooq-imagesv2.os-cdn.com/previews/700x0/92/79/9279f2805729fbacaabdefd412a21deeeae16e0a99e9188b1ccfcfb3945b9c0e.jpg.webp,70000,BHD,2026-10-20
https://bh.opensooq.com/en/search/285899638,Running fruits and vegetables shop for sale with 2 visas available shop rent 160,Bahrain,Central Governorate,Jurdab,0,26.168217,50.571804,https://opensooq-imagesv2.os-cdn.com/previews/700x0/b0/76/b0761ff9c0010e35586abe5111ef4eb397f945bd70ef6847e10891951ffedc20.jpg.webp,1000,BHD,2026-10-19
https://bh.opensooq.com/en/search/285898914,Man Salon and Spa,Bahrain,Southern Governorate,Riffa,0,,,https://opensooq-imagesv2.os-cdn.com/previews/700x0/12/f9/12f962758dcd3b7ba17de9737661136fb7fda3f04fb28e1a94196f34bb4ffe01.jpg.webp,5000,BHD,2026-10-19
https://bh.opensooq.com/en/search/285932892,BUSINESS FOR SALE    *Arabic Restaurant*   *Sitra  (busy area)*  PRICE: *7500 BHD*,Bahrain,Central Governorate,Sitra,0,26.16498,50.612762,https://opensooq-imagesv2.os-cdn.com/previews/700x0/af/85/af85b0d70accd0398d7580530b48b31f75a68be73f26721b570584a26ace3979.jpg.webp,7500,BHD,2026-10-20
https://bh.opensooq.com/en/search/285917252,فيلا قيد الانشاء جديد للبيع (البسيتين) من المالك مباشرة,Bahrain,Muharraq,Busaiteen,0,,,https://opensooq-imagesv2.os-cdn.com/previews/700x0/72/1f/721f2099683eb1ed9b9a2c07d7c9c241ef1384c11d4cd62756e2b8c5acbfcb9d.jpg.webp,130300,BHD,2026-10-20
https://bh.opensooq.com/en/search/285911654,للبيع فيلا راقية في منطقة البديع,Bahrain,Northern Governorate,Budaiya,0,,,https://opensooq-imagesv2.os-cdn.com/previews/700x0/5c/08/5c084265431a79691439aec57071c088e6d80acea505952603cd8df112941e64.jpg.webp,180000,BHD,2026-10-19
https://bh.opensooq.com/en/search/285857186,استراحة عائلية فندقية للبيع,Bahrain,Northern Governorate,Buri,0,,,https://opensooq-imagesv2.os-cdn.com/previews/700x0/bd/4f/bd4f7199e42c8e1f28c89222b4816ba89e176120557a13703aa130b545c01c35.jpg.webp,45000,BHD,2026-10-18
https://bh.opensooq.com/en/search/285891954,بناية سكنية للبيع مطله على شارع المطار العام بالمحرق,Bahrain,Muharraq,Muharraq City,0,26.262815,50.614353,https://opensooq-imagesv2.os-cdn.com/previews/700x0/4b/3f/4b3f2b8fffeaaa70b8fb2b0f4199d7d187fb7fd9d2a1ba6bb17e4945ae03f146.jpg.webp,200000,BHD,2026-10-19
https://bh.opensooq.com/en/search/285877018,"فرصة استثمارية بالمحرق – 10 شقق + 6 محلات  دخل 2,800 د.ب",Bahrain,Muharraq,Muharraq City,0,26.249711,50.608868,https://opensooq-imagesv2.os-cdn.com/previews/700x0/df/22/df220f1612241ff9ff259a4492b6bffa9c57631924a35c542d29eb6e13bf4c67.png.webp,350000,BHD,2026-10-19
https://bh.opensooq.com/en/search/285874210,Adliya PanAsian Restaurant for Sale / Partnership,Bahrain,Manama,Adliya,0,26.214488,50.584754,https://opensooq-imagesv2.os-cdn.com/previews/700x0/4b/63/4b639c90de666b722f01949c83a41aa61f6f104f3f2d0f5951f4a41977968f3d.jpg.webp,500,BHD,2026-10-19
https://bh.opensooq.com/en/search/285871360,بنايه للبيع,Bahrain,Muharraq,Hidd,0,,,https://opensooq-imagesv2.os-cdn.com/previews/700x0/40/34/403413863bb5075d2217f22e16d1346a8eb4295b35e012fec91a0fd56d3cbf0b.jpg.webp,460000,BHD,2026-10-19
https://bh.opensooq.com/en/search/285864868,فيلا مميزه وراقيه  للبيع في الهمله تملك حر,Bahrain,Northern Governorate,Hamala,0,26.138674,50.477345,https://opensooq-imagesv2.os-cdn.com/previews/700x0/be/8c/be8c1b957d55047e2271ea5469bf64e0a75fea6669835a9c9cec3380086fd025.jpg.webp,137000,BHD,2026-10-18
https://bh.opensooq.com/en/search/285849616,Apartment for Sale in West Riffa,Bahrain,Southern Governorate,Riffa,3,26.128399,50.544872,https://opensooq-imagesv2.os-cdn.com/previews/700x0/4e/a0/4ea0d1ba5a190c7c339f84dd75d05588d1c5f81899763ad05e9d19b5e8c829d2.jpg.webp,45000,BHD,2026-10-18
https://bh.opensooq.com/en/search/285790000,مطلوب منزل للبيع في مدينة حمد من المالك مباشره,Bahrain,Northern Governorate,Madinat Hamad,0,,,https://opensooq-imagesv2.os-cdn.com/previews/700x0/7d/d4/7dd4013f24eaa907e76313d72053b9a1c30eca795fbbd4f6096e8a726e6370e3.jpg.webp,100000,BHD,2026-10-17
https://bh.opensooq.com/en/search/285840300,for sale shop,Bahrain,Manama,Manama Center,0,,,https://opensooq-imagesv2.os-cdn.com/previews/700x0/91/54/9154c7d6dc3178bb51b31e37961699348ff2c2aad2ba32cf93e1f576da406f0b.jpg.webp,1200,BHD,2026-10-18
https://bh.opensooq.com/en/search/285839662,شقة فخمة للبيع في الحد الجديدة,Bahrain,Muharraq,Hidd,3,,,https://opensooq-imagesv2.os-cdn.com/previews/700x0/70/ea/70ea5ee6cf8acbc284ed5be711f719afa9a071f8c76f19f4f68c5796a0b9756d.jpg.webp,93000,BHD,2026-10-18
https://bh.opensooq.com/en/search/285838192,فرصة استثمارية بناية للبيع في منطقة الحد,Bahrain,Muharraq,Hidd,0,26.232338,50.654003,https://opensooq-imagesv2.os-cdn.com/previews/700x0/2d/dc/2ddc09d6701241c0ff36a516c23e0c5636ee61805bbfd62d571ae8abff33f063.jpg.webp,245000,BHD,2026-10-18
https://bh.opensooq.com/en/search/285821574,Panoramik Yunanistan Kos adası manzaralı satılık daire,Bahrain,Central Governorate,A`ali,0,,,https://opensooq-imagesv2.os-cdn.com/previews/700x0/d0/06/d00611461419279100ac31d61370a4f888e8b54aa58a38715f1e4a3662e81e7d.jpg.webp,160000,BHD,2026-10-18
https://bh.opensooq.com/en/search/285804276,بناية للبيع مكونة  من محلين تجاري  مع 6 شقق المدخول,Bahrain,Central Governorate,Mahaza,0,,,https://opensooq-imagesv2.os-cdn.com/previews/700x0/e2/19/e219afc333ced9a4569d6e6ac1af5a68234953062c69a93aa0f09ab3f5f18344.jpg.webp,120000,BHD,2026-10-17
https://bh.opensooq.com/en/search/285798224,بيت ديار محرق على الزاوية,Bahrain,Muharraq,Diyar Al Muharraq,0,,,https://opensooq-imagesv2.os-cdn.com/previews/700x0/0c/85/0c850812258701958f78b273a72f6e9a442334eed60eb788c2259f9e662b7c8c.jpg.webp,180000,BHD,2026-10-17
https://bh.opensooq.com/en/search/285783816,للبيع مبنى في المنامة خلف كانو,Bahrain,Manama,Other,0,,,https://opensooq-imagesv2.os-cdn.com/previews/700x0/34/12/34126dd9281bcaf2a9235a22d464f55ff22b95ee004075171573a77de42eb0a8.jpg.webp,150000,BHD,2026-10-17
https://bh.opensooq.com/en/search/285780460,شقه لبيع  غرفه  و 2 حمام مساحه 90 في برج راقي مميز  اطلاله بحريه طابق علوي,Bahrain,Manama,Juffair,1,26.196007,50.607231,https://opensooq-imagesv2.os-cdn.com/previews/700x0/fa/80/fa80563610efc5beca58299359f6c6e6f9c374775bc05cc5cca379b8342e77f6.jpg.webp,65000,BHD,2026-10-17
https://bh.opensooq.com/en/search/285758462,ارض للبيع بمنطقة الزلاق سكنية,Bahrain,Southern Governorate,Zallaq,0,,,https://opensooq-imagesv2.os-cdn.com/previews/700x0/a4/41/a441aa0710e66991999dcdf054096a397d4ccb270ec363efa730e9f45e0b90bf.jpg.webp,160000,BHD,2026-10-16
https://bh.opensooq.com/en/search/285748318,RESTAURANT FOR SALE VERY NICR AREA,Bahrain,Manama,Qudaibiya,0,26.216982,50.586937,https://opensooqui2.os-cdn.com/noImage/no-image-en.png,17000,BHD,2026-10-16
https://bh.opensooq.com/en/search/285730526,للبيع ارض في مدينة عيسى 216 متر مربع,Bahrain,Central Governorate,Isa Town,0,26.164858,50.56139,https://opensooq-imagesv2.os-cdn.com/previews/700x0/79/12/7912cdc687f5ec99d6be5e7211c3c79a846767c0844bf8e1e3530dba98cf223a.jpg.webp,75000,BHD,2026-10-16
https://bh.opensooq.com/en/search/285728988,ارض بمنطقة النويدرات للبيع - مساحة 465 متر مربع,Bahrain,Central Governorate,Nuwaidrat,0,26.134291,50.59412,https://opensooq-imagesv2.os-cdn.com/previews/700x0/49/69/4969eb06bd5055e20c44232606c2fd6eb276732fe0690eee6ead44023dc686d5.jpg.webp,115000,BHD,2026-10-16
https://bh.opensooq.com/en/search/285675076,صاله انوشا للافراح,Bahrain,Northern Governorate,Budaiya,0,26.210929,50.448906,https://opensooq-imagesv2.os-cdn.com/previews/700x0/76/40/7640d18003cb4adc5a2d6193e133e9c531967f0af908e1c77ae2ac246e9f51f6.jpg.webp,400,BHD,2026-10-15
https://bh.opensooq.com/en/search/285720148,بيع فيلا كبيره في الحد,Bahrain,Muharraq,Hidd,0,,,https://opensooq-imagesv2.os-cdn.com/previews/700x0/98/71/9871720a058883391405242222c717c5e24011cecf9c1102cb4ded9aab43cfbe.jpg.webp,360000,BHD,2026-10-16
https://bh.opensooq.com/en/search/285716108,غرف جاهزة (كباين) متعددة الاستخدامات – جودة وعزل تام,Bahrain,Southern Governorate,Al Mazrowiah,0,,,https://opensooq-imagesv2.os-cdn.com/previews/700x0/79/68/79688894619067e8eab37e055f3a0e7b78b739c6c502f30d18aad5fb5cd27b3f.jpg.webp,700,BHD,2026-10-16
https://bh.opensooq.com/en/search/285696234,ارض سكنية زاوية شارعين في عراد الجديدة 407 متر/ من المالك مباشرة,Bahrain,Muharraq,Arad,0,26.246302,50.630383,https://opensooq-imagesv2.os-cdn.com/previews/700x0/87/b6/87b61d320fc8b3a47c57eb867e26bd732335558e41d30fe9c7166b049b816604.jpg.webp,140000,BHD,2026-10-15
https://bh.opensooq.com/en/search/285680194,للبيع فرصة مميزه بأقل سعر بمنطقة صدد,Bahrain,Northern Governorate,Madinat Hamad,0,26.08934,50.497261,https://opensooq-imagesv2.os-cdn.com/previews/700x0/4f/2c/4f2c38243711b57ffbca308e94d216680954c8eb8fcc9da69aa8cd758358c85a.jpg.webp,88000,BHD,2026-10-15
https://bh.opensooq.com/en/search/285671066,بيت بمدينة حمد للبيع,Bahrain,Northern Governorate,Madinat Hamad,0,,,https://opensooq-imagesv2.os-cdn.com/previews/700x0/4e/40/4e40ce21df55bd837ef4bdfc0b1ef12e3c46a0be205e165e5219c8d876c2dd73.jpg.webp,135000,BHD,2026-10-15
https://bh.opensooq.com/en/search/285667766,mobile shop sale in aali,Bahrain,Southern Governorate,Other,0,,,https://opensooq-imagesv2.os-cdn.com/previews/700x0/75/83/7583bb64fe8227050ae2dcd433138d22fadd84f0bba23038f5c2a523c3aac835.jpg.webp,1850,BHD,2026-10-15
https://bh.opensooq.com/en/search/285610716,2 bedroom apartment in Amwaj Islands,Bahrain,Muharraq,Amwaj Islands,2,26.285109,50.665627,https://opensooq-imagesv2.os-cdn.com/previews/700x0/a5/6e/a56e52ee6989dd0ba6a8febd189a5a0472deebb6d0a06badccb5a4ed7275b009.jpg.webp,53000,BHD,2026-10-14
https://bh.opensooq.com/en/search/285662868,للبيع حصة من بناية كراج في الهمله,Bahrain,Northern Governorate,Hamala,0,,,https://opensooq-imagesv2.os-cdn.com/previews/700x0/eb/9d/eb9dc8403dd0b5f5e2e9d42df6cc7ce3a087a94f66275e658c1eead408451a98.jpg.webp,20000,BHD,2026-10-15
https://bh.opensooq.com/en/search/285657338,للبيع شقة ماراسي جاليريا,Bahrain,Muharraq,Diyar Al Muharraq,2,26.302574,50.645878,https://opensooq-imagesv2.os-cdn.com/previews/700x0/e5/dd/e5ddbe97c8bfe7099b78b2012dae9f0da0c9d1b815c587eabe7e8a02babf572d.jpg.webp,85000,BHD,2026-10-14
https://bh.opensooq.com/en/search/285655440,للبيع فيلا جديدة فب الرفاع الغربي,Bahrain,Southern Governorate,Riffa,0,26.12232,50.543701,https://opensooq-imagesv2.os-cdn.com/previews/700x0/e9/2b/e92b01d8e50ef6e98536967849afa8363f3142b8d7f4e23bd9b52826251b5779.jpg.webp,185000,BHD,2026-10-14
https://bh.opensooq.com/en/search/285624564,LADIES BEAUTY SALON FOR SALE,Bahrain,Manama,Adliya,0,26.216387,50.588207,https://opensooq-imagesv2.os-cdn.com/previews/700x0/00/41/004102e1a4429a39b53cf1cef677b723e6c29f974f653a88ccc9acb21c5251b1.jpg.webp,8500,BHD,2026-10-14
https://bh.opensooq.com/en/search/285569690,شقه للبيع  في مدينة سلمان,Bahrain,Northern Governorate,Other,3,26.237974,50.464053,https://opensooq-imagesv2.os-cdn.com/previews/700x0/a9/5f/a95fca39525de1cbe3e238ad184f2f34fe97f8cd4c61d20560816ec1dd4038ec.jpg.webp,55000,BHD,2026-10-13
https://bh.opensooq.com/en/search/285561352,للبيع شقة راقية ومفروشة,Bahrain,Northern Governorate,Saar,3,26.178074,50.485397,https://opensooq-imagesv2.os-cdn.com/previews/700x0/5c/00/5c002b2ab9c2aff4f0028c1c3142291f9ddd379d8122fe4308e9309a8d4550a9.jpg.webp,75000,BHD,2026-10-13
https://bh.opensooq.com/en/search/280742368,FOR SALE - Luxury Villa with Pool in Amwaj,Bahrain,Muharraq,Amwaj Islands,0,26.291111,50.665278,https://opensooq-imagesv2.os-cdn.com/previews/700x0/fe/b2/feb2c0037757522396492f99694c2c72d146af8b70179446a01cbf96fd2fb2da.jpg.webp,330000,BHD,2026-11-01
https://bh.opensooq.com/en/search/280736904,للبيع بناية راقية في الحد الجديدة,Bahrain,Muharraq,Hidd,0,26.233553,50.64791,https://opensooq-imagesv2.os-cdn.com/previews/700x0/77/1b/771b44e4b11f6c5dc5811f56c04410b397c22e92afc6d3e4f4e1f759b5e1c1bc.jpg.webp,450000,BHD,2026-11-01
https://bh.opensooq.com/en/search/285533576,شقة بالقرب من اللولو الرفاع,Bahrain,Southern Governorate,Riffa,3,26.124546,50.571865,https://opensooq-imagesv2.os-cdn.com/previews/700x0/c0/d0/c0d093a3613efe4c3ee015d65a8cee5ebd12a9e1daa161605c189fb30dbc8018.jpg.webp,40000,BHD,2026-10-12
https://bh.opensooq.com/en/search/285529384,للبيع: فيلا فاخرة بتصميم عصري على 3 شوارع في الرفاع الغربي,Bahrain,Southern Governorate,Riffa,0,26.129103,50.540681,https://opensooq-imagesv2.os-cdn.com/previews/700x0/7c/b1/7cb16328f3254ea5d09b1b393747e48eac56a68abd700c6f2af6666f7edacd47.jpg.webp,185000,BHD,2026-10-12
https://bh.opensooq.com/en/search/285507564,3 bedroom flat for sale,Bahrain,Manama,Reef Island,3,26.240824,50.56776,https://opensooq-imagesv2.os-cdn.com/previews/700x0/8f/95/8f954f21c6d7cd7df026bfe40269f04d24dd2c6c3bc6b5ff8b0da44c6bbc0274.jpg.webp,175000,BHD,2026-10-11
https://bh.opensooq.com/en/search/285488302,للبيع سجل خدم للجادين فقط,Bahrain,Muharraq,Galaly,0,,,https://opensooq-imagesv2.os-cdn.com/previews/700x0/fe/78/fe78c8de763bcf9436dcf5d4b9cdfc163fb9dc864268fdc2736d2f9b351a732f.jpg.webp,10000,BHD,2026-10-11
https://bh.opensooq.com/en/search/285487784,مكاتب جاهزه مدعومه بالخدمات و تكاليف البلديه,Bahrain,Manama,Al-Salmaniya,0,,,https://opensooq-imagesv2.os-cdn.com/previews/700x0/af/51/af512cfef5db35c6d7b44e1a2c4a7ab4af48f24dbea738324e895020e982243c.jpg.webp,800,BHD,2026-10-11
https://bh.opensooq.com/en/search/285479030,للبيع بيت في فريج العمامرة مناسب للاستثمار ومؤجر حاليآ : المالك,Bahrain,Muharraq,Muharraq City,0,26.254168,50.607944,https://opensooq-imagesv2.os-cdn.com/previews/700x0/53/62/5362f2085b581661ac426d9aee18b4702a3a1dffc9a8a7af64662a501419c586.jpg.webp,30000,BHD,2026-10-11
https://bh.opensooq.com/en/search/285474894,FOR RENT: Spacious Apartment in SAAR Breeze-1 Fully Furnished (ground floor-Flat-1),Bahrain,Northern Governorate,Saar,2,26.197866,50.494685,https://opensooq-imagesv2.os-cdn.com/previews/700x0/e6/f0/e6f0839d84d9b536e3c2d719306994c06c2f14e6d17d647c6510cae9c7108375.jpg.webp,325000,BHD,2026-10-11
https://bh.opensooq.com/en/search/285467340,1 BR apartment for sale in Juffair,Bahrain,Manama,Juffair,1,26.212578,50.603652,https://opensooq-imagesv2.os-cdn.com/previews/700x0/5f/d7/5fd768818442aacc0416cb83c7e917bc8a9ac16789db95ad244a93a4977a0c4e.jpg.webp,46000,BHD,2026-10-11
https://bh.opensooq.com/en/search/285434666,For sale one bedroom apartment in juffair,Bahrain,Manama,Juffair,1,,,https://opensooq-imagesv2.os-cdn.com/previews/700x0/9c/66/9c664c21d49070b180b8ec307c059208ab286ff5b07998f1394d81e99d5abf33.jpg.webp,40000,BHD,2026-10-10
https://bh.opensooq.com/en/search/285427842,House for sale in Hoora,Bahrain,Manama,Hoora,0,,,https://opensooq-imagesv2.os-cdn.com/previews/700x0/51/e6/51e6921c88149c0e6b4a116457100da29161fc74ff9e0a229d6b71cc23dee75e.jpg.webp,29500,BHD,2026-10-10
https://bh.opensooq.com/en/search/285391548,Villa Forsale in Durrat Al Bahrain درة البحرين,Bahrain,Southern Governorate,Durrat Al Bahrain,0,26.198158,50.561882,https://opensooq-imagesv2.os-cdn.com/previews/700x0/1e/9e/1e9e617d9f27db3480c2179791f4ca95834bcf8b49bb210a85ec1552fc09b55c.jpg.webp,395000,BHD,2026-10-09
https://bh.opensooq.com/en/search/285390188,فيلا راقيه للبيع في سار ، كاش فقط,Bahrain,Northern Governorate,Saar,0,26.19287,50.492888,https://opensooq-imagesv2.os-cdn.com/previews/700x0/c6/cc/c6cc0bb3b76b4a463f2b8654b317ff08900b800a1785b3faa72db94d993962e9.jpg.webp,140000,BHD,2026-10-09
https://bh.opensooq.com/en/search/285338342,للبيع فيلا,Bahrain,Muharraq,Amwaj Islands,0,,,https://opensooq-imagesv2.os-cdn.com/previews/700x0/d0/61/d061228955fb0504cc9908395034c783347f0835479fa1581b2cba5bc8ad8215.jpg.webp,450000,BHD,2026-10-08
https://bh.opensooq.com/en/search/285335774,ارض في شهركان شارعين و زاويه,Bahrain,Northern Governorate,Shahrakkan,0,,,https://opensooq-imagesv2.os-cdn.com/previews/700x0/27/95/2795b17a0283c4e8687bdcd600831d1155c14fe3ebcf59b20bd2e4728558e510.jpg.webp,107000,BHD,2026-10-08
https://bh.opensooq.com/en/search/285373436,"Men's Saloon, Ready C.R for Sale.",Bahrain,Manama,Qudaibiya,0,,,https://opensooqui2.os-cdn.com/noImage/no-image-en.png,750,BHD,2026-10-09
https://bh.opensooq.com/en/search/285346200,مطعم ام الحصم,Bahrain,Manama,Umm Al Hassam,0,,,https://opensooq-imagesv2.os-cdn.com/previews/700x0/0f/e2/0fe2e9cd5dd0ebfa292a5b5145a6ac3de9c717af55d7db01e4f60cf6d1a9197e.jpg.webp,4500,BHD,2026-10-08
https://bh.opensooq.com/en/search/285343014,ارض صناعية بسعر مغري تصنيف مشاريع خاصة فرصة ذهبية استثمارية المعامير,Bahrain,Central Governorate,Ma`ameer,0,,,https://opensooq-imagesv2.os-cdn.com/previews/700x0/8c/b3/8cb3b4780313cd84ab326fff22849f685d34f05e78cbe42a7b869241ee670322.jpg.webp,120000,BHD,2026-10-08
https://bh.opensooq.com/en/search/285338122,For sale restaurant  للبيع مطعم في الحد,Bahrain,Muharraq,Hidd,0,,,https://opensooq-imagesv2.os-cdn.com/previews/700x0/b6/29/b629edd83541d52ea63240d0ebb39d649c8acf120106f9d372251a8362eaf035.jpg.webp,2500,BHD,2026-10-08
https://bh.opensooq.com/en/search/285272082,بنايه للبيع,Bahrain,Muharraq,Muharraq City,0,26.253492,50.608256,https://opensooq-imagesv2.os-cdn.com/previews/700x0/c0/1a/c01ad49a143da13a78265300bc7337c0b228b4ff76c6b0aeec534eedd45de173.jpg.webp,125000,BHD,2026-10-07
https://bh.opensooq.com/en/search/285325388,للبيع ارض استثماريه تجاريه تصلح لمستشفى او مركز طبي  فرصه لا تعوض موقع ممتاز جدا.,Bahrain,Manama,Seef,0,,,https://opensooq-imagesv2.os-cdn.com/previews/700x0/99/bc/99bcf2fb24f9876fc91f22786160b25ff2981c40cdcb93c47791b7d585d6ea21.jpg.webp,0,BHD,2026-10-08
https://bh.opensooq.com/en/search/285253644,اراضي للبيع في البحرين,Bahrain,Manama,Al-Ali,0,26.163067,50.523453,https://opensooq-imagesv2.os-cdn.com/previews/700x0/a3/5a/a35a32dd8cbf2dabb467c6aa5ba42975d172944cc4f5d089c554350694cc82e0.jpg.webp,93000,BHD,2026-10-06
https://bh.opensooq.com/en/search/285306960,للبيع: فيلا مودرن فاخرة 3 أدوار بالقرب من البحر – رأس حيان,Bahrain,Southern Governorate,Jaww,0,26.012556,50.626404,https://opensooq-imagesv2.os-cdn.com/previews/700x0/7b/16/7b168f706b6fc166e3d4ba9d7da6d3900f981e105d69326a9073a5da6e5a62db.jpg.webp,780000,BHD,2026-10-07
https://bh.opensooq.com/en/search/285304692,فرصه استثماريه للبيع بركه سباحه في منطقه الهمله,Bahrain,Northern Governorate,Buri,0,26.104069,50.500072,https://opensooq-imagesv2.os-cdn.com/previews/700x0/6e/26/6e26648c92e0a828d6c769671e8970b8eaf26f98dfad844aadb73ba7e17ea6e5.jpg.webp,13500,BHD,2026-10-07
https://bh.opensooq.com/en/search/285293220,فرصة ذهبية حاضنة مجهزة بالكامل بالمشاريع المشتركه,Bahrain,Muharraq,Arad,0,,,https://opensooq-imagesv2.os-cdn.com/previews/700x0/89/5b/895b2ec40882d7cb5c6571aec3f794d6b8874f8bbd4f4ade783ff51494c2659d.jpg.webp,7000,BHD,2026-10-07
https://bh.opensooq.com/en/search/285263254,مطلوب ارض سكنيه ف البسيتين,Bahrain,Muharraq,Busaiteen,0,,,https://opensooq-imagesv2.os-cdn.com/previews/700x0/35/3d/353d0c5942c65ec713258d304cc6a0715f98eb0f148b6db92e42617438887658.jpg.webp,70000,BHD,2026-10-07
https://bh.opensooq.com/en/search/285260610,Pakistani running restaurant for sale,Bahrain,Manama,Hoora,0,,,https://opensooq-imagesv2.os-cdn.com/previews/700x0/1c/41/1c41d74f51619a16e39ed95b0b8c9fb32f94a226fa4b390e153213047cb59de9.jpg.webp,2500,BHD,2026-10-06
https://bh.opensooq.com/en/search/285254892,شقة شبه مفروشه في الحد وقريبه من الخدمات ومحطة البترول  والخدمات الاخرى  للبيع.,Bahrain,Muharraq,Hidd,4,26.21809,50.571117,https://opensooq-imagesv2.os-cdn.com/previews/700x0/3e/8c/3e8c4125318a6bdff6fc55458ab630ecbeaffa831c48d9a206c2f5624ac744d7.jpg.webp,68000,BHD,2026-10-06
https://bh.opensooq.com/en/search/285166954,بناية غفلى في الهملة اسثمار وفرصة ثمينة,Bahrain,Northern Governorate,Hamala,0,,,https://opensooq-imagesv2.os-cdn.com/previews/700x0/33/10/331015c8234392d391b878e7ba6bde0dc0010e3248a24d19d9dd3d0f3f7da0a3.jpg.webp,14500,BHD,2026-10-04
https://bh.opensooq.com/en/search/285208678,شقة للبيع في درة مارينا,Bahrain,Southern Governorate,Durrat Marina,1,25.86483,50.607117,https://opensooq-imagesv2.os-cdn.com/previews/700x0/b5/cf/b5cf3244aa41b9271b07b676e6091f4879c3af3b2c40ab0a35f43dbf176592b3.jpg.webp,45000,BHD,2026-10-05
https://bh.opensooq.com/en/search/285192492,Luxury 2-Bedroom Apartment for Sale,Bahrain,Manama,Seef,2,26.236706,50.549622,https://opensooq-imagesv2.os-cdn.com/previews/700x0/96/85/9685003ffc75da1ba0efda1ea51fa98f1a7bf5929e38abda2db5357ad599af44.jpg.webp,85000,BHD,2026-10-05
https://bh.opensooq.com/en/search/285183436,مطعم مشويات وشورما وسناكات للبيع لعدم التفرغ,Bahrain,Southern Governorate,Eastern Riffa,0,,,https://opensooq-imagesv2.os-cdn.com/previews/700x0/4f/5b/4f5b3ff9d1e324140f92a23a4fd8b9c2309466b147fc8ff4b11c3d3add07efbe.jpg.webp,7000,BHD,2026-10-05
https://bh.opensooq.com/en/search/285168674,شقة للبيع في جزر أمواج 215 متر مربع,Bahrain,Muharraq,Amwaj Islands,3,26.289907,50.664845,https://opensooq-imagesv2.os-cdn.com/previews/700x0/08/2e/082eba9addab1b8230c673113a2c37716c0918b7d3c7edde3daab3ff24813fc9.jpg.webp,79000,BHD,2026-10-04
https://bh.opensooq.com/en/search/285164834,1bdrm apt for sale in Zawia 3,Bahrain,Muharraq,Amwaj Islands,1,26.286928,50.664928,https://opensooq-imagesv2.os-cdn.com/previews/700x0/f4/4d/f44d15a5888326133de2ca7093f51a9f42f207465aa72b458356ac78515cd516.jpg.webp,53000,BHD,2026-10-04
https://bh.opensooq.com/en/search/285163488,فيلا للبيع,Bahrain,Southern Governorate,Riffa,0,,,https://opensooq-imagesv2.os-cdn.com/previews/700x0/d0/a1/d0a1beeda0df596547415b9ce2b79faed426df2d14cb01fd8c991fe41d35ab01.jpg.webp,230000,BHD,2026-10-04
https://bh.opensooq.com/en/search/285155858,للبيع شقق راقية - الحد,Bahrain,Muharraq,Hidd,3,,,https://opensooq-imagesv2.os-cdn.com/previews/700x0/6e/b2/6eb2ca20e9174a6ed2495c3e9afe5ef5f1dc1a1b74b40a4dfbfd84636546f638.jpg.webp,65000,BHD,2026-10-04
https://bh.opensooq.com/en/search/285132948,فرصة للبيع استراحة,Bahrain,Northern Governorate,Al Janabiyah,0,26.182208,50.465791,https://opensooq-imagesv2.os-cdn.com/previews/700x0/ff/d8/ffd82187db22804fde2b47c0c4ff8a2815d2e397cd226dd332aec361cf8c1cf1.jpg.webp,120000,BHD,2026-10-04
https://bh.opensooq.com/en/search/285131822,عاجل/ للبيع شقه في جزيره تالا في جزر أمواج/ المساحه : 109 متر مربع,Bahrain,Muharraq,Amwaj Islands,2,,,https://opensooq-imagesv2.os-cdn.com/previews/700x0/2f/12/2f12568ad5a5c15983730d8045d5161ddafc311d912d373337c20fba5d6c5a41.jpg.webp,75000,BHD,2026-10-04
https://bh.opensooq.com/en/search/285121678,ارخص ارض للبيع من المالك للجادين فقط في الزلاق بسعر مغري,Bahrain,Southern Governorate,Zallaq,0,,,https://opensooq-imagesv2.os-cdn.com/previews/700x0/df/65/df654e4cc8a84bfc30956a77eb16a57ee693f72991d526e7a3b0eaa7e21f511e.jpg.webp,37900,BHD,2026-10-04
https://bh.opensooq.com/en/search/285112248,محل شيشه وفيب للبيع,Bahrain,Southern Governorate,Eastern Riffa,0,26.133574,50.53791,https://opensooq-imagesv2.os-cdn.com/previews/700x0/53/bb/53bbf4afc10f5101fc7fc6a6bc3ebb0fa9d97a80901f0f60f67466fdd50e8c94.jpg.webp,7000,BHD,2026-10-03
https://bh.opensooq.com/en/search/285109116,للبيع بيت في مدينة حمد دوار 10,Bahrain,Northern Governorate,Madinat Hamad,0,26.102158,50.505904,https://opensooq-imagesv2.os-cdn.com/previews/700x0/cd/57/cd57f3d6cf42a5a226ad26fc4ee15444396d01e2e710d99372f754408a9bb4f4.jpg.webp,126000,BHD,2026-10-03
https://bh.opensooq.com/en/search/285106874,ارض للبيع في منطقة الحد تملك حر لجميع الجنسيات,Bahrain,Muharraq,Hidd,0,26.253492,50.608257,https://opensooq-imagesv2.os-cdn.com/previews/700x0/67/35/6735a198e2cf00c1f20a64e0ce65a7635f1eb3638532388ddf54194bbc6205f4.jpg.webp,250000,BHD,2026-10-03
https://bh.opensooq.com/en/search/285073938,Sloon for sale,Bahrain,Southern Governorate,Riffa,0,,,https://opensooq-imagesv2.os-cdn.com/previews/700x0/8f/e7/8fe7ef061be4fe76c32ab2e5dab356f5ac36fe84cbc36f6aa2ea6811cddce1e8.jpg.webp,1500,BHD,2026-10-03
https://bh.opensooq.com/en/search/285037372,للبيع بيت في البحير,Bahrain,Southern Governorate,Riffa,0,26.131557,50.540733,https://opensooq-imagesv2.os-cdn.com/previews/700x0/7a/fd/7afdeab6d97ada95abc3290a88b65e67a593b8fa3c7ec6d321cc17d02cb4bb49.jpg.webp,140000,BHD,2026-10-02
https://bh.opensooq.com/en/search/285034898,للبيع ڤلا في منطقة الشاخورة الجديدة ذات موقع مميز,Bahrain,Northern Governorate,Shakhura,0,26.200249,50.530323,https://opensooq-imagesv2.os-cdn.com/previews/700x0/02/c4/02c4fd935fb42271fa161808dc3ca37d81e11d9edf1a3935574204ba74201961.jpg.webp,175000,BHD,2026-10-02
https://bh.opensooq.com/en/search/284985478,شقة في الطابق الأول (اسكان سلماباد) للبيع,Bahrain,Central Governorate,Salmabad,3,26.173414,50.521541,https://opensooq-imagesv2.os-cdn.com/previews/700x0/ff/1d/ff1d6a5165fb47463ed14b6beeaed7d24ec9f501f1f9f5958676b3290fead10c.jpg.webp,38000,BHD,2026-10-01
https://bh.opensooq.com/en/search/285030184,شقة تمليك للبيع في الرفاع مدخلين للشقة,Bahrain,Southern Governorate,Riffa,5,,,https://opensooq-imagesv2.os-cdn.com/previews/700x0/77/63/77637f62b22dfa7d23f0c55eaf6aae021e947ed2eb52bebe2ab6f97f808583ae.jpg.webp,74000,BHD,2026-10-02
https://bh.opensooq.com/en/search/285027260,Specious flat for Sale -  شقة راقية للبيع,Bahrain,Southern Governorate,Riffa,3,26.131557,50.540733,https://opensooq-imagesv2.os-cdn.com/previews/700x0/9e/66/9e66aff5e6012deb1cd80a47368e076d2ac64d81e4725009321eafb7e4e44b4c.jpg.webp,78000,BHD,2026-10-02
https://bh.opensooq.com/en/search/285025372,للبيع بناية في موقع مميز وحيوي القضيبه شارع المعارض,Bahrain,Northern Governorate,Madinat Hamad,0,26.116596,50.502758,https://opensooq-imagesv2.os-cdn.com/previews/700x0/fd/4c/fd4ceedb7f5130d93c2ac30ba4a0cfb9e2e126eb9f4bcf3ae996f3e47bc5c596.jpg.webp,158000,BHD,2026-10-02
https://bh.opensooq.com/en/search/284949040,بيع للبيع في منطقة عراد,Bahrain,Muharraq,Arad,0,,,https://opensooq-imagesv2.os-cdn.com/previews/700x0/2f/9f/2f9f270d9ba236fc9eaf839e00f09e7da2438f47d04a9543cb84e9ddf90dc31a.jpg.webp,115000,BHD,2026-09-30
https://bh.opensooq.com/en/search/284929704,شقه في الحد,Bahrain,Muharraq,Hidd,2,,,https://opensooq-imagesv2.os-cdn.com/previews/700x0/d1/59/d1590f3feddd21a7fb3ac520c57e64f44c37ad45a294f9a2fa230802cda315e2.jpg.webp,260000,BHD,2026-09-30
https://bh.opensooq.com/en/search/284976212,"فرصة تملك في قلب الرفاع: بيت العمر بتصميم ""مودرن"" ذكي وفخامة لا تضاهى!",Bahrain,Southern Governorate,Eastern Riffa,0,26.116272,50.569515,https://opensooq-imagesv2.os-cdn.com/previews/700x0/a9/a9/a9a95fb52453d9f2ba0b2963dee25f259f5a1ff21f1b6eaefd68c378b7b2ea5a.jpg.webp,95000,BHD,2026-10-01
https://bh.opensooq.com/en/search/284975792,PRIME COMMERCIAL SHOP FOR SALE – JANABIYA,Bahrain,Northern Governorate,Al Janabiyah,0,26.182294,50.46701,https://opensooq-imagesv2.os-cdn.com/previews/700x0/ec/2d/ec2dc6f3127b4ed3f35c5ace8bb7bcfc39b1240dfcbe60bd44efb7dee9ec4dde.jpg.webp,4500,BHD,2026-10-01
https://bh.opensooq.com/en/search/284974968,Fontana towers 2plus study for sale,Bahrain,Manama,Juffair,2,26.220928,50.606066,https://opensooq-imagesv2.os-cdn.com/previews/700x0/49/44/49443c33f615af85498f6322eeb3e6db75c2b223ecfc17ed2210b4bedf6fb11c.jpg.webp,81000,BHD,2026-10-01
https://bh.opensooq.com/en/search/284953692,شقه للبيع موقع مميز وسعر مغري قايل للتفاوض,Bahrain,Muharraq,Hidd,3,26.240423,50.64959,https://opensooq-imagesv2.os-cdn.com/previews/700x0/ef/60/ef60549191554e3daac510860531a98c36efb14c5cf96d1cf9605e5609c98259.jpg.webp,43000,BHD,2026-09-30
https://bh.opensooq.com/en/search/284915554,ارض ممتازة في الجنبية 3000 متر سعر خاص للكاش,Bahrain,Northern Governorate,Al Janabiyah,0,26.182418,50.471888,https://opensooq-imagesv2.os-cdn.com/previews/700x0/1d/22/1d22312f9f56468149076dbc123807878511bf17860f328db12f87c1177a19cc.jpg.webp,0,BHD,2026-09-29
https://bh.opensooq.com/en/search/284911840,لبيع شقة في شارع المعارض قابل لتفاوض,Bahrain,Manama,Juffair,Studio,26.231039,50.597351,https://opensooq-imagesv2.os-cdn.com/previews/700x0/6d/c1/6dc1cbb6b8a69794fd1b1797600f3e363dec35cab44e17796cd93b325f30088b.jpg.webp,28000,BHD,2026-09-29
https://bh.opensooq.com/en/search/284909846,للبيع بيت في سرايا ون,Bahrain,Northern Governorate,Saar,0,,,https://opensooq-imagesv2.os-cdn.com/previews/700x0/4c/da/4cda3dca8cef6f2f6570bc18217b3d170a1d6d6260d6bcbd4a56c43185b99688.jpg.webp,140000,BHD,2026-09-29
https://bh.opensooq.com/en/search/284861870,شقة في اللوزي / مدينة حمد للبيع - Apartments for sale,Bahrain,Northern Governorate,Madinat Hamad,3,26.12667,50.484959,https://opensooq-imagesv2.os-cdn.com/previews/700x0/71/74/717440a77afd9b86d00e0847861ab0b796f2f7a2f6dd13b5dfdc23a7393172f8.jpg.webp,46000,BHD,2026-09-28
https://bh.opensooq.com/en/search/284863356,للبيع محل في سوق واقف لبيع الهواتف النقالة,Bahrain,Northern Governorate,Madinat Hamad,0,,,https://opensooq-imagesv2.os-cdn.com/previews/700x0/67/a9/67a98cbf57bfa0f88a0b8dbdf5adbaf70f40d79a36af22faadc2d4314a610e62.jpg.webp,27000,BHD,2026-09-28
https://bh.opensooq.com/en/search/284845922,للبيع ارض سكنية في جميع مناطق مدينة حمد,Bahrain,Northern Governorate,Madinat Hamad,0,,,https://opensooq-imagesv2.os-cdn.com/previews/700x0/db/9f/db9f50d216f41a0830b62e20bf3110d4d8f08764c21b1e42c09e342481e1e6f1.jpg.webp,112000,BHD,2026-09-28
https://bh.opensooq.com/en/search/284825610,مطلوب ارض تجارية في سند شارع 77,Bahrain,Manama,Other,0,26.150171,50.583298,https://opensooqui2.os-cdn.com/noImage/no-image-en.png,120000,BHD,2026-09-27
https://bh.opensooq.com/en/search/284819450,إطلاله بحريه من جميع الغرف إستخدام شخصي  للسكن الشخصي و الاستثمار والاقامه الذهبيه,Bahrain,Manama,Juffair,1,26.212971,50.60289,https://opensooq-imagesv2.os-cdn.com/previews/700x0/57/2c/572c9ad32be219b3271a81414f4985b530456dc35cf91a6ac1667b194aaf00ea.jpg.webp,49500,BHD,2026-09-27
https://bh.opensooq.com/en/search/284797472,للبيع بناية في الرفاع الشرقي. مشاهد نستو ماركت,Bahrain,Southern Governorate,Eastern Riffa,0,,,https://opensooq-imagesv2.os-cdn.com/previews/700x0/d1/9b/d19b9bf189ef9a84ec000ae8414add381b8c9bd119e1ab0bf138705efa2ac487.jpg.webp,135000,BHD,2026-09-27
https://bh.opensooq.com/en/search/284746422,منزل جاهز للسكن مجدد بمدينة حمد بمساحة واسعة أمام المنزل مع مواقف إضافية قريب من جميع الخدمات,Bahrain,Northern Governorate,Madinat Hamad,0,26.118574,50.494915,https://opensooq-imagesv2.os-cdn.com/previews/700x0/87/d4/87d4842f8f9eb472e830bc7f89823f3f8e7fee10937b80ffcd4c7eb1bb8a2ce5.jpg.webp,127000,BHD,2026-09-26
https://bh.opensooq.com/en/search/284779448,شقة فاخرة وواسعة للبيع في جزر أمواج,Bahrain,Muharraq,Amwaj Islands,3,26.291635,50.667822,https://opensooq-imagesv2.os-cdn.com/previews/700x0/36/5c/365cea0a05114d18449e7c729d77a7f72cbaa063e5c3fd321a7f49f9955c5852.jpg.webp,90000,BHD,2026-09-26
https://bh.opensooq.com/en/search/284778552,للبيع شقة في الحد الجديد مع المكيفات والمطبخ,Bahrain,Muharraq,Hidd,3,26.253492,50.608257,https://opensooq-imagesv2.os-cdn.com/previews/700x0/8f/e0/8fe08608f37759250d2ad02345128e5474b6843d47430ef4e0a7a2c22d9a5a7a.jpg.webp,55000,BHD,2026-09-26
https://bh.opensooq.com/en/search/284728870,Studio apartment for sale,Bahrain,Muharraq,Hidd,Studio,26.226073,50.639913,https://opensooq-imagesv2.os-cdn.com/previews/700x0/9b/66/9b66b018c8b6fa840054e804031df30b45c63a90022bc295acfc9d9d3491e00f.jpg.webp,34000,BHD,2026-09-25
https://bh.opensooq.com/en/search/284768760,restaurant,Bahrain,Southern Governorate,Riffa,0,,,https://opensooq-imagesv2.os-cdn.com/previews/700x0/f1/68/f168edd57cd17680eaf325e5c5dba5185bff609ba50aa869b948bae7163a2aa6.jpg.webp,15000,BHD,2026-09-26
https://bh.opensooq.com/en/search/284757818,ارض سكنية للبيع,Bahrain,Northern Governorate,Hamala,0,26.138673,50.477345,https://opensooqui2.os-cdn.com/noImage/no-image-en.png,55000,BHD,2026-09-26
https://bh.opensooq.com/en/search/284749880,للبدل ارض اسكانية في شرق سترة,Bahrain,Manama,Other,0,,,https://opensooqui2.os-cdn.com/noImage/no-image-en.png,50000,BHD,2026-09-26
https://bh.opensooq.com/en/search/284740160,للبيع :استديو فاخر جدآ بخليج البحرين مقابل الفورسيزون والأفينوز,Bahrain,Manama,Bahrain Bay,1,26.247934,50.57859,https://opensooq-imagesv2.os-cdn.com/previews/700x0/c8/62/c862a9f7db3cba68e4ab8810344ad05ea669199b573fec93a07e144bd593ea8e.jpg.webp,48000,BHD,2026-09-26
https://bh.opensooq.com/en/search/284673680,عمارة استثمارية للبيع - الرفاع,Bahrain,Southern Governorate,Eastern Riffa,0,26.125758,50.558545,https://opensooq-imagesv2.os-cdn.com/previews/700x0/f2/5a/f25ab72dbbd5bb6942c2c46f6d3d6d351c248a673410cca9a99c27ffeca5fea8.jpg.webp,400000,BHD,2026-09-24
https://bh.opensooq.com/en/search/284718272,للبيع صالون طابقين,Bahrain,Muharraq,Hidd,0,,,https://opensooq-imagesv2.os-cdn.com/previews/700x0/94/9d/949dd3fd48f100d3b96c9f8da3a441556d9e0b9e2dabc8e63ab9396b6f6dbc9d.jpg.webp,4500,BHD,2026-09-25
https://bh.opensooq.com/en/search/284699056,ارض للبيع في ديار المحرق,Bahrain,Muharraq,Diyar Al Muharraq,0,26.304459,50.629965,https://opensooq-imagesv2.os-cdn.com/previews/700x0/70/95/709509699b4bb9f12fb2874e225d655cb9c2612370b008d9c1ef064a6a5655c0.png.webp,166000,BHD,2026-09-25
https://bh.opensooq.com/en/search/284691650,للبيع بناية جديدة في مقابة من 7 شقق سوبر ديلوكس,Bahrain,Northern Governorate,Maqabah,0,26.23311,50.4893,https://opensooq-imagesv2.os-cdn.com/previews/700x0/4f/9b/4f9bbfb8b10049e4533cd693e16e6ed80b004d363df860d15ae610601fd67572.jpg.webp,245000,BHD,2026-09-25
https://bh.opensooq.com/en/search/284662060,مطعم للبيع او للايجار,Bahrain,Manama,Manama Center,0,26.233405,50.578279,https://opensooq-imagesv2.os-cdn.com/previews/700x0/f1/cb/f1cb923e6a985b11702afa2e8c9b0db68c95f17a24153881431f1931f3db379e.jpg.webp,700000,BHD,2026-09-24
https://bh.opensooq.com/en/search/284657160,فيلل  للبيع ... في البحرين villa for Sale,Bahrain,Muharraq,Galaly,0,,,https://opensooq-imagesv2.os-cdn.com/previews/700x0/1c/5c/1c5c151a0c30421b78e31059c47768f361f557f202ebde71e160f00cd0cd032a.jpg.webp,160000,BHD,2026-09-24
https://bh.opensooq.com/en/search/284648960,للبيع – صالون حلاقة رجالي وسبا متكامل (فرصة استثمارية),Bahrain,Muharraq,Galaly,0,,,https://opensooq-imagesv2.os-cdn.com/previews/700x0/c1/64/c164a3f30432cb2eae6b1f109c7b70dda2c06fa4d09513866cd9a5e31036dbb4.jpg.webp,5500,BHD,2026-09-24
https://bh.opensooq.com/en/search/284643544,ارض سكنيه في موقع بلقرب من جناين الهمله,Bahrain,Northern Governorate,Hamala,0,,,https://opensooq-imagesv2.os-cdn.com/previews/700x0/dd/5b/dd5bedb237b8ded24ab46be1a5d1d26016818d3c527b5f477ee079f28bc73306.jpg.webp,53000,BHD,2026-09-24
https://bh.opensooq.com/en/search/284560112,صالون نسائي,Bahrain,Southern Governorate,Riffa,0,,,https://opensooq-imagesv2.os-cdn.com/previews/700x0/20/55/2055404f96cca29c3347bf510fe9b663c38c10000d378b1b1817f6badcc128ce.jpg.webp,6000,BHD,2026-09-22
https://bh.opensooq.com/en/search/284600188,مطعم لعدم التفرغ,Bahrain,Manama,Fereej Al Fadhel,0,,,https://opensooq-imagesv2.os-cdn.com/previews/700x0/c1/f7/c1f7497bc435ba30aefd298b41567d260092ba44059987e2c358dacd5b08104b.jpg.webp,7000,BHD,2026-09-23
https://bh.opensooq.com/en/search/284598426,ارض للبيع في البديع-سكني استثماري,Bahrain,Northern Governorate,Budaiya,0,26.21093,50.448906,https://opensooq-imagesv2.os-cdn.com/previews/700x0/1c/6f/1c6f74db4bda92a90c100bda141a9ff91c676c745482cceb2e33384ba7b82a3d.jpg.webp,96227,BHD,2026-09-23
https://bh.opensooq.com/en/search/284591308,أرض أستثمارية B4 في الجنبية,Bahrain,Northern Governorate,Al Janabiyah,0,26.182785,50.478383,https://opensooq-imagesv2.os-cdn.com/previews/700x0/bd/4f/bd4fb72b2c08a5d62b51919be82b46f55f8fcae12892d431842b80dcd2ad74c4.jpg.webp,145274,BHD,2026-09-23
https://bh.opensooq.com/en/search/284585690,فرصة تمليك حر فاخرة في الحد,Bahrain,Muharraq,Hidd,3,26.235304,50.64784,https://opensooq-imagesv2.os-cdn.com/previews/700x0/9b/58/9b584e7184f100ecfc933698cf8488f2f1a35de286133ee8577e73412b9aaf7a.jpg.webp,57000,BHD,2026-09-23
https://bh.opensooq.com/en/search/284575816,مشروع جاهز ومؤجر,Bahrain,Northern Governorate,Hamala,0,,,https://opensooq-imagesv2.os-cdn.com/previews/700x0/bf/68/bf68edd2219884c6fff7799a18f6b687b57d635ae915f147d6e5c4c99eda8ae7.jpg.webp,40000,BHD,2026-09-22
https://bh.opensooq.com/en/search/284575414,مستودع للبيع,Bahrain,Southern Governorate,Other,0,26.09843,50.584473,https://opensooq-imagesv2.os-cdn.com/previews/700x0/85/11/85114b9a99f3c99062b662b6e44eae4b0d7a0a0e4aae116130c5395bcc396bce.jpg.webp,8500,BHD,2026-09-22
https://bh.opensooq.com/en/search/284569698,Land for sale in Askar  للبيع ارض في عسكر,Bahrain,Southern Governorate,Askar,0,26.060486,50.611423,https://opensooq-imagesv2.os-cdn.com/previews/700x0/41/b6/41b65c85b168237671d3da8f33dd70450907fa0fc37fd4d469855d2e01467468.jpg.webp,120000,BHD,2026-09-22
https://bh.opensooq.com/en/search/284562274,1 bedroom seaview apartment for sale in dilmunia island,Bahrain,Muharraq,Dilmunia Island,1,26.227467,50.670094,https://opensooq-imagesv2.os-cdn.com/previews/700x0/b2/b5/b2b580b468f5dcf826de132a4b5381e2cd0b340e3fc3cc0bcb879fa213629c53.jpg.webp,65000,BHD,2026-09-22
https://bh.opensooq.com/en/search/284558896,شقة في جدعلي للبيع,Bahrain,Central Governorate,Jid Ali,Studio,26.178872,50.56274,https://opensooq-imagesv2.os-cdn.com/previews/700x0/6d/5d/6d5dd0bf4b99341ad61a4874a893be678c11168754bd3f4e3e5afd0c80fdb0fc.jpg.webp,25000,BHD,2026-09-22
https://bh.opensooq.com/en/search/284554128,فيلا للبيع في سترة واديان,Bahrain,Central Governorate,Sitra,0,26.160938,50.616392,https://opensooq-imagesv2.os-cdn.com/previews/700x0/3d/23/3d23adf7168645e92dc880933bc675bc2e9601c800291dbac59b839573a24c34.jpg.webp,140000,BHD,2026-09-22
https://bh.opensooq.com/en/search/284432972,للبيع شقة راقية في موقع مميز وتشطيب سوبر ديلوكس فندقي,Bahrain,Muharraq,Hidd,3,26.253492,50.608257,https://opensooq-imagesv2.os-cdn.com/previews/700x0/c7/71/c771082f81e28aa217cad2da856d0a4a7189f3d180167ea1d496caa1606e680c.jpg.webp,63000,BHD,2026-09-19
https://bh.opensooq.com/en/search/284537870,للبيع بيت في الرفاع الشرقي,Bahrain,Southern Governorate,Eastern Riffa,0,26.119888,50.5728,https://opensooq-imagesv2.os-cdn.com/previews/700x0/f7/85/f785073c28e59c03dd8ec60a953a0ed06b77cde123a96f77780a45a5e2b91839.jpg.webp,170000,BHD,2026-09-21
https://bh.opensooq.com/en/search/284465474,Shop For Sale,Bahrain,Muharraq,Busaiteen,0,26.268387,50.594781,https://opensooq-imagesv2.os-cdn.com/previews/700x0/f7/54/f754de9d1c6cd1161ee1fb8c701ced65e05bd22aec3ab339b4c825962043af51.jpg.webp,18000,BHD,2026-09-20
https://bh.opensooq.com/en/search/284498572,شقة للبيع في الجفير,Bahrain,Manama,Juffair,2,,,https://opensooq-imagesv2.os-cdn.com/previews/700x0/b0/dc/b0dc9a3780251c55f4f5b576dbc198070f0e96aea5415e1fbdf865bcbc8fb2ee.jpg.webp,48000,BHD,2026-09-21
https://bh.opensooq.com/en/search/284487894,للبيع أرض سكنية في المنطقة الشمالية,Bahrain,Northern Governorate,Dar Kulaib,0,,,https://opensooq-imagesv2.os-cdn.com/previews/700x0/6e/73/6e7338bd87c6f64f8d41b01ff168e1c785c4b5b0674dd01f883516423aa088ef.jpg.webp,79000,BHD,2026-09-20
https://bh.opensooq.com/en/search/284473918,ارض سكنية  البيع / كرانه / على شارع النخيل,Bahrain,Northern Governorate,Karranah,0,,,https://opensooq-imagesv2.os-cdn.com/previews/700x0/5b/f9/5bf936860d7334ed2feda1462d210ffa375a60d977f6e640ad4b226f095906e8.jpg.webp,169000,BHD,2026-09-20
https://bh.opensooq.com/en/search/284457334,Luxurious Seaview apartment for sale,Bahrain,Manama,Hoora,1,26.228252,50.598152,https://opensooq-imagesv2.os-cdn.com/previews/700x0/9e/4b/9e4bbea796dfcd2cdc4c88ace14f0272192964df69d859c23a17ab22fdc63e9d.jpg.webp,44000,BHD,2026-09-20
https://bh.opensooq.com/en/search/284456404,حلاق رجالي للبيع,Bahrain,Northern Governorate,Damistan,0,,,https://opensooq-imagesv2.os-cdn.com/previews/700x0/a1/7e/a17e720d034c0a5dabfd196b5e38300b46aa175ccd9bfb22be6987b09bc1dae7.jpg.webp,2300,BHD,2026-09-20
https://bh.opensooq.com/en/search/284447226,printing Shop for Sale Prime location with items or empty shop,Bahrain,Manama,Hoora,0,26.225054,50.5924,https://opensooq-imagesv2.os-cdn.com/previews/700x0/76/63/7663a5058f9790b84b644be340a2110cbc1fd3add18b77b5b99499efdd5b6926.jpg.webp,8000,BHD,2026-09-19
https://bh.opensooq.com/en/search/284447124,للبيع شقة نظيفة مفروشة  في الرفاع الشرقي,Bahrain,Southern Governorate,AlHunayniya,2,26.122766,50.557561,https://opensooq-imagesv2.os-cdn.com/previews/700x0/f9/de/f9de2d7242bfa3b5eb600de3484586c0fec27b7dcd8417e9f1d99d330c13ac6b.jpg.webp,35000,BHD,2026-09-19
https://bh.opensooq.com/en/search/284445470,للبيع فيلا في الرفاع بو كوارة,Bahrain,Southern Governorate,Riffa,0,,,https://opensooq-imagesv2.os-cdn.com/previews/700x0/61/f2/61f2511e090cf4f3fe672344ea22d3f17a50705026fff18b280cd0606e9f1193.jpg.webp,150000,BHD,2026-09-19
https://bh.opensooq.com/en/search/284428300,للبيع او للمبادلة ارض في ديار المحرق,Bahrain,Muharraq,Diyar Al Muharraq,0,,,https://opensooq-imagesv2.os-cdn.com/previews/700x0/a7/df/a7dfc47b50fb100e8becdf3746d8b178f66124cc0502f101b2b0a297fd1790d8.jpg.webp,89000,BHD,2026-09-19
https://bh.opensooq.com/en/search/284349066,صفقة للبيع بسعر ممتاز,Bahrain,Northern Governorate,Hamala,0,,,https://opensooq-imagesv2.os-cdn.com/previews/700x0/01/a2/01a2bfcd8a3263baf108b945edddbc2c6fb36e751eb6070c328b1b143e209cd0.jpg.webp,28000,BHD,2026-09-18
https://bh.opensooq.com/en/search/284379754,فيلا مطلة على البحر في ديار المحرق مشروع النسيم,Bahrain,Muharraq,Diyar Al Muharraq,0,26.315316,50.643183,https://opensooq-imagesv2.os-cdn.com/previews/700x0/e6/3f/e63fdaebf857a13df3b30e87f32ea2e3e7cd50192ae9421aee9a2ec429af0b97.jpg.webp,215000,BHD,2026-09-18
https://bh.opensooq.com/en/search/284330728,شقه واسعه ونظيفه حاهزه للسكن,Bahrain,Northern Governorate,Madinat Hamad,5,26.124126,50.485008,https://opensooq-imagesv2.os-cdn.com/previews/700x0/3c/29/3c29fe268642f7ede9779b764e7d2720fb5f5970df930a481b8964cbfe566828.jpg.webp,70000,BHD,2026-09-17
https://bh.opensooq.com/en/search/284322342,Mobile shop in gudaibiya exibition road,Bahrain,Manama,Qudaibiya,0,,,https://opensooq-imagesv2.os-cdn.com/previews/700x0/5f/61/5f61d5e635cff4b1b461d25b333c6225a029247d47e503b2f5c0f268397a3285.jpg.webp,4700,BHD,2026-09-17
https://bh.opensooq.com/en/search/284362020,مطلوب ارض  من المالك مباشرة في مدينة خليفه عسكر,Bahrain,Southern Governorate,Askar,0,,,https://opensooq-imagesv2.os-cdn.com/previews/700x0/d2/9d/d29d8dc1d72fb7db42a4cbb8149da917f0ddded2b1b1006c577d6002460f613e.jpg.webp,1000,BHD,2026-09-18
https://bh.opensooq.com/en/search/284361854,للبيع أرض مميزة شارعين و زاوية بسعر مثالي في القريّة,Bahrain,Northern Governorate,Al Qurayyah,0,26.201178,50.464417,https://opensooq-imagesv2.os-cdn.com/previews/700x0/3b/0e/3b0ef682b5780eeef67843d136b0ede55c99a76b3ad0a068495ff65c85983d20.jpg.webp,1597,BHD,2026-09-18
https://bh.opensooq.com/en/search/284347076,للبيع بيت في مدينه حمد دوار واحد,Bahrain,Northern Governorate,Madinat Hamad,0,,,https://opensooq-imagesv2.os-cdn.com/previews/700x0/71/47/71470a2581429ca05d5cc0a1ae97aa0c9fcc7f2c4f86d9309bc5763f1ab3f464.jpg.webp,169000,BHD,2026-09-17
https://bh.opensooq.com/en/search/284272716,مطلوب مغسلة سيارات,Bahrain,Northern Governorate,Madinat Hamad,0,,,https://opensooq-imagesv2.os-cdn.com/previews/700x0/6c/38/6c38e81502c31c2f24500f93a21e2a285d8c6a188de31714c9066266d7ac9e06.jpg.webp,1000,BHD,2026-09-16
https://bh.opensooq.com/en/search/284266872,أرض للبيع في جد الحاج,Bahrain,Northern Governorate,Other,0,26.226675,50.489641,https://opensooq-imagesv2.os-cdn.com/previews/700x0/70/45/70455f03444bc9ec3e6c0f94f6ad6e782306f3d8b786d82a600e577764a68759.png.webp,50000,BHD,2026-09-16
https://bh.opensooq.com/en/search/284317382,بيت إسكان للبيع في منطقة اللوزي,Bahrain,Northern Governorate,Lawzi,0,,,https://opensooq-imagesv2.os-cdn.com/previews/700x0/56/26/56268c65d0ea8786c4e2691a2b629797ea7a7df58fdee1c7c4a4973bfd3eac06.jpg.webp,130000,BHD,2026-09-17
https://bh.opensooq.com/en/search/284303310,للبيع مبنى في ام الحصم مجدد بالكامل بسعر ممتاز قريب من جميع الخدمات,Bahrain,Manama,Umm Al Hassam,0,26.198731,50.595775,https://opensooq-imagesv2.os-cdn.com/previews/700x0/2d/72/2d725c0d61af71464ff9e0aea0f403242baf50a4acae0380f5bd4356aca8ebf6.jpg.webp,110000,BHD,2026-09-17
https://bh.opensooq.com/en/search/284303306,شقة للبيع مميزة,Bahrain,Manama,Juffair,1,26.212971,50.60289,https://opensooq-imagesv2.os-cdn.com/previews/700x0/c2/37/c237021415ba6a5b5a259f76af8c585c501cdf0d5e327db7aa6be81768963502.jpg.webp,40000,BHD,2026-09-17
https://bh.opensooq.com/en/search/284301340,للبيع بناية في الحد,Bahrain,Muharraq,Hidd,0,26.253492,50.608257,https://opensooq-imagesv2.os-cdn.com/previews/700x0/20/e4/20e48e9740b36bc77c4e39315ac2d4133879423e856f021cf9c49d571285111d.jpg.webp,300000,BHD,2026-09-16
