url,reference_number,id,broker_display_name,title,property_type,description,location,price,currency,bedrooms,bathrooms,furnished,amenities,details,agent_name,property_image_urls,completion_status,ownership
https://www.bayut.eg/en/property/details-504034847.html,Bayut - 1412-oZqhry,504034847,Property Hills One 1,"A villa overlooking a landscaped area, ready for immediate occupancy, from Sodic at the lowest price in the market.",Villa,"A fully finished villa with an ultra-superb finish, overlooking a prime location with a large landscape, close to the clubhouse within the compound. The villa consists of 4 bedrooms plus a nanny's room, including 2 master bedrooms with dressing rooms, and 4 bathrooms. The villa is ready for viewing. For more details, please contact us via WhatsApp: [redacted phone number]Total Price: 33,000,000 EGPLocation:SODIC East New Heliopolis Compound is located in New Cairo, on the Ismailia-Suez Road. This location places the compound close to many important and vibrant landmarks in the area, in addition to numerous main roads and highways that facilitate access to and from the project. Services:Banks and companies are available to complete all your financial transactions without leaving the compound. The compound features elevators. SODIC East Compound boasts the most modern landscaping in the country. A 42-acre sports club is available, featuring a variety of sports fields, including football and tennis courts. Extensive green spaces and private gardens enhance the compound's aesthetic appeal, along with its tranquility and peace of mind. The project provides generators. Distinguished swimming pools of various shapes and sizes are available to suit all ages. 24-hour security is provided by highly qualified security personnel and state-of-the-art surveillance cameras operating around the clock. Private parking is available for residents of Sodic East Shorouk. For more details, please call +[redacted phone number]SA\T","Sodic East, New Heliopolis, Cairo",33000000,EGP,4,4.0,Furnished,"Built in Kitchen Appliances, Furnished, Covered parking, Electricity Backup, Pets Allowed, Centrally Air-Conditioned, Central Heating, Water Meter, Double Glazed Windows, Storage Areas, Natural Gas, Landline, Central A/C & heating, First Aid Medical Center, Gym or Health Club, Facilities for Disabled, Swimming Pool, Jacuzzi, Sauna, Steam Room, Day Care Center, Kids Play Area, Lawn or Garden, Barbeque Area, Cafeteria or Canteen, Waste Disposal, Maintenance Staff, Cleaning Services, Business Center, Conference Room, Security Staff, CCTV Security, Shared Kitchen, Laundry Room, Laundry Facility, Broadband Internet, Satellite/Cable TV, Intercom, 24 Hours Concierge, Maids Room, Freehold",331 Sq. M.,Santi Tareq,"[""https://images.bayut.eg/thumbnails/49130472-800x600.jpeg"", ""https://images.bayut.eg/thumbnails/49130473-800x600.jpeg"", ""https://images.bayut.eg/thumbnails/49130474-800x600.jpeg"", ""https://images.bayut.eg/thumbnails/49130475-800x600.jpeg"", ""https://images.bayut.eg/thumbnails/49130476-800x600.jpeg"", ""https://images.bayut.eg/thumbnails/49130477-800x600.jpeg"", ""https://images.bayut.eg/thumbnails/49130478-800x600.jpeg"", ""https://images.bayut.eg/thumbnails/49130479-800x600.jpeg"", ""https://images.bayut.eg/thumbnails/49130480-800x600.jpeg"", ""https://images.bayut.eg/thumbnails/49130481-800x600.jpeg"", ""https://images.bayut.eg/thumbnails/49130482-800x600.jpeg"", ""https://images.bayut.eg/thumbnails/49130483-800x600.jpeg""]",Ready,Primary
https://www.bayut.eg/en/property/details-504034491.html,Bayut - 1016-uZZby7,504034491,Falcon Real Estate,Duplex 206m + Garden Open View Opposite Madinaty Perfectly Positioned in Sarai Most Prime Location Minutes from Address East & Mountain View icity,Apartment,"206m² Private Garden Duplex | Prime Madinaty ViewLast Duplex Available for Sale – 2 Floors with a Villa-Like FeelFor Video & Viewing: [redacted phone number] – Call or WhatsApp100% Open View Over the Largest LandscapeA Serene View Offering Peace & Privacy All Day [Unobstructed]Cash: 8,200,000 | Or 900K Down + 12Y InstallmentsSarai Compound – Prime Location Directly Opposite Madinaty & on Suez RoadFor More Details: [redacted phone number]","Sarai, Mostakbal City, Cairo",8200000,EGP,4,4.0,Unfurnished,"Gym or Health Club, Swimming Pool, Jacuzzi, Sauna, Barbeque Area, Cafeteria or Canteen, Business Center, Security Staff, Shared Kitchen, Laundry Room, 24 Hours Concierge",206 Sq. M.,Dina Mohamed,"[""https://images.bayut.eg/thumbnails/49126818-800x600.jpeg"", ""https://images.bayut.eg/thumbnails/49126819-800x600.jpeg"", ""https://images.bayut.eg/thumbnails/49126820-800x600.jpeg"", ""https://images.bayut.eg/thumbnails/49126821-800x600.jpeg"", ""https://images.bayut.eg/thumbnails/49126822-800x600.jpeg"", ""https://images.bayut.eg/thumbnails/49126823-800x600.jpeg"", ""https://images.bayut.eg/thumbnails/49126824-800x600.jpeg"", ""https://images.bayut.eg/thumbnails/49126825-800x600.jpeg"", ""https://images.bayut.eg/thumbnails/49126826-800x600.jpeg"", ""https://images.bayut.eg/thumbnails/49126827-800x600.jpeg""]",Off-Plan,Primary
https://www.bayut.eg/en/property/details-504034500.html,Bayut - 1016-kb5nH9,504034500,Falcon Real Estate,1st Row Lagoon Twin Chalet + Garden 60s to Sea Invest with Diar Qatar in Alam Al Roum’s MEGA PROJECT [ USD Returns],Chalet,"Invest with Diar Qatar in Alam Al Roum’s MEGA PROJECT [ USD Returns]Best selling Twin House Chalet High-Quality Finish & Views from all Room141 sqm + 200 sqm Private Garden [ First Row on Crystal Sandy Lagoon]Down Payment: 2,000,000 Only + Installments up to 8 Years!For Booking & Details: [redacted phone number] — Call or WhatsApp","Alam Al- Rum, Marsa Matrouh, Matruh Chalets, Matruh",20000000,EGP,3,4.0,Unfurnished,"Built in Kitchen Appliances, Sea view, Gym or Health Club, Jacuzzi, Barbeque Area, Cafeteria or Canteen, Business Center, Security Staff, Laundry Room, 24 Hours Concierge",141 Sq. M.,Dina Mohamed,"[""https://images.bayut.eg/thumbnails/49126932-800x600.jpeg"", ""https://images.bayut.eg/thumbnails/49126933-800x600.jpeg"", ""https://images.bayut.eg/thumbnails/49126935-800x600.jpeg"", ""https://images.bayut.eg/thumbnails/49126937-800x600.jpeg"", ""https://images.bayut.eg/thumbnails/49126939-800x600.jpeg"", ""https://images.bayut.eg/thumbnails/49126941-800x600.jpeg"", ""https://images.bayut.eg/thumbnails/49126942-800x600.jpeg"", ""https://images.bayut.eg/thumbnails/49126945-800x600.jpeg"", ""https://images.bayut.eg/thumbnails/49126947-800x600.jpeg"", ""https://images.bayut.eg/thumbnails/49126948-800x600.jpeg""]",Off-Plan,Primary
https://www.bayut.eg/en/property/details-504034685.html,Bayut - 1016-Z08cJv,504034685,Falcon Real Estate,Villa view landscape & water feature 50% discount - Taj City Compound in front of Rehab New Cairo Minutes from Madinaty & American University,Villa,"Prime villa available on system in Taj City Compound New Cairo [Limited Units]Open view 100% overlooking largest landscape in front of Cairo Airport next to Kempinski HotelTotal cash price: 10,497,000 OnlyFor video & viewing: [redacted phone number] (Call or WhatsApp)","Taj City Compound, 1st Settlement, New Cairo, Cairo",10497000,EGP,3,3.0,Unfurnished,"Built in Kitchen Appliances, Gym or Health Club, Swimming Pool, Jacuzzi, Sauna, Kids Play Area, Lawn or Garden, Barbeque Area, Cafeteria or Canteen, Business Center, Security Staff, Laundry Room, 24 Hours Concierge",155 Sq. M.,Dina Mohamed,"[""https://images.bayut.eg/thumbnails/49128950-800x600.jpeg"", ""https://images.bayut.eg/thumbnails/49128951-800x600.jpeg"", ""https://images.bayut.eg/thumbnails/49128952-800x600.jpeg"", ""https://images.bayut.eg/thumbnails/49128953-800x600.jpeg"", ""https://images.bayut.eg/thumbnails/49128954-800x600.jpeg"", ""https://images.bayut.eg/thumbnails/49128955-800x600.jpeg"", ""https://images.bayut.eg/thumbnails/49128956-800x600.jpeg"", ""https://images.bayut.eg/thumbnails/49128957-800x600.jpeg"", ""https://images.bayut.eg/thumbnails/49128958-800x600.jpeg"", ""https://images.bayut.eg/thumbnails/49128959-800x600.jpeg"", ""https://images.bayut.eg/thumbnails/49128960-800x600.jpeg""]",Off-Plan,Primary
https://www.bayut.eg/en/property/details-504034450.html,Bayut - 1016-4dp8xi,504034450,Falcon Real Estate,Ultra Lux Apartment 33% Off + 10Y Plan Next to SODIC EAST in Talala Compound New Heliopolis — just minutes from Madinaty and New Cairo,Apartment,"Apartment with a breathtaking Landscape View in Talala Compound100 SQM | Fully Finished ULTRA SUPER LUX2 Bedrooms, including 1 Master Bedroom + 2 BathroomsDeveloped by Madinet Masr for Housing & DevelopmentInstallments over 10 Years with 335,000 DP + 33% DiscountOr Pay Cash: EGP 3,600,000 Only. For inquiries & viewing: [redacted phone number] + WhatsApp","Talala, New Heliopolis, Cairo",3600000,EGP,2,2.0,Unfurnished,"Built in Kitchen Appliances, Gym or Health Club, Swimming Pool, Sauna, Kids Play Area, Lawn or Garden, Barbeque Area, Cafeteria or Canteen, Business Center, Security Staff, Laundry Room, 24 Hours Concierge",100 Sq. M.,Dina Mohamed,"[""https://images.bayut.eg/thumbnails/49126026-800x600.jpeg"", ""https://images.bayut.eg/thumbnails/49126027-800x600.jpeg"", ""https://images.bayut.eg/thumbnails/49126028-800x600.jpeg"", ""https://images.bayut.eg/thumbnails/49126029-800x600.jpeg"", ""https://images.bayut.eg/thumbnails/49126030-800x600.jpeg"", ""https://images.bayut.eg/thumbnails/49126031-800x600.jpeg"", ""https://images.bayut.eg/thumbnails/49126032-800x600.jpeg"", ""https://images.bayut.eg/thumbnails/49126033-800x600.jpeg""]",Off-Plan,Primary
https://www.bayut.eg/en/property/details-504034655.html,Bayut - 1412-HZ8x6N,504034655,Property Hills One 1,Villa new cairo close to hydepark on 90th street,Villa,"A villa in the heart of the community is very close to the American University and Hyde ParkVilla in the fifth settlement• Compound: ever new cairo• Area: 228 metres•Gardine: 101 metres• The installment is available for 8 years without a void• Price after discount: 13.5 millionTo deliver, send photos and videos, determine a preview, installment schedule, and masterplan[redacted phone number]Very Large Green Spaces; The Landscape Percentage Is High Compared To The Percentage Of Buildings, And This Is A Sense Of Calm And Privacy. * Diversity of units: Apartments, Townhouses, Twin Houses and Standalone Villas, and therefore suitable for different segments of customers. * Swimming Pools for adults and children. * Gym + Spa and Wellness facilities. * Bike & Running Tracks and walking areas. * Clubhouse and social and recreational spaces. * Restaurants, cafes and commercial services within the project to reduce the need to leave the compound. * Children's areas and open spaces for families. * Security and guarding 24/7, cameras and secure entrances. * Garages and organised parking. * Suitable for investment due to the location of New Cairo, diversity of units, and integrated services.","Ever Compound, 6th Settlement, New Cairo, Cairo",13500000,EGP,5,5.0,Unfurnished,"Built in Kitchen Appliances, Furnished, Covered parking, Electricity Backup, Pets Allowed, Electricity Meter, Centrally Air-Conditioned, Central Heating, Water Meter, Double Glazed Windows, Storage Areas, Natural Gas, Landline, Central A/C & heating, Balcony or Terrace, Lobby in Building, Service Elevators, Prayer Room, First Aid Medical Center, Gym or Health Club, Facilities for Disabled, Swimming Pool, Jacuzzi, Sauna, Steam Room, Day Care Center, Kids Play Area, Lawn or Garden, Barbeque Area, Cafeteria or Canteen, Waste Disposal, Maintenance Staff, Cleaning Services, Business Center, Conference Room, Security Staff, CCTV Security, Shared Kitchen, Laundry Room, Laundry Facility, Broadband Internet, Satellite/Cable TV, Intercom, ATM Facility, 24 Hours Concierge, Maids Room, Freehold",228 Sq. M.,yara hisham,"[""https://images.bayut.eg/thumbnails/49128676-800x600.jpeg"", ""https://images.bayut.eg/thumbnails/49128677-800x600.jpeg"", ""https://images.bayut.eg/thumbnails/49128678-800x600.jpeg"", ""https://images.bayut.eg/thumbnails/49128679-800x600.jpeg"", ""https://images.bayut.eg/thumbnails/49128680-800x600.jpeg"", ""https://images.bayut.eg/thumbnails/49128681-800x600.jpeg"", ""https://images.bayut.eg/thumbnails/49128682-800x600.jpeg"", ""https://images.bayut.eg/thumbnails/49128683-800x600.jpeg"", ""https://images.bayut.eg/thumbnails/49128684-800x600.jpeg"", ""https://images.bayut.eg/thumbnails/49128685-800x600.jpeg""]",Ready,Primary
https://www.bayut.eg/en/property/details-504034608.html,Bayut - 1412-dIjZNC,504034608,Property Hills One 1,villa new cairo close to american university and hydpark,Villa,"A villa in the heart of the community is very close to the American University and Hyde ParkVilla in the fifth settlement• Compound: ever new cairo• Area: 252 metres•Gardine: 194 metres• The installment is available for 8 years without a void• Price after discount: 15.7 millionTo deliver, send photos and videos, determine a preview, installment schedule, and masterplan[redacted phone number]Very Large Green Spaces; The Landscape Percentage Is High Compared To The Percentage Of Buildings, And This Is A Sense Of Calm And Privacy. * Diversity of units: Apartments, Townhouses, Twin Houses and Standalone Villas, and therefore suitable for different segments of customers. * Swimming Pools for adults and children. * Gym + Spa and Wellness facilities. * Bike & Running Tracks and walking areas. * Clubhouse and social and recreational spaces. * Restaurants, cafes and commercial services within the project to reduce the need to leave the compound. * Children's areas and open spaces for families. * Security and guarding 24/7, cameras and secure entrances. * Garages and organised parking. * Suitable for investment due to the location of New Cairo, diversity of units, and integrated services.","Ever Compound, 6th Settlement, New Cairo, Cairo",15700000,EGP,5,4.0,Unfurnished,"Furnished, Covered parking, Electricity Backup, Pets Allowed, Electricity Meter, Centrally Air-Conditioned, Central Heating, Water Meter, Double Glazed Windows, Storage Areas, Natural Gas, Landline, Central A/C & heating, Balcony or Terrace, Lobby in Building, Service Elevators, Prayer Room, First Aid Medical Center, Gym or Health Club, Facilities for Disabled, Swimming Pool, Jacuzzi, Sauna, Steam Room, Day Care Center, Kids Play Area, Lawn or Garden, Barbeque Area, Cafeteria or Canteen, Waste Disposal, Maintenance Staff, Cleaning Services, Business Center, Conference Room, Security Staff, CCTV Security, Broadband Internet, Satellite/Cable TV, Intercom, ATM Facility, 24 Hours Concierge, Maids Room, Freehold",252 Sq. M.,yara hisham,"[""https://images.bayut.eg/thumbnails/49128165-800x600.jpeg"", ""https://images.bayut.eg/thumbnails/49128166-800x600.jpeg"", ""https://images.bayut.eg/thumbnails/49128167-800x600.jpeg"", ""https://images.bayut.eg/thumbnails/49128168-800x600.jpeg"", ""https://images.bayut.eg/thumbnails/49128169-800x600.jpeg"", ""https://images.bayut.eg/thumbnails/49128170-800x600.jpeg"", ""https://images.bayut.eg/thumbnails/49128171-800x600.jpeg"", ""https://images.bayut.eg/thumbnails/49128172-800x600.jpeg"", ""https://images.bayut.eg/thumbnails/49128173-800x600.jpeg"", ""https://images.bayut.eg/thumbnails/49128174-800x600.jpeg""]",Ready,Primary
https://www.bayut.eg/en/property/details-504034589.html,Bayut - 1412-gcA9Oa,504034589,Property Hills One 1,Villa new cairo close to American university and Hydepark,Villa,"A villa in the heart of the community is very close to the American University and Hyde ParkVilla in the fifth settlement• Compound: ever new cairo• Area: 252 metres•Gardine: 194 metres• The installment is available for 8 years without a void• Price after discount: 15.7 millionTo deliver, send photos and videos, determine a preview, installment schedule, and masterplan[redacted phone number]Very Large Green Spaces; The Landscape Percentage Is High Compared To The Percentage Of Buildings, And This Is A Sense Of Calm And Privacy. * Diversity of units: Apartments, Townhouses, Twin Houses and Standalone Villas, and therefore suitable for different segments of customers. * Swimming Pools for adults and children. * Gym + Spa and Wellness facilities. * Bike & Running Tracks and walking areas. * Clubhouse and social and recreational spaces. * Restaurants, cafes and commercial services within the project to reduce the need to leave the compound. * Children's areas and open spaces for families. * Security and guarding 24/7, cameras and secure entrances. * Garages and organised parking. * Suitable for investment due to the location of New Cairo, diversity of units, and integrated services.","Ever Compound, 6th Settlement, New Cairo, Cairo",15700000,EGP,4,4.0,Unfurnished,"Built in Kitchen Appliances, Furnished, Covered parking, Pets Allowed, Electricity Meter, Centrally Air-Conditioned, Central Heating, Water Meter, Double Glazed Windows, Storage Areas, Natural Gas, Landline, Central A/C & heating, Balcony or Terrace, Lobby in Building, Service Elevators, Prayer Room, First Aid Medical Center, Gym or Health Club, Facilities for Disabled, Swimming Pool, Jacuzzi, Sauna, Steam Room, Day Care Center, Kids Play Area, Lawn or Garden, Barbeque Area, Cafeteria or Canteen, Waste Disposal, Maintenance Staff, Cleaning Services, Business Center, Conference Room, Security Staff, CCTV Security, Shared Kitchen, Laundry Room, Laundry Facility, Broadband Internet, Satellite/Cable TV, Intercom, ATM Facility, 24 Hours Concierge, Maids Room, Freehold",252 Sq. M.,yara hisham,"[""https://images.bayut.eg/thumbnails/49128039-800x600.jpeg"", ""https://images.bayut.eg/thumbnails/49128040-800x600.jpeg"", ""https://images.bayut.eg/thumbnails/49128041-800x600.jpeg"", ""https://images.bayut.eg/thumbnails/49128042-800x600.jpeg"", ""https://images.bayut.eg/thumbnails/49128043-800x600.jpeg"", ""https://images.bayut.eg/thumbnails/49128044-800x600.jpeg"", ""https://images.bayut.eg/thumbnails/49128045-800x600.jpeg"", ""https://images.bayut.eg/thumbnails/49128046-800x600.jpeg"", ""https://images.bayut.eg/thumbnails/49128047-800x600.jpeg"", ""https://images.bayut.eg/thumbnails/49128048-800x600.jpeg""]",Ready,Primary
https://www.bayut.eg/en/property/details-504034303.html,Bayut - 5001963-A1A8Dh,504034303,Property Hills One,"At the old price, a distinctive villa ready for viewing at any time, with an area of 220 meters + garden in Al-Shorouk next to the British University.",Villa,"For a limited time and at a special price, a villa ((immediate delivery)) ready for occupancy in Al-Shorouk next to SODIC EastIts area is 220 meters + gardenConsists of ground floor, first floor, and roofDivided into ((4 rooms, including a master room - 4 bathrooms - reception - terrace - living))Double heightVery special view directly on the landscapeSocial clubSchoolsCommercial areaSports clubsMasjidsThe compound is fully serviced, inhabited, and livingFor complete details: https://wa. me/[redacted phone number]A fully integrated residential complex by Emkan Egypt for Real Estate Development, extending over a massive area in East Cairo, and designed according to a vision that gives the client complete priority, as it provides various service facilities that enhance the quality of life. The compound includes many diverse residential units, and the company owning the Al-Borg project ensured its establishment in a highly distinguished geographical location that makes it close to the most vital areas that facilitate access. Read less","Al Burouj, Shorouk City, Cairo",13200000,EGP,4,4.0,Unfurnished,"Covered parking, Water Meter, Natural Gas, Balcony or Terrace, Gym or Health Club, Swimming Pool, Jacuzzi, Sauna, Kids Play Area, Lawn or Garden, Barbeque Area, Cafeteria or Canteen, Maintenance Staff, Business Center, Security Staff, CCTV Security, 24 Hours Concierge",220 Sq. M.,Rahma wael,"[""https://images.bayut.eg/thumbnails/49124075-800x600.jpeg"", ""https://images.bayut.eg/thumbnails/49124076-800x600.jpeg"", ""https://images.bayut.eg/thumbnails/49124077-800x600.jpeg"", ""https://images.bayut.eg/thumbnails/49124078-800x600.jpeg"", ""https://images.bayut.eg/thumbnails/49124079-800x600.jpeg"", ""https://images.bayut.eg/thumbnails/49124080-800x600.jpeg"", ""https://images.bayut.eg/thumbnails/49124081-800x600.jpeg"", ""https://images.bayut.eg/thumbnails/49124082-800x600.jpeg"", ""https://images.bayut.eg/thumbnails/49124083-800x600.jpeg"", ""https://images.bayut.eg/thumbnails/49124084-800x600.jpeg""]",Ready,Primary
https://www.bayut.eg/en/property/details-504034237.html,Bayut - 6624-N8akZ5,504034237,Closer Real Estate,"Last 3-bedroom apartment for sale with a down payment of 800,000 in Fifth Settlement, next to AUC.",Apartment,"3-Bedroom Apartment for Sale in the Heart of New Cairo162 sq mDistinctive LayoutOpen Pool ViewPrime Location on 90th Street, minutes from the American University in Cairo (AUC)And opposite Hyde Park CompoundDown payment of 800,000 EGP and the rest in installments up to 10 years interest-freeOr for 5,300,000 EGP cash after discountFor reservations and inquiries, contact [redacted phone number] + WhatsApp","The Icon Residence Compound, 5th Settlement, New Cairo, Cairo",5300000,EGP,3,3.0,Unfurnished,"Covered parking, Electricity Meter, Water Meter, Natural Gas, Landline, Balcony or Terrace, Lobby in Building, Service Elevators, Gym or Health Club, Facilities for Disabled, Day Care Center, Lawn or Garden, Barbeque Area, Cafeteria or Canteen, Waste Disposal, Maintenance Staff, Cleaning Services, Security Staff, CCTV Security, Intercom, 24 Hours Concierge, Freehold",162 Sq. M.,sara adham,"[""https://images.bayut.eg/thumbnails/49122895-800x600.jpeg"", ""https://images.bayut.eg/thumbnails/49122896-800x600.jpeg"", ""https://images.bayut.eg/thumbnails/49122897-800x600.jpeg"", ""https://images.bayut.eg/thumbnails/49122898-800x600.jpeg"", ""https://images.bayut.eg/thumbnails/49122899-800x600.jpeg"", ""https://images.bayut.eg/thumbnails/49122900-800x600.jpeg"", ""https://images.bayut.eg/thumbnails/49122901-800x600.jpeg"", ""https://images.bayut.eg/thumbnails/49122902-800x600.jpeg"", ""https://images.bayut.eg/thumbnails/49122903-800x600.jpeg"", ""https://images.bayut.eg/thumbnails/49122904-800x600.jpeg"", ""https://images.bayut.eg/thumbnails/49122905-800x600.jpeg""]",Off-Plan,Primary
https://www.bayut.eg/en/property/details-504034167.html,Bayut - 1016-AmWj2g,504034167,Falcon Real Estate,"Beachfront chalet (130m², first floor, open view), fully finished to a luxury standard - near Monte Galala, Porto Sokhna, and La Vista - Telal Sokhna",Chalet,"Own a chalet in the prime location in Ain SokhnaTelal Ain Sokhna ProjectChalet Details:Area: 130 sq m, Fully FinishedNumber of Bedrooms: 3Number of Bathrooms: 2Kitchen + Large TerraceThe chalet is just steps from the beach, Prime LocationFor inquiries and site visits: [redacted phone number] + WhatsApp","Telal Sokhna, Ain Sukhna, Suez Chalets, Suez",7045000,EGP,3,2.0,Unfurnished,"Covered parking, Pets Allowed, Electricity Meter, Sea view, Balcony or Terrace, First Aid Medical Center, Gym or Health Club, Swimming Pool, Jacuzzi, Sauna, Day Care Center, Kids Play Area, Lawn or Garden, Barbeque Area, Cafeteria or Canteen, Business Center, Security Staff, CCTV Security, 24 Hours Concierge",130 Sq. M.,youssef samer,"[""https://images.bayut.eg/thumbnails/49121825-800x600.jpeg"", ""https://images.bayut.eg/thumbnails/49121826-800x600.jpeg"", ""https://images.bayut.eg/thumbnails/49121827-800x600.jpeg"", ""https://images.bayut.eg/thumbnails/49121828-800x600.jpeg"", ""https://images.bayut.eg/thumbnails/49121829-800x600.jpeg"", ""https://images.bayut.eg/thumbnails/49121830-800x600.jpeg"", ""https://images.bayut.eg/thumbnails/49121831-800x600.jpeg"", ""https://images.bayut.eg/thumbnails/49121832-800x600.jpeg"", ""https://images.bayut.eg/thumbnails/49121854-800x600.jpeg"", ""https://images.bayut.eg/thumbnails/49121855-800x600.jpeg""]",Ready,Primary
https://www.bayut.eg/en/property/details-504034106.html,Bayut - 1016-hdpVqD,504034106,Falcon Real Estate,"Last villa available, 230 sq m (fully finished - 4 bedrooms) - Private Garden, at a very special price in Telal East Compound, minutes from Hyde Park",Villa,"A villa with complete privacy in Telal East, New Cairo. Overlooking a large landscaped area. - Villa area: 230 sq m- Private garden: 60 sq m- Number of bedrooms: 4- Number of bathrooms: 4Villa features:Fully finished + air conditioningComplete privacy + Prime locationFor inquiries and site visits: [redacted phone number] (Mobile + WhatsApp)","Telal East, 5th Settlement, New Cairo, Cairo",17900000,EGP,4,4.0,Unfurnished,"Covered parking, Pets Allowed, Electricity Meter, Balcony or Terrace, Lobby in Building, Gym or Health Club, Swimming Pool, Jacuzzi, Sauna, Kids Play Area, Lawn or Garden, Barbeque Area, Cafeteria or Canteen, Business Center, Security Staff, CCTV Security, 24 Hours Concierge",234 Sq. M.,youssef samer,"[""https://images.bayut.eg/thumbnails/49120959-800x600.jpeg"", ""https://images.bayut.eg/thumbnails/49120960-800x600.jpeg"", ""https://images.bayut.eg/thumbnails/49120961-800x600.jpeg"", ""https://images.bayut.eg/thumbnails/49120962-800x600.jpeg"", ""https://images.bayut.eg/thumbnails/49120963-800x600.jpeg"", ""https://images.bayut.eg/thumbnails/49120964-800x600.jpeg"", ""https://images.bayut.eg/thumbnails/49120965-800x600.jpeg"", ""https://images.bayut.eg/thumbnails/49120966-800x600.jpeg"", ""https://images.bayut.eg/thumbnails/49120967-800x600.jpeg"", ""https://images.bayut.eg/thumbnails/49120968-800x600.jpeg""]",Ready,Primary
https://www.bayut.eg/en/property/details-504034042.html,Bayut - moataz.;j,504034042,Egypt Best Properties (EBP),Lowest Price 2BR Chalet in Marina Waterfront Residences | Modon | Ras El Hekma,Chalet,Unit Details:• Type: Chalet• Bedrooms: 2• Project: Marina Waterfront Residences• Developer: Modon• Location: Ras El Hekma – North Coast• Modern design• Prime waterfront location• Comfortable living spaces• Suitable for vacation use or investmentProject Features:• Marina• Waterfront lifestyle• Private beach• Swimming pools• Lagoons• Restaurants & Cafés• Retail & entertainment areas• Landscaped spaces• Clubhouse• Integrated services• 24/7 SecurityFor more details & viewing:[redacted phone number],"Modon, Ras Al Hekma, North Coast, Matruh Chalets, Matruh",23000000,EGP,2,2.0,Unfurnished,"Built in Kitchen Appliances, Pets Allowed, Sea view, Gym or Health Club, Swimming Pool, Day Care Center, Kids Play Area, Barbeque Area, Maintenance Staff, Cleaning Services, Business Center, Security Staff, CCTV Security",128 Sq. M.,Ahmed Khaled,"[""https://images.bayut.eg/thumbnails/49119251-800x600.jpeg"", ""https://images.bayut.eg/thumbnails/49119252-800x600.jpeg"", ""https://images.bayut.eg/thumbnails/49119266-800x600.jpeg"", ""https://images.bayut.eg/thumbnails/49119267-800x600.jpeg"", ""https://images.bayut.eg/thumbnails/49119268-800x600.jpeg"", ""https://images.bayut.eg/thumbnails/49119269-800x600.jpeg"", ""https://images.bayut.eg/thumbnails/49119270-800x600.jpeg"", ""https://images.bayut.eg/thumbnails/49119271-800x600.jpeg"", ""https://images.bayut.eg/thumbnails/49119272-800x600.jpeg"", ""https://images.bayut.eg/thumbnails/49119273-800x600.jpeg"", ""https://images.bayut.eg/thumbnails/49119274-800x600.jpeg"", ""https://images.bayut.eg/thumbnails/49119275-800x600.jpeg"", ""https://images.bayut.eg/thumbnails/49119276-800x600.jpeg"", ""https://images.bayut.eg/thumbnails/49119277-800x600.jpeg"", ""https://images.bayut.eg/thumbnails/49119278-800x600.jpeg"", ""https://images.bayut.eg/thumbnails/49119279-800x600.jpeg"", ""https://images.bayut.eg/thumbnails/49119280-800x600.jpeg"", ""https://images.bayut.eg/thumbnails/49119281-800x600.jpeg"", ""https://images.bayut.eg/thumbnails/49119282-800x600.jpeg"", ""https://images.bayut.eg/thumbnails/49119283-800x600.jpeg"", ""https://images.bayut.eg/thumbnails/49119284-800x600.jpeg"", ""https://images.bayut.eg/thumbnails/49119285-800x600.jpeg"", ""https://images.bayut.eg/thumbnails/49119286-800x600.jpeg"", ""https://images.bayut.eg/thumbnails/49119287-800x600.jpeg""]",Off-Plan,Primary
https://www.bayut.eg/en/property/details-504033997.html,Bayut - 1016-eNEFE3,504033997,Falcon Real Estate,Best Location of the marina and golf course; fully finished to a luxury standard and equipped with appliances. Located in the heart of Ras El Hekm,Apartment,"A truly distinctive phase is now available at **Marina Water Residence**—Located at a prime tourism hotspot in Ras El Hekma, Egypt—Situated right by the water within Egypt and the North Coast’s premier international marina (part of the Emirati ""Modon"" project). A 82-square-meter, one-bedroom apartment is now available—""In a spectacular waterfront location""—Fully finished unit featuring a panoramic terrace, including:• Air conditioning units• Water heaters• Kitchen cabinetry• Bedroom wardrobes• Private parking• Direct marina viewsFlexible payment plan + early handoverFor inquiries and contact, call [redacted phone number] now.","Modon, Ras Al Hekma, North Coast, Matruh Apartments, Matruh",18700000,EGP,1,1.0,Furnished,"Built in Kitchen Appliances, Lobby in Building, Prayer Room, First Aid Medical Center, Gym or Health Club, Swimming Pool, Jacuzzi, Sauna, Steam Room, Day Care Center, Kids Play Area, Lawn or Garden, Barbeque Area, Cafeteria or Canteen, Shared Kitchen, Laundry Room, Laundry Facility",82 Sq. M.,Maryam Mohamed Abd Elaziz,"[""https://images.bayut.eg/thumbnails/49118405-800x600.jpeg"", ""https://images.bayut.eg/thumbnails/49118406-800x600.jpeg"", ""https://images.bayut.eg/thumbnails/49118407-800x600.jpeg"", ""https://images.bayut.eg/thumbnails/49118408-800x600.jpeg"", ""https://images.bayut.eg/thumbnails/49118409-800x600.jpeg"", ""https://images.bayut.eg/thumbnails/49118410-800x600.jpeg"", ""https://images.bayut.eg/thumbnails/49118411-800x600.jpeg"", ""https://images.bayut.eg/thumbnails/49118412-800x600.jpeg"", ""https://images.bayut.eg/thumbnails/49118413-800x600.jpeg"", ""https://images.bayut.eg/thumbnails/49118414-800x600.jpeg"", ""https://images.bayut.eg/thumbnails/49118415-800x600.jpeg"", ""https://images.bayut.eg/thumbnails/49118416-800x600.jpeg"", ""https://images.bayut.eg/thumbnails/49118417-800x600.jpeg"", ""https://images.bayut.eg/thumbnails/49118418-800x600.jpeg"", ""https://images.bayut.eg/thumbnails/49118419-800x600.jpeg"", ""https://images.bayut.eg/thumbnails/49118420-800x600.jpeg"", ""https://images.bayut.eg/thumbnails/49118421-800x600.jpeg"", ""https://images.bayut.eg/thumbnails/49118422-800x600.jpeg"", ""https://images.bayut.eg/thumbnails/49118423-800x600.jpeg"", ""https://images.bayut.eg/thumbnails/49118424-800x600.jpeg"", ""https://images.bayut.eg/thumbnails/49118425-800x600.jpeg"", ""https://images.bayut.eg/thumbnails/49118426-800x600.jpeg"", ""https://images.bayut.eg/thumbnails/49118427-800x600.jpeg"", ""https://images.bayut.eg/thumbnails/49118428-800x600.jpeg"", ""https://images.bayut.eg/thumbnails/49118429-800x600.jpeg"", ""https://images.bayut.eg/thumbnails/49118430-800x600.jpeg"", ""https://images.bayut.eg/thumbnails/49118431-800x600.jpeg"", ""https://images.bayut.eg/thumbnails/49118432-800x600.jpeg"", ""https://images.bayut.eg/thumbnails/49118433-800x600.jpeg""]",Off-Plan,Primary
https://www.bayut.eg/en/property/details-208869586.html,Bayut - ID208869586,208869586,Aqar One,فيلا كلاسيكية فاخرة للبيع في قلب كفر عبده – الإسكندرية من المالك مباشر,Villa,فرصة نادرة لامتلاك فيلا مميزة ذات طراز معماري كلاسيكي عريق، مشيدة منذ عام 1920 وتم تجديدها حديثًا بعناية، مع الحفاظ على روحها المعمارية وتفاصيلها الأصيلة. تقع الفيلا مباشرة على شارع كفر عبده الرئيسي، في واحدة من أرقى وأهدأ مناطق الإسكندرية، بالقرب من عدد من السفارات والقنصليات ومقار كبرى الشركات، مما يجعلها مناسبة للسكن العائلي الراقي، أو كمقر لسفارة أو قنصلية، أو مقر إداري فاخر لإحدى الشركات الكبرى. تبلغ مساحة الفيلا 900 متر مربع، وتضم:10 غرف نوم7 حماماتمساحات داخلية واسعة وتفاصيل كلاسيكية فاخرةموقع استثنائي وسهل الوصول في قلب كفر عبدهفيلا تجمع بين عراقة التاريخ، وفخامة التصميم، وتميز الموقع، وتُعد فرصة استثمارية وسكنية نادرة في الإسكندرية,"Kafr Abdo, Alexandria",108000000,EGP,11,7.0,Furnished,"Built in Kitchen Appliances, Covered parking, Pets Allowed, Electricity Meter, Water Meter, Natural Gas, Landline, Central A/C & heating, Balcony or Terrace, Swimming Pool, Lawn or Garden, Security Staff, Maids Room",900 Sq. M.,User 6mj4Dh,"[""https://images.bayut.eg/thumbnails/49044537-800x600.jpeg"", ""https://images.bayut.eg/thumbnails/49044538-800x600.jpeg"", ""https://images.bayut.eg/thumbnails/49044539-800x600.jpeg"", ""https://images.bayut.eg/thumbnails/49044540-800x600.jpeg"", ""https://images.bayut.eg/thumbnails/49044541-800x600.jpeg"", ""https://images.bayut.eg/thumbnails/49044542-800x600.jpeg"", ""https://images.bayut.eg/thumbnails/49044543-800x600.jpeg"", ""https://images.bayut.eg/thumbnails/49044544-800x600.jpeg"", ""https://images.bayut.eg/thumbnails/49044545-800x600.jpeg"", ""https://images.bayut.eg/thumbnails/49044546-800x600.jpeg"", ""https://images.bayut.eg/thumbnails/49044547-800x600.jpeg"", ""https://images.bayut.eg/thumbnails/49044548-800x600.jpeg""]",Ready,Resale
https://www.bayut.eg/en/property/details-206030924.html,Bayut - ID206030924,206030924,Realm Properties,Luxury Ground Apartment-Private Garden– Galleria Golden Square,Apartment,">>________________________________________Location Highlights:• Situated in the heart of the Fifth Settlement. • Only 5 minutes from the American University in Cairo (AUC). • Next to Emaar Mivida Compound and The Driive. • Close to major landmarks, shopping centers, and entertainment venues. • Prime location within a secure and upscale compound. ________________________________________Unit Specifications:>>• Total built-up area: 195 m². • Private garden area: 183m². • 3 spacious bedrooms with modern finishes – Master bedroom with dressing room and private bathroom. • 3 bathrooms with high-end fixtures. “Grohe” and water heaters• Fully furnished kitchen equipped with:o Electric water heater Aristono Bosch stove with Ariston hoodo Built-in Ariston microwaveo LG refrigeratoro Bosch dishwashero Carrier air conditioning• Utilities installed: water, electricity, and natural gas. • Bedroom floors are MDF, while the entrance and reception are finished with premium marble (رخام). ________________________________________Features:• All woodwork is crafted from premium Zan wood. • 5 Carrier A/C units throughout the apartment. • Private car parking spot. • Dedicated storage room next to the parking spot. • Easy access to the compound’s swimming pool. >>______________________________________________________شقة أرضية فاخرة بحديقة خاصة للبيع – جاليريا جولدن سكوير، التجمع الخامس>>________________________________________مميزات الموقع:>>• في قلب التجمع الخامس. • على بُعد 5 دقائق فقط من الجامعة الأمريكية بالقاهرة (AUC). • بجوار كمبوند إعمار ميفيدا و ذا درايف. • قريب من المعالم الرئيسية، مراكز التسوق، والمناطق الترفيهية. • موقع استراتيجي داخل كمبوند راقٍ ومؤمَّن بالكامل. ________________________________________مواصفات الوحدة:• المساحة المبنية: 195 م². • مساحة الحديقة الخاصة: 183 م². • 3 غرف نوم واسعة بتشطيبات عصرية – غرفة ماستر بدريسنج وحمام خاص. • 3 حمامات بتجهيزات فاخرة (Grohe) وسخانات مياه. • مطبخ مجهز بالكامل ويحتوي على:o سخان كهرباء Aristono بوتاجاز Bosch مع شفاط Aristono ميكروويف بيلت إن Aristono ثلاجة LGo غسالة أطباق Boscho تكييف Carrier• جميع المرافق متوفرة: مياه – كهرباء – غاز طبيعي. • الأرضيات: غرف النوم MDF، المدخل والاستقبال رخام فاخر. ________________________________________المميزات الإضافية:• جميع الأعمال الخشبية منفذة من خشب زان فاخر. • 5 وحدات تكييف Carrier موزعة بالشقة. • مكان جراج خاص للسيارة. • غرفة تخزين خاصة بجوار الجراج. • سهولة الوصول إلى حمام السباحة الخاص بالكمبوند. لا توجد أي مصاريف إضافية: تم سداد الأقساط بالكامل + مصاريف الصيانة + مصاريف النادي.","Galleria Moon Valley Compound, 5th Settlement, New Cairo, Cairo",15500000,EGP,3,3.0,Unfurnished,"Built in Kitchen Appliances, Covered parking, Electricity Meter, Water Meter, Natural Gas, Landline, Central A/C & heating, Elevators in Building, Completion Year, Swimming Pool, Lawn or Garden",195 Sq. M.,Ahmed Elsheriff,"[""https://images.bayut.eg/thumbnails/45650034-800x600.jpeg"", ""https://images.bayut.eg/thumbnails/45650035-800x600.jpeg"", ""https://images.bayut.eg/thumbnails/45650036-800x600.jpeg"", ""https://images.bayut.eg/thumbnails/45650037-800x600.jpeg"", ""https://images.bayut.eg/thumbnails/45650038-800x600.jpeg"", ""https://images.bayut.eg/thumbnails/45650039-800x600.jpeg"", ""https://images.bayut.eg/thumbnails/45650040-800x600.jpeg"", ""https://images.bayut.eg/thumbnails/45650041-800x600.jpeg"", ""https://images.bayut.eg/thumbnails/45650042-800x600.jpeg"", ""https://images.bayut.eg/thumbnails/45650043-800x600.jpeg"", ""https://images.bayut.eg/thumbnails/45650044-800x600.jpeg"", ""https://images.bayut.eg/thumbnails/45650045-800x600.jpeg"", ""https://images.bayut.eg/thumbnails/45650046-800x600.jpeg""]",Ready,Resale
https://www.bayut.eg/en/property/details-504033467.html,Bayut - 1016-2Ye306,504033467,Falcon Real Estate,35%Off+Plan 6y Ultra lux finish chalet views all room in Cali Coast Ras El Hekma next to Fouka Bay & Caesar & Hacienda,Chalet,Limited Time: 6-Year Installments + 35% Cash Discount!Own a premium chalet panoramic lagoon views from all roomsCali Coast – Prime Ras El Hekma Bay Location- 86 sqm | 2 Bedrooms+2 Bathrooms+Reception+Terrace- Steps to sandy beach + Ready for ViewingFor details or to visit: [redacted phone number] Call or WhatsApp,"Cali Coast, Ras Al Hekma, North Coast, Matruh Chalets, Matruh",6490000,EGP,2,2.0,Unfurnished,"Sea view, Gym or Health Club, Sauna, Lawn or Garden, Barbeque Area, Cafeteria or Canteen, Business Center, Security Staff, 24 Hours Concierge",86 Sq. M.,Dina Mohamed,"[""https://images.bayut.eg/thumbnails/49111531-800x600.jpeg"", ""https://images.bayut.eg/thumbnails/49111532-800x600.jpeg"", ""https://images.bayut.eg/thumbnails/49111533-800x600.jpeg"", ""https://images.bayut.eg/thumbnails/49111534-800x600.jpeg"", ""https://images.bayut.eg/thumbnails/49111535-800x600.jpeg"", ""https://images.bayut.eg/thumbnails/49111536-800x600.jpeg"", ""https://images.bayut.eg/thumbnails/49111537-800x600.jpeg"", ""https://images.bayut.eg/thumbnails/49111538-800x600.jpeg"", ""https://images.bayut.eg/thumbnails/49111539-800x600.jpeg"", ""https://images.bayut.eg/thumbnails/49111540-800x600.jpeg""]",Off-Plan,Primary
https://www.bayut.eg/en/property/details-504031875.html,Bayut - 10380-g2nVxn,504031875,Property hills star,Villa with a Sea View and Super Luxury Finishing in Mountain View Ras El Hekma – North Coast,Villa,"Own Your Townhouse with a Sea View and Super Luxury Finishing in Mountain View Ras El HekmaBuilt-up Area: 170 sqmConsists of: 3 Bedrooms + 4 Bathrooms:Project & Location Highlights• Prime location in the heart of Ras El Hekma• Stunning sea views• Sandy beaches and crystal-clear turquoise waters• Beautiful green spaces and landscaped areas• Swimming pools and entertainment areas• Restaurants, cafés, and various servicesContact us now for the price and full detailsContact: [redacted phone number]","Mountain View Ras Al Hekma, Ras Al Hekma, North Coast, Matruh Villas, Matruh",9500000,EGP,3,4.0,Unfurnished,"Covered parking, Pets Allowed, Electricity Meter, Sea view, Balcony or Terrace, Gym or Health Club, Swimming Pool, Jacuzzi, Sauna, Kids Play Area, Lawn or Garden, Barbeque Area, Waste Disposal, Maintenance Staff, Cleaning Services, CCTV Security, 24 Hours Concierge",170 Sq. M.,Nada soliman,"[""https://images.bayut.eg/thumbnails/49092692-800x600.jpeg"", ""https://images.bayut.eg/thumbnails/49092693-800x600.jpeg"", ""https://images.bayut.eg/thumbnails/49092694-800x600.jpeg"", ""https://images.bayut.eg/thumbnails/49092695-800x600.jpeg"", ""https://images.bayut.eg/thumbnails/49092696-800x600.jpeg"", ""https://images.bayut.eg/thumbnails/49092708-800x600.jpeg"", ""https://images.bayut.eg/thumbnails/49092709-800x600.jpeg"", ""https://images.bayut.eg/thumbnails/49092710-800x600.jpeg"", ""https://images.bayut.eg/thumbnails/49092711-800x600.jpeg"", ""https://images.bayut.eg/thumbnails/49092712-800x600.jpeg"", ""https://images.bayut.eg/thumbnails/49092713-800x600.jpeg"", ""https://images.bayut.eg/thumbnails/49092714-800x600.jpeg""]",Off-Plan,Primary
https://www.bayut.eg/en/property/details-504032847.html,Bayut - 1016-BPJoVB,504032847,Falcon Real Estate,"Villa (installment 28,000 + down 850,000),54% cash discount villa for sale in Sarai Compound, New Cairo, next to Madinaty , minutes from 5settlemen",Villa,"Luxury villa in a prime location, spacious and offering complete privacy with a 54% discountBreathtaking views of the landscape and artificial lakes. 212 square meters. Smart layout with 4 bedrooms and 4 bathrooms. Cash price: 8,200,000Or installments: 28,000 + payments (price varies). To visit the compound, contact us now via WhatsApp or phone at [redacted phone number].","Sarai, Mostakbal City, Cairo",8200000,EGP,4,5.0,Unfurnished,"Covered parking, Pets Allowed, Electricity Meter, Water Meter, Natural Gas, Landline, First Aid Medical Center, Gym or Health Club, Facilities for Disabled, Swimming Pool, Jacuzzi, Sauna, Steam Room, Day Care Center, Kids Play Area, Lawn or Garden, Barbeque Area, Cafeteria or Canteen",212 Sq. M.,محمد على,"[""https://images.bayut.eg/thumbnails/49103680-800x600.jpeg"", ""https://images.bayut.eg/thumbnails/49103681-800x600.jpeg"", ""https://images.bayut.eg/thumbnails/49103682-800x600.jpeg"", ""https://images.bayut.eg/thumbnails/49103683-800x600.jpeg"", ""https://images.bayut.eg/thumbnails/49103684-800x600.jpeg"", ""https://images.bayut.eg/thumbnails/49103685-800x600.jpeg"", ""https://images.bayut.eg/thumbnails/49103686-800x600.jpeg"", ""https://images.bayut.eg/thumbnails/49103687-800x600.jpeg"", ""https://images.bayut.eg/thumbnails/49103688-800x600.jpeg"", ""https://images.bayut.eg/thumbnails/49103689-800x600.jpeg"", ""https://images.bayut.eg/thumbnails/49103690-800x600.jpeg"", ""https://images.bayut.eg/thumbnails/49103691-800x600.jpeg"", ""https://images.bayut.eg/thumbnails/49103692-800x600.jpeg""]",Off-Plan,Primary
https://www.bayut.eg/en/property/details-504032274.html,Bayut - 1016-XNhQa4,504032274,Falcon Real Estate,"VIP first-row villa with a 28% off, full sea view, for sale in Caesar Sodic Ras El Hekma, near La Vista Ras El Hekma, Koun, Ogami, Mountain View",Villa,"-Ultimate Luxury Villa - First Row with Full Sea View-Prime Location Villa on Sandy Beach-Finishing: Ultra Super Lux-Area: 180 sq m with a smart layout and open sea view(3 bedrooms (including a nanny's room) - 3 bathrooms)For details, contact us now via WhatsApp & phone: [redacted phone number]","Caesar Island, Ras Al Hekma, North Coast, Matruh Villas, Matruh",25900000,EGP,3,4.0,Unfurnished,"First Aid Medical Center, Gym or Health Club, Swimming Pool, Jacuzzi, Sauna, Steam Room, Day Care Center, Kids Play Area, Lawn or Garden, Barbeque Area, Cafeteria or Canteen",180 Sq. M.,محمد على,"[""https://images.bayut.eg/thumbnails/49108033-800x600.jpeg"", ""https://images.bayut.eg/thumbnails/49108034-800x600.jpeg"", ""https://images.bayut.eg/thumbnails/49108035-800x600.jpeg"", ""https://images.bayut.eg/thumbnails/49108036-800x600.jpeg"", ""https://images.bayut.eg/thumbnails/49108037-800x600.jpeg"", ""https://images.bayut.eg/thumbnails/49108038-800x600.jpeg"", ""https://images.bayut.eg/thumbnails/49108039-800x600.jpeg"", ""https://images.bayut.eg/thumbnails/49108040-800x600.jpeg"", ""https://images.bayut.eg/thumbnails/49108041-800x600.jpeg"", ""https://images.bayut.eg/thumbnails/49108042-800x600.jpeg"", ""https://images.bayut.eg/thumbnails/49108043-800x600.jpeg"", ""https://images.bayut.eg/thumbnails/49108044-800x600.jpeg""]",Off-Plan,Primary
https://www.bayut.eg/en/property/details-504032996.html,Bayut - 5000410-YbYghk,504032996,Egypt Best Properties (EBP),FIRST TIME IN NEW LAUNCH FINISHED 3 BEDROOMS APARTMENT FOR SALE INST UP TO 9 YRS PRIME LOCATION IN MOUNTAIN VIEW 1.1 IN NEW CAIRO,Apartment,"New fully finished units available in front of Al Rehab. Unit Details:- Apartment- Built-up Area: 140 sqm- 3 Bedrooms- 3 Bathrooms- Kitchen- Terrace- Reception- For more details and a video, contact us at: [redacted phone number]- 5% Down Payment and Installments up to 9 YearsA very prime location in the heart of New Cairo, close to 90th Street and main roads, making it easier to access many parts of Cairo. Right next to Mountain View 1, which is an advntage because the surrounding area and community are already established, not an isolated project. Green design with water features and open spaces; the project is designed with valleys, landscapes, and lakes, creating a sense of tranquility and privacy. Very suitable for fmilies: It includes children's areas, swimming pools, sports activities, and walking and seating areas. Clubhouse and internal services, in addition to commercial areas and restaurants/cafes, so you won't need to leave for all your daily needs. Privacy and security with gates and 24/7 security. A variety of units; the project features modern designs and spaces designed to maximize natural light and outdoor areas.","Mountain View 1.1, 5th Settlement, New Cairo, Cairo",15000000,EGP,3,3.0,Unfurnished,"Built in Kitchen Appliances, Covered parking, Electricity Meter, Balcony or Terrace, First Aid Medical Center, Gym or Health Club, Swimming Pool, Jacuzzi, Sauna, Steam Room, Day Care Center, Kids Play Area, Lawn or Garden, Barbeque Area, Cafeteria or Canteen, Shared Kitchen, Laundry Room, Laundry Facility",140 Sq. M.,Nourhan Abdelhady,"[""https://images.bayut.eg/thumbnails/49105595-800x600.jpeg"", ""https://images.bayut.eg/thumbnails/49105596-800x600.jpeg"", ""https://images.bayut.eg/thumbnails/49105597-800x600.jpeg"", ""https://images.bayut.eg/thumbnails/49105598-800x600.jpeg"", ""https://images.bayut.eg/thumbnails/49105599-800x600.jpeg"", ""https://images.bayut.eg/thumbnails/49105600-800x600.jpeg"", ""https://images.bayut.eg/thumbnails/49105601-800x600.jpeg"", ""https://images.bayut.eg/thumbnails/49105602-800x600.jpeg"", ""https://images.bayut.eg/thumbnails/49105603-800x600.jpeg"", ""https://images.bayut.eg/thumbnails/49105604-800x600.jpeg"", ""https://images.bayut.eg/thumbnails/49105605-800x600.jpeg"", ""https://images.bayut.eg/thumbnails/49105606-800x600.jpeg"", ""https://images.bayut.eg/thumbnails/49105607-800x600.jpeg"", ""https://images.bayut.eg/thumbnails/49105608-800x600.jpeg"", ""https://images.bayut.eg/thumbnails/49105609-800x600.jpeg""]",Off-Plan,Primary
https://www.bayut.eg/en/property/details-504032761.html,Bayut - 5000410-SSftWE,504032761,Egypt Best Properties (EBP),"New 0% DownPayment Offer , Double View Serviced Chalet Over 10 Years Plan At Ras El-Hekma North Coast",Chalet,"Limited Realese Offer !! Fully Equipped Sea View Serviced Chalet Direct On Lagoon At Best Destination In Ras El Hekma | 0% Downpayment & Flexible Installments Over 10 YearsTo Receive The Full Details Or The Best Offer, Contact Us Today [redacted phone number]Chalet Details:2 Bedrooms2 Bathrooms111 BUAServiced ChaletFully EquippedACs IncludedKitchen Cabinets IncludedPrime Sea ViewWide TerracePremium Finishing StandardsDesigned To Maximize Natural Light & Panoramic Sea ViewsPrime Waterfront LocationHigh Privacy LayoutEasy Access To The Beach & All FacilitiesExclusive Resort-Style LivingIdeal For Holiday Homes & InvestmentLocationPrime Location In Ras El Hekma – North CoastEasy Access Via:Fouka RoadDabaa RoadInternational Coastal RoadApproximately 3 Hours From CairoApproximately 2 Hours From AlexandriaAbout The ProjectAZHA North Coast is a premium coastal destination in Ras El Hekma, offering an elevated Mediterranean lifestyle surrounded by crystal-clear waters, pristine sandy beaches, beautifully designed landscapes, and premium leisure facilities. Designed to combine luxury, comfort, and resort-style living, the community offers exceptional waterfront experiences, premium amenities, and a highly desirable location, making it an ideal destination for holiday homes and long-term investment. About The DeveloperDeveloped By Madaar Development, one of Egypt's prominent real estate developers, renowned for creating premium residential and coastal destinations distinguished by quality, innovative design, and strong long-term value. #AZHA #AZHANorthCoast #Madaar #RasElHekma #NorthCoast #ServicedChalet #ChaletForSale #SeaView #FullyEquipped #ACsIncluded #KitchenIncluded #ZeroDownpayment #10YearsInstallments #LimitedTimeOffer #LuxuryLiving #BeachfrontLiving #RealEstateEgypt #InvestmentOpportunity","Fouka Bay, North Coast, Matruh Chalets, Matruh",19556400,EGP,2,2.0,Unfurnished,"Built in Kitchen Appliances, Furnished, Covered parking, Electricity Backup, Pets Allowed, Electricity Meter, Centrally Air-Conditioned, Sea view, Central Heating, Water Meter, Double Glazed Windows, Storage Areas, Natural Gas, Landline, Study Room, Central A/C & heating, Balcony or Terrace, Lobby in Building, Service Elevators, Prayer Room, Reception/Waiting Room, First Aid Medical Center, Gym or Health Club, Facilities for Disabled, Swimming Pool, Jacuzzi, Sauna, Steam Room, Day Care Center, Kids Play Area, Lawn or Garden, Barbeque Area, Cafeteria or Canteen, Waste Disposal, Maintenance Staff, Cleaning Services, Business Center, Conference Room, Security Staff, CCTV Security, Shared Kitchen, Laundry Room, Laundry Facility, Broadband Internet, Satellite/Cable TV, Intercom, 24 Hours Concierge, Maids Room, Freehold",111 Sq. M.,Seif Mahmoud,"[""https://images.bayut.eg/thumbnails/49105020-800x600.jpeg"", ""https://images.bayut.eg/thumbnails/49105023-800x600.jpeg"", ""https://images.bayut.eg/thumbnails/49105025-800x600.jpeg"", ""https://images.bayut.eg/thumbnails/49105027-800x600.jpeg"", ""https://images.bayut.eg/thumbnails/49105029-800x600.jpeg"", ""https://images.bayut.eg/thumbnails/49105031-800x600.jpeg"", ""https://images.bayut.eg/thumbnails/49105033-800x600.jpeg"", ""https://images.bayut.eg/thumbnails/49105047-800x600.jpeg"", ""https://images.bayut.eg/thumbnails/49105048-800x600.jpeg"", ""https://images.bayut.eg/thumbnails/49105049-800x600.jpeg"", ""https://images.bayut.eg/thumbnails/49105050-800x600.jpeg""]",Off-Plan,Primary
https://www.bayut.eg/en/property/details-207725611.html,Bayut - ID207725611,207725611,Abdallah Qassim,شقه للبيع 150 متر من المالك مباشرة شارع كعبيش الرئيسى,Apartment,شقة تمليك 150 متر اول تشطيب اول سكنمن المالك مباشرةعلى شارع كعبيش الرئيسي امام شارع الشيشيني3 غرف و2حمام ومطبخ وريسبشن وبلكونة )برج مرخصه بالكاملالشقه الدور العاشر والبرج 14دوربرج و2 اسانسيرحصة بالارض وجميع الخدمات متاحة_اتحاد ملاك . . حارس للعمارةكاميرات مراقبة . . عمارة ساكنةعداد كهرباءالغاز على باب الشقهخط مياه خاص بالشقهتصلح استثماري و سكني جداتواصل [redacted phone number]#[redacted phone number]#([redacted phone number]#([redacted phone number]#([redacted phone number]#([redacted phone number]#([redacted phone number]#([redacted phone number])))))),"Faisal, Giza Apartments, Giza",1600000,EGP,3,2.0,Unfurnished,"Covered parking, Electricity Meter, Water Meter, Natural Gas, Landline, Elevators in Building, Completion Year: 10, Security Staff",150 Sq. M.,وليد,"[""https://images.bayut.eg/thumbnails/48967026-800x600.jpeg"", ""https://images.bayut.eg/thumbnails/48967027-800x600.jpeg"", ""https://images.bayut.eg/thumbnails/48967028-800x600.jpeg"", ""https://images.bayut.eg/thumbnails/48967029-800x600.jpeg"", ""https://images.bayut.eg/thumbnails/48967030-800x600.jpeg"", ""https://images.bayut.eg/thumbnails/48967031-800x600.jpeg"", ""https://images.bayut.eg/thumbnails/48967032-800x600.jpeg"", ""https://images.bayut.eg/thumbnails/48967033-800x600.jpeg"", ""https://images.bayut.eg/thumbnails/48967034-800x600.jpeg"", ""https://images.bayut.eg/thumbnails/48967035-800x600.jpeg"", ""https://images.bayut.eg/thumbnails/48967036-800x600.jpeg"", ""https://images.bayut.eg/thumbnails/48967037-800x600.jpeg"", ""https://images.bayut.eg/thumbnails/48967038-800x600.jpeg"", ""https://images.bayut.eg/thumbnails/48967039-800x600.jpeg"", ""https://images.bayut.eg/thumbnails/48967040-800x600.jpeg"", ""https://images.bayut.eg/thumbnails/48967041-800x600.jpeg"", ""https://images.bayut.eg/thumbnails/48967042-800x600.jpeg"", ""https://images.bayut.eg/thumbnails/48967043-800x600.jpeg""]",Ready,Primary
https://www.bayut.eg/en/property/details-208849312.html,Bayut - ID208849312,208849312,SFR,شقة للبيع 175م في فلمنج | 3 غرف | مدخل فندقي | طابق مرتفع,Apartment,"**فرصة مميزة لامتلاك شقة واسعة وفاخرة في قلب فلمنج بالإسكندرية**للبيع شقة مميزة بمساحة **175 متر²** في موقع ممتاز بمنطقة **فلمنج – شارع أحمد باشا ترك**، تتميز بالمساحات الواسعة والتقسيم العملي، داخل عقار راقٍ بمدخل فندقي ونظام أمني متكامل. **تفاصيل الشقة:**مساحة 175 متر²3 غرف نومريسبشن واسع 3 قطع2 حماممطبخ2 بلكونةطابق مرتفع وليس الأخير3 مصاعد**مميزات العقار:**مدخل فندقي راقٍأمن وحراسة على مدار الوقت3 أفراد أمننظام أمني متكاملإضاءة أوتوماتيكية للسلمعمارة مميزة وراقيةشقة مثالية للعائلات الباحثة عن **المساحة، الموقع المميز، الأمان والرقي** في واحدة من أفضل مناطق الإسكندرية. **السعر المطلوب: 4,200,000 جنيه****قابل للتفاوض البسيط للجادين**للتواصل والاستفسار أو تحديد موعد للمعاينة، تواصل الآن.","Abd Al Fattah El Taweel St., Fleming, Alexandria",4200000,EGP,3,2.0,Unfurnished,"Electricity Meter, Water Meter, Natural Gas, Landline, Balcony or Terrace, Elevators in Building, Completion Year, Security Staff",175 Sq. M.,Nahed,"[""https://images.bayut.eg/thumbnails/48886306-800x600.jpeg"", ""https://images.bayut.eg/thumbnails/48886307-800x600.jpeg"", ""https://images.bayut.eg/thumbnails/48886308-800x600.jpeg"", ""https://images.bayut.eg/thumbnails/48886309-800x600.jpeg"", ""https://images.bayut.eg/thumbnails/48886310-800x600.jpeg"", ""https://images.bayut.eg/thumbnails/48886311-800x600.jpeg"", ""https://images.bayut.eg/thumbnails/48886312-800x600.jpeg"", ""https://images.bayut.eg/thumbnails/48886313-800x600.jpeg"", ""https://images.bayut.eg/thumbnails/48886314-800x600.jpeg"", ""https://images.bayut.eg/thumbnails/48886315-800x600.jpeg"", ""https://images.bayut.eg/thumbnails/48886316-800x600.jpeg"", ""https://images.bayut.eg/thumbnails/48886317-800x600.jpeg""]",Ready,Resale
https://www.bayut.eg/en/property/details-205510788.html,Bayut - ID205510788,205510788,Magic Home,فيلا 900 متر العاشر من رمضان,Villa,فيلا 900 متر بالعاشر من رمضانجراج مغطةحديقة داخلية و خارجية كبيرةالدور الارضي متشطب بالكامل الترا سوبرلوكس به 3 غرف نوم و 3 حمام و ليفينج و ريسيبشن و مطبخ و يوجد حمام خارجي بالحديقة بجوار شواية كبيرةالدور الاول نصف تشطيب منقسم الي 2 شقةالدور التاني روف به 2 غرفة و حمامالتواصل عن طريق المالك مباشرة[redacted phone number]#[redacted phone number]#([redacted phone number]#([redacted phone number])),"10th of Ramadan, Sharqia Villas, Sharqia",30000000,EGP,3,4.0,Unfurnished,"Covered parking, Pets Allowed, Electricity Meter, Water Meter, Landline, Balcony or Terrace, Lawn or Garden, Security Staff, Maids Room",900 Sq. M.,Hassan,"[""https://images.bayut.eg/thumbnails/28979550-800x600.jpeg"", ""https://images.bayut.eg/thumbnails/28979551-800x600.jpeg"", ""https://images.bayut.eg/thumbnails/28979552-800x600.jpeg"", ""https://images.bayut.eg/thumbnails/28979553-800x600.jpeg"", ""https://images.bayut.eg/thumbnails/28979554-800x600.jpeg"", ""https://images.bayut.eg/thumbnails/28979555-800x600.jpeg"", ""https://images.bayut.eg/thumbnails/28979556-800x600.jpeg"", ""https://images.bayut.eg/thumbnails/28979557-800x600.jpeg"", ""https://images.bayut.eg/thumbnails/28979558-800x600.jpeg"", ""https://images.bayut.eg/thumbnails/28979559-800x600.jpeg"", ""https://images.bayut.eg/thumbnails/28979560-800x600.jpeg"", ""https://images.bayut.eg/thumbnails/28979561-800x600.jpeg""]",Ready,Primary
https://www.bayut.eg/en/property/details-208851951.html,Bayut - ID208851951,208851951,SFR,Stone park standalone,Villa,العنوان كومبوند ستون بارك التجمع الخامس علي الطريق الدائري بجوار جولف القطامية• فيلا مكونة من ثلاث ادوار بالاضافة لغرف الرووفمساحة الارض 551 متر مربعمساحة الجنينة 387 متر مربعاجمالي مساحة المباني 558 متر مربع مقسمة كالتاليدور البدروم 173 متر مربعالدور الارضي 173 متر مربعالدور الاول 166 متر مربعدور السطح 46 متر مربع تراس 87 متر مربع• التقسيم المعماريالدور الارضي مقسم اليمنطقة لوبي - استقبال كبير للصالونات - مساحة مستقلة لمنطقة السفرة مطبخ مفتوح - منطقة سلم الفيلا البانوراما - حمام ضيوفالدور الاول مقسم اليمعيشة - مطبخ مفتوح علي المعيشة - غرفة نوم رئيسية بها دريسنج و حمامعدد 2 غرفة نوم فرعي - حمام مشترك• دور البدروميتميز البدروم ان بة English corridor وهو ممر يحول دور البدروم كانه دور ارضي من حيث التهوية و الانارةويحتوي دور البدروم في الفيلا عليريسبشن كبير - مطبخ رئيسي - حجرة نوم - حمام - مخزن - حجرة مربية بحمام خاصحجرة مكتب الحمام منفصلة ويمكن استخدامها غرفة للسائق او الحارس• دور السطحيحتوي دور السطح علي غرفة نوم بحمام خاصتراس كبير بة غرفة شمس زجاجية كبيرة جدا برجولة قابلة الفيح و الغلقتراس اخر مكشوف• تحتوي الفيلا علي اسانسير• التشطيب و الديكورتم تشطيب الفيلا علي اعلي تقنيات و اساليب التشطيب حيث يحتوي الفيلا عليتكيفات كونسيلد في معظم المساحاتنظام التدفئة المركزيةسخان مياة مركزيحمامات رخامقواعد حمامات بلت ان جروهي - خلاطات بلت ان للشاور ماركة جروهي - الخلاطات جروهي - قواعد التواليت و الاحواض ديرافيتاسقف ساقطة في كل الفيلاتجاليد خشب بانوهات مع النحت الخشبي الكلاسيك في كل من منطقة الريسبشن و السفرة و حجرة النوم الرئيسيةتجاليد خشب مودرن مع الرخام في الحوائط في منطقة المعيشةارضيات الفيلا كلها رخام رمادي مستورد عدا غرف النو الثلاثة فقط HDF• الدهاناتدهانات الخشب لاكية مغسولدهانات الاسقف و الحوائط بلاستيك ( يوتن )• الموبيلياالفيلا بها موبيليا المطبخ الرئيسي بدور البدروم بالحوائط و القرص الرخاممطبخ الدر الارضي بالرخاممطبخ الدور الاول بالجرانيتدريسنج حجرة النوم الرئيسيةمكتبة دور البدروم• الاوت دوركل المسطحات حول الفيلا في البدروم و الدور الارضي رخام مستورديوجد شلالات مياة علي حوائط دور البدروم,"Loaloaa St., Al Abageyah, El Khalifa, Cairo",45000000,EGP,5,5.0,Unfurnished,"Pets Allowed, Water Meter, Central A/C & heating, Balcony or Terrace, Elevators in Building, Lawn or Garden, Security Staff, Maids Room",550 Sq. M.,Abbas halim,"[""https://images.bayut.eg/thumbnails/48880643-800x600.jpeg"", ""https://images.bayut.eg/thumbnails/48880644-800x600.jpeg"", ""https://images.bayut.eg/thumbnails/48880645-800x600.jpeg"", ""https://images.bayut.eg/thumbnails/48880646-800x600.jpeg"", ""https://images.bayut.eg/thumbnails/48880647-800x600.jpeg"", ""https://images.bayut.eg/thumbnails/48880648-800x600.jpeg"", ""https://images.bayut.eg/thumbnails/48880649-800x600.jpeg"", ""https://images.bayut.eg/thumbnails/48880650-800x600.jpeg"", ""https://images.bayut.eg/thumbnails/48880651-800x600.jpeg"", ""https://images.bayut.eg/thumbnails/48880652-800x600.jpeg"", ""https://images.bayut.eg/thumbnails/48880710-800x600.jpeg"", ""https://images.bayut.eg/thumbnails/48880711-800x600.jpeg""]",Ready,Primary
https://www.bayut.eg/en/property/details-208584930.html,Bayut - ID208584930,208584930,SFR,"Stunning Sea View Apartment | North Edge, New Alamein",Apartment,"A Rare Opportunity to Own a High-Floor Apartment with Spectacular ViewsIf you’re looking for a premium apartment in one of Egypt’s most prestigious beachfront developments, this is an exceptional opportunity. Property Details* Location: North Edge – Tower 4A, New Alamein* Floor: 27th Floor* Area: 90 sqm* Condition: Semi-finished* Completion: Finishing by the developer is expected in the immediate short term. Unmatched Views* Panoramic Mediterranean Sea views* Beautiful lagoon views* Bright apartment with abundant natural light* The view from the 27th floor is even more breathtaking than the photos. Additional Highlights* Carrefour across the street* Walking distance to the beach and the mall* Very close to the elevators* Only one remaining installment: EGP 85,000* Photos shown are of the identical unit on the 16th floor. Your apartment is on the 27th floor, offering an even more spectacular view. * Last picture is a render with AI for the views after furnishing. An Absolutely Gorgeous Apartment!A fantastic choice for a holiday home, investment, or luxury seaside living. Contact for more information or to arrange a viewing. للبيع – شقة رائعة بإطلالة مباشرة على البحر واللاجون | نورث إيدج – العلمين الجديدةفرصة مميزة لامتلاك شقة في أحد أرقى أبراج الساحل الشماليإذا كنت تبحث عن شقة بإطلالات خلابة وموقع متميز في مدينة العلمين الجديدة، فهذه فرصة لا تُفوّت. تفاصيل الوحدة* الموقع: نورث إيدج – البرج 4A* الدور: 27* المساحة: 90 متر²* التشطيب: نصف تشطيب* الاستلام: سيتم استكمال التشطيب بواسطة المطور خلال فترة قصيرة جدًا. الإطلالة* إطلالة بانورامية ساحرة على البحر الأبيض المتوسط* إطلالة رائعة على اللاجون* شقة مشرقة جدًا وتتمتع بإضاءة طبيعية مميزة* الإطلالة من الدور 27 أجمل وأعلى من الصور المعروضة. مميزات إضافية* كارفور قدام البرج* دقائق من الشاطئ والمول* قريبة جدًا من المصاعد* متبقي قسط واحد فقط: 85,000 جنيه مصري* الصور المعروضة للوحدة المطابقة في الدور 16، بينما هذه الوحدة تقع في الدور 27 بإطلالة أفضل بكثير. * ‏الصورة الاخيرة هي تخيل من ال AI لشكل الشقة لما تتفرسشقة في غاية الروعة!مثالية للسكن، أو للاستثمار، أو للاستمتاع بإجازات مميزة على البحر. للتواصل ومعرفة المزيد أو لتحديد موعد للمعاينة.","Alamein Towers, Alamein, North Coast, Matruh Apartments, Matruh",14500000,EGP,1,1.0,Unfurnished,"Built in Kitchen Appliances, Covered parking, Pets Allowed, Electricity Meter, Water Meter, Natural Gas, Landline, Central A/C & heating, Balcony or Terrace, Elevators in Building, Completion Year, Swimming Pool, Security Staff",90 Sq. M.,Nasser R,"[""https://images.bayut.eg/thumbnails/48846201-800x600.jpeg"", ""https://images.bayut.eg/thumbnails/48846202-800x600.jpeg"", ""https://images.bayut.eg/thumbnails/48846203-800x600.jpeg"", ""https://images.bayut.eg/thumbnails/48846204-800x600.jpeg"", ""https://images.bayut.eg/thumbnails/48846205-800x600.jpeg"", ""https://images.bayut.eg/thumbnails/48846206-800x600.jpeg"", ""https://images.bayut.eg/thumbnails/48846207-800x600.jpeg"", ""https://images.bayut.eg/thumbnails/48846208-800x600.jpeg"", ""https://images.bayut.eg/thumbnails/48846209-800x600.jpeg"", ""https://images.bayut.eg/thumbnails/48846210-800x600.jpeg"", ""https://images.bayut.eg/thumbnails/48846211-800x600.jpeg"", ""https://images.bayut.eg/thumbnails/48846212-800x600.jpeg"", ""https://images.bayut.eg/thumbnails/48846213-800x600.jpeg""]",Ready,Primary
https://www.bayut.eg/en/property/details-504032258.html,Bayut - 1016-PooobR,504032258,Falcon Real Estate,"40% off chalet, full sea view, prime location, amazing view,chalet for sale in Telal North Coast, near Lavista Cascada, Marassi, Amwaj & Hacienda",Chalet,"Luxury chalet with a 40% discount and a breathtaking sea viewPrime location and view in the village134 square meters with a smart layout (3 bedrooms +2 bathrooms+ reception with a terrace offering a stunning view)Cash price: 7,000,000 EGP + Various payment plans available with varying pricesFor details and a video, contact us now via WhatsApp & phone: [redacted phone number]","Telal North Coast, Sidi Abdel Rahman, North Coast, Matruh Chalets, Matruh",7000000,EGP,3,3.0,Unfurnished,"First Aid Medical Center, Gym or Health Club, Swimming Pool, Jacuzzi, Sauna, Steam Room, Day Care Center, Barbeque Area, Cafeteria or Canteen",134 Sq. M.,محمد على,"[""https://images.bayut.eg/thumbnails/49107543-800x600.jpeg"", ""https://images.bayut.eg/thumbnails/49107544-800x600.jpeg"", ""https://images.bayut.eg/thumbnails/49107545-800x600.jpeg"", ""https://images.bayut.eg/thumbnails/49107546-800x600.jpeg"", ""https://images.bayut.eg/thumbnails/49107547-800x600.jpeg"", ""https://images.bayut.eg/thumbnails/49107548-800x600.jpeg"", ""https://images.bayut.eg/thumbnails/49107549-800x600.jpeg"", ""https://images.bayut.eg/thumbnails/49107550-800x600.jpeg"", ""https://images.bayut.eg/thumbnails/49107551-800x600.jpeg"", ""https://images.bayut.eg/thumbnails/49107552-800x600.jpeg"", ""https://images.bayut.eg/thumbnails/49107553-800x600.jpeg"", ""https://images.bayut.eg/thumbnails/49107554-800x600.jpeg"", ""https://images.bayut.eg/thumbnails/49107555-800x600.jpeg"", ""https://images.bayut.eg/thumbnails/49107556-800x600.jpeg""]",Off-Plan,Primary
https://www.bayut.eg/en/property/details-504033508.html,Bayut - 5000410-gwZEjM,504033508,Egypt Best Properties (EBP),UNDER MARKET PRICE IN NEW LAUNCH FINISHED 3 BEDROOMS APARTMEN FOR SALE WITH LOWEST DP 5% ONLY IN MOUNTAIN VIEW IN NEW CAIRO,Apartment,"New fully finished units available in front of Al Rehab. Unit Details:- Apartment- Built-up Area: 140 sqm- 3 Bedrooms- 3 Bathrooms- Kitchen- Terrace- Reception- For more details and a video, contact us at: [redacted phone number]- 5% down payment and installments up to 9 yearsA very prime location in the heart of New Cairo, close to 90th Street and main roads, making it easier to access many parts of Cairo. Right next to Mountain View 1, which is an advantage because the area and surrounding community are already established, not an isolated project. Green design with water features and open spaces; the project is designed with the concept of valleys, landscapes, and lakes, giving a sense of tranquility and privacy. Very suitable for families: It includes children's areas, swimming pools, sports activities, and walking and seating areas. With a clubhouse and on-site amenities, plus retail areas and restaurants/cafes, you won't need to leave the house for everything you need. Privacy and security are ensured with gates and 24/7 security. The project offers a variety of units, featuring modern designs and spaces that maximize natural light and outdoor areas.","Mountain View iCity Compound, 5th Settlement, New Cairo, Cairo",15000000,EGP,3,3.0,Unfurnished,"Built in Kitchen Appliances, Covered parking, Electricity Meter, Balcony or Terrace, First Aid Medical Center, Gym or Health Club, Swimming Pool, Jacuzzi, Sauna, Steam Room, Kids Play Area, Lawn or Garden, Barbeque Area, Cafeteria or Canteen, Shared Kitchen, Laundry Room, Laundry Facility",140 Sq. M.,Nourhan Abdelhady,"[""https://images.bayut.eg/thumbnails/49111988-800x600.jpeg"", ""https://images.bayut.eg/thumbnails/49111989-800x600.jpeg"", ""https://images.bayut.eg/thumbnails/49111990-800x600.jpeg"", ""https://images.bayut.eg/thumbnails/49111991-800x600.jpeg"", ""https://images.bayut.eg/thumbnails/49111992-800x600.jpeg"", ""https://images.bayut.eg/thumbnails/49111993-800x600.jpeg"", ""https://images.bayut.eg/thumbnails/49111996-800x600.jpeg"", ""https://images.bayut.eg/thumbnails/49111997-800x600.jpeg"", ""https://images.bayut.eg/thumbnails/49111998-800x600.jpeg"", ""https://images.bayut.eg/thumbnails/49111999-800x600.jpeg""]",Off-Plan,Primary
https://www.bayut.eg/en/property/details-504032265.html,Bayut - 1016-ncrGk3,504032265,Falcon Real Estate,"40% off Villa, full sea view, prime location, amazing view,Villa for sale in Telal North Coast, near Lavista Cascada, Marassi, Amwaj & Hacienda",Villa,"Luxury villa with a 40% discount and a breathtaking sea viewPrime location and view in the village221 square meters with a smart layout (4 bedrooms + 4 bathrooms + reception with a terrace offering a stunning view)Cash price: 22,000,000 EGP + Various payment plans available with varying pricesFor details and a video, contact us now via WhatsApp & phone: [redacted phone number]","Telal North Coast, Sidi Abdel Rahman, North Coast, Matruh Villas, Matruh",22000000,EGP,4,4.0,Unfurnished,"First Aid Medical Center, Gym or Health Club, Swimming Pool, Jacuzzi, Sauna, Steam Room, Day Care Center, Kids Play Area, Barbeque Area, Cafeteria or Canteen",221 Sq. M.,محمد على,"[""https://images.bayut.eg/thumbnails/49107497-800x600.jpeg"", ""https://images.bayut.eg/thumbnails/49107498-800x600.jpeg"", ""https://images.bayut.eg/thumbnails/49107499-800x600.jpeg"", ""https://images.bayut.eg/thumbnails/49107500-800x600.jpeg"", ""https://images.bayut.eg/thumbnails/49107501-800x600.jpeg"", ""https://images.bayut.eg/thumbnails/49107502-800x600.jpeg"", ""https://images.bayut.eg/thumbnails/49107503-800x600.jpeg"", ""https://images.bayut.eg/thumbnails/49107504-800x600.jpeg"", ""https://images.bayut.eg/thumbnails/49107505-800x600.jpeg"", ""https://images.bayut.eg/thumbnails/49107506-800x600.jpeg"", ""https://images.bayut.eg/thumbnails/49107507-800x600.jpeg""]",Off-Plan,Primary
https://www.bayut.eg/en/property/details-504033420.html,Bayut - 1016-vZNYTV,504033420,Falcon Real Estate,Egypt’s Largest UAE Investment Sea & Yacht Marina chalet fully high-end finished in Modon Ras El Hekma North Coast near June & Caesar & la vista,Chalet,1st Row Chalet with Emirati Lifestyle & 5-Star Service !!Stunning Marina & Sea Views – Developed by Modon UAE- Prime plot in Ras El Hikma with 100% Emirati vision- High-End Finish including ACs + Kitchen + Wardrobes- 82 m² with panoramic views from all roomsBook your unit now – Call/WhatsApp: [redacted phone number] [Video available],"Modon, Ras Al Hekma, North Coast, Matruh Chalets, Matruh",18500000,EGP,1,1.0,Unfurnished,"Built in Kitchen Appliances, Centrally Air-Conditioned, Sea view, Gym or Health Club, Swimming Pool, Jacuzzi, Sauna, Kids Play Area, Lawn or Garden, Barbeque Area, Cafeteria or Canteen, Business Center, Security Staff, Laundry Room, 24 Hours Concierge",82 Sq. M.,Dina Mohamed,"[""https://images.bayut.eg/thumbnails/49111766-800x600.jpeg"", ""https://images.bayut.eg/thumbnails/49111767-800x600.jpeg"", ""https://images.bayut.eg/thumbnails/49111768-800x600.jpeg"", ""https://images.bayut.eg/thumbnails/49111769-800x600.jpeg"", ""https://images.bayut.eg/thumbnails/49111770-800x600.jpeg"", ""https://images.bayut.eg/thumbnails/49111771-800x600.jpeg"", ""https://images.bayut.eg/thumbnails/49111772-800x600.jpeg"", ""https://images.bayut.eg/thumbnails/49111773-800x600.jpeg"", ""https://images.bayut.eg/thumbnails/49111774-800x600.jpeg"", ""https://images.bayut.eg/thumbnails/49111775-800x600.jpeg"", ""https://images.bayut.eg/thumbnails/49111776-800x600.jpeg""]",Off-Plan,Primary
https://www.bayut.eg/en/property/details-504032405.html,Bayut - 1114-7W8Oof,504032405,Property Hills,fully finished + kitchen cabinets chalet in prim location in gouna with sea view,Chalet,"Fully Finished Chalet with Kitchen for Sale with Private Garden & Sea View in El GounaUnit Specifications:Total Area: 133 sqmPrivate Garden: 53 sqm private gardenInterior Layout: 2 Bedrooms + 2 Bathrooms + Reception + KitchenFinishing: Fully finished to high standards including fitted kitchen units (Turn-key)Location Highlights:Prime strategic location in the heart of El Gouna. Direct and unobstructed sea views. Close proximity to Abu Tig Marina, commercial districts, and beachside dining hubs. Compound Features & Amenities:Architectural layout optimized for complete privacy for the chalet and its garden. Crystal lagoons and multiple swimming pools. Expansive landscaped green spaces. 24/7 security service supported by comprehensive CCTV surveillance. Private parking slots and fully integrated essential services. Value Proposition:Rare investment and vacation opportunity offering turn-key readiness with kitchen included, private garden space, and direct sea views in El Gouna.","Blanca, Soma Bay, Red Sea Chalets, Red Sea",12530000,EGP,2,2.0,Unfurnished,"Built in Kitchen Appliances, Furnished, Covered parking, Electricity Backup, Pets Allowed, Electricity Meter, Centrally Air-Conditioned, Sea view, Central Heating, Water Meter, Double Glazed Windows, Storage Areas, Natural Gas, Landline, Study Room, Central A/C & heating, Balcony or Terrace, Lobby in Building, Service Elevators, Prayer Room, Reception/Waiting Room, First Aid Medical Center, Gym or Health Club, Facilities for Disabled, Swimming Pool, Jacuzzi, Sauna, Steam Room, Day Care Center, Kids Play Area, Lawn or Garden, Barbeque Area, Cafeteria or Canteen, Waste Disposal, Maintenance Staff, Cleaning Services, Business Center, Conference Room, Security Staff, CCTV Security, Shared Kitchen, Laundry Room, Laundry Facility, Broadband Internet, Satellite/Cable TV, Intercom, ATM Facility, 24 Hours Concierge, Maids Room, Freehold",133 Sq. M.,Rawan khatab,"[""https://images.bayut.eg/thumbnails/49098407-800x600.jpeg"", ""https://images.bayut.eg/thumbnails/49098408-800x600.jpeg"", ""https://images.bayut.eg/thumbnails/49098412-800x600.jpeg"", ""https://images.bayut.eg/thumbnails/49098413-800x600.jpeg"", ""https://images.bayut.eg/thumbnails/49098414-800x600.jpeg"", ""https://images.bayut.eg/thumbnails/49098415-800x600.jpeg"", ""https://images.bayut.eg/thumbnails/49098416-800x600.jpeg"", ""https://images.bayut.eg/thumbnails/49098417-800x600.jpeg"", ""https://images.bayut.eg/thumbnails/49098418-800x600.jpeg"", ""https://images.bayut.eg/thumbnails/49098419-800x600.jpeg"", ""https://images.bayut.eg/thumbnails/49098420-800x600.jpeg"", ""https://images.bayut.eg/thumbnails/49098421-800x600.jpeg""]",Off-Plan,Primary
https://www.bayut.eg/en/property/details-504033182.html,Bayut - 1016-DyvcL4,504033182,Falcon Real Estate,"3BR beachfront chalet, special price, VIP finish, fully equipped with ACs, for sale in Modon Une Ras El Hekma, near Mountain View, Ogami, Hacienda",Chalet,"Distinguished Chalet (145m²) with a breathtaking panoramic sea viewSpacious with an Emirati lifestyle, 5-star service, and a stunning viewVIP finishing + fully equipped + air conditioning + kitchen cabinets + bedroom wardrobesLowest price within the resort. Serious booking: 250,000 EGP, fully refundableFlexible payment plan: 875,000 EGP down payment and the remaining balance in installments over the longest repayment periodFor details, contact us now: [redacted phone number] (WhatsApp - Phone)Own it now In one of the most prominent investment entities on the North CoastModon UAE, a leading investment entity with a 100% Emirati vision","Modon, Ras Al Hekma, North Coast, Matruh Chalets, Matruh",17500000,EGP,3,3.0,Unfurnished,"First Aid Medical Center, Gym or Health Club, Swimming Pool, Jacuzzi, Sauna, Steam Room, Day Care Center, Kids Play Area, Barbeque Area, Cafeteria or Canteen",145 Sq. M.,محمد على,"[""https://images.bayut.eg/thumbnails/49107940-800x600.jpeg"", ""https://images.bayut.eg/thumbnails/49107941-800x600.jpeg"", ""https://images.bayut.eg/thumbnails/49107942-800x600.jpeg"", ""https://images.bayut.eg/thumbnails/49107943-800x600.jpeg"", ""https://images.bayut.eg/thumbnails/49107944-800x600.jpeg"", ""https://images.bayut.eg/thumbnails/49107945-800x600.jpeg"", ""https://images.bayut.eg/thumbnails/49107946-800x600.jpeg"", ""https://images.bayut.eg/thumbnails/49107947-800x600.jpeg"", ""https://images.bayut.eg/thumbnails/49107948-800x600.jpeg"", ""https://images.bayut.eg/thumbnails/49107949-800x600.jpeg""]",Off-Plan,Primary
https://www.bayut.eg/en/property/details-504032270.html,Bayut - 1016-Xz8bwU,504032270,Falcon Real Estate,"Luxury villa, fully finished with ACs, open view, 100% privacy, for sale in Telal East New Cairo, near Mountain View iCity,Palm hills & Hyde Park.",Villa,"Luxury Town Villa in a prime location with a stunning view in the compound at a bargain price!Ultra-modern finishing + air conditioningOpen view - fully sea-facing - high privacyArea: 234 sq m (ground + first + roof)Smart layout (4 bedrooms, including a master suite, 4 bathrooms)Cash price: 14,300,000For details, contact us now: [redacted phone number] (WhatsApp & Phone)","Telal East, 5th Settlement, New Cairo, Cairo",14300000,EGP,4,4.0,Unfurnished,"First Aid Medical Center, Gym or Health Club, Swimming Pool, Jacuzzi, Sauna, Steam Room, Day Care Center, Barbeque Area, Cafeteria or Canteen",234 Sq. M.,محمد على,"[""https://images.bayut.eg/thumbnails/49107798-800x600.jpeg"", ""https://images.bayut.eg/thumbnails/49107799-800x600.jpeg"", ""https://images.bayut.eg/thumbnails/49107800-800x600.jpeg"", ""https://images.bayut.eg/thumbnails/49107801-800x600.jpeg"", ""https://images.bayut.eg/thumbnails/49107802-800x600.jpeg"", ""https://images.bayut.eg/thumbnails/49107803-800x600.jpeg"", ""https://images.bayut.eg/thumbnails/49107804-800x600.jpeg"", ""https://images.bayut.eg/thumbnails/49107805-800x600.jpeg"", ""https://images.bayut.eg/thumbnails/49107806-800x600.jpeg"", ""https://images.bayut.eg/thumbnails/49107807-800x600.jpeg"", ""https://images.bayut.eg/thumbnails/49107808-800x600.jpeg"", ""https://images.bayut.eg/thumbnails/49107809-800x600.jpeg""]",Off-Plan,Primary
https://www.bayut.eg/en/property/details-208811594.html,Bayut - ID208811594,208811594,GRAVITY,شقه للبيع في الزهه ١٥٥ متر,Apartment,"شقة للبيع في النزهة – 155 مترشقة مميزة ناصية بحري، تشطيب سوبر لوكس، بموقع ممتاز في النزهة، ثاني نمرة من جسر السويس وعلى بُعد حوالي 5 دقائق من مترو النزهة. المساحة: 155 مترالتقسيم: 3 غرف نوم + ريسبشن قطعتين + 2 حمام + مطبخ. الدور: 13 وليس الأخير – يوجد أسانسيرالمرافق: كهرباء وغاز - مصر الجديدةالشقة بحري وعلى ناصية، وموقعها قريب من المترو والمواصلات والخدمات. السعر: 3,100,000 جنيهللتواصل: [redacted phone number]#[redacted phone number]التواصل للجادين فقط","Gesr Al Suez, Cairo",3100000,EGP,3,2.0,Furnished,"Electricity Meter, Water Meter, Natural Gas, Landline, Balcony or Terrace, Elevators in Building, Completion Year",155 Sq. M.,Youssef,"[""https://images.bayut.eg/thumbnails/48513792-800x600.jpeg"", ""https://images.bayut.eg/thumbnails/48513793-800x600.jpeg"", ""https://images.bayut.eg/thumbnails/48513794-800x600.jpeg"", ""https://images.bayut.eg/thumbnails/48513795-800x600.jpeg"", ""https://images.bayut.eg/thumbnails/48513796-800x600.jpeg"", ""https://images.bayut.eg/thumbnails/48513797-800x600.jpeg"", ""https://images.bayut.eg/thumbnails/48513798-800x600.jpeg"", ""https://images.bayut.eg/thumbnails/48513799-800x600.jpeg"", ""https://images.bayut.eg/thumbnails/48513800-800x600.jpeg"", ""https://images.bayut.eg/thumbnails/48513801-800x600.jpeg""]",Ready,Primary
https://www.bayut.eg/en/property/details-208184298.html,Bayut - ID208184298,208184298,Egypt Best Properties (EBP),شقة للبيع في مدينة نصر مصطفي النحاس,Apartment,"للبيع شقةمدينة نصرمصطفى النحاسخلف عمارات التوفيقيةشقة ١٤٥ متر صافي٣ غرف نوم٢ حماممطبخ كبيرريسيبشن واسع٢ بلكونتشطيب كاملالريسبشن بورسلين مستوردالغرف خشب مسمارالحمامات و المطبخ الجوهرةالبلكونات كلها متقفلةشيش الرسيبشن بالكهرباءالشبابيك زجاج دبل عازل للصوت و للترابدور خامساسانسير خاصعداد كهرباء قديمعداد غاز طبيعيملكيه مكان في الجراجمطلوب 4,200,000","8th District, Nasr City, Cairo",4200000,EGP,3,2.0,Furnished,"Built in Kitchen Appliances, Covered parking, Electricity Meter, Water Meter, Natural Gas, Landline, Balcony or Terrace, Elevators in Building, Completion Year: 5",145 Sq. M.,Heba,"[""https://images.bayut.eg/thumbnails/45965149-800x600.jpeg"", ""https://images.bayut.eg/thumbnails/45965150-800x600.jpeg"", ""https://images.bayut.eg/thumbnails/45965151-800x600.jpeg"", ""https://images.bayut.eg/thumbnails/45965152-800x600.jpeg"", ""https://images.bayut.eg/thumbnails/45965153-800x600.jpeg"", ""https://images.bayut.eg/thumbnails/45965154-800x600.jpeg"", ""https://images.bayut.eg/thumbnails/45965155-800x600.jpeg"", ""https://images.bayut.eg/thumbnails/45965156-800x600.jpeg"", ""https://images.bayut.eg/thumbnails/45965157-800x600.jpeg""]",Ready,Primary
https://www.bayut.eg/en/property/details-208764117.html,Bayut - ID208764117,208764117,Falcon Real Estate,ارضي بحديقه خاصه استلام فوري 140م بحدائق اكتوبر مسلسل 3,Apartment,"استلم وشطّب وحدتك الآن… واسكن خلال 6 شهور!خليك في المضمون… واشتري وأنت مطمّن!ارضي بحديقة 140مالسعر: 3,000,000 جنيهجراج: 200,000 جنيهمقدم يبدأ من 60%تقسيط على سنة ونصفاستلام فوريخليك في المضمون:الأرض مسجلةجميع أقساط الأرض مدفوعة بالكاملتمت المطابقةتركيب الأسانسيرتشطيب المداخل والجراجكل خطوة محسوبة… وكل ما يهمك موجود بالفعل، علشان تشتري وأنت مطمّن. احجز وحدتك الآن قبل نفاد الوحدات!","Mosalsal 3, Hadayek October, Giza Apartments, Giza",3000000,EGP,3,2.0,Unfurnished,"Covered parking, Electricity Meter, Water Meter, Natural Gas, Elevators in Building, Completion Year, Lawn or Garden, Security Staff",140 Sq. M.,Arqa Developments,"[""https://images.bayut.eg/thumbnails/48197080-800x600.jpeg"", ""https://images.bayut.eg/thumbnails/48197081-800x600.jpeg"", ""https://images.bayut.eg/thumbnails/48197082-800x600.jpeg"", ""https://images.bayut.eg/thumbnails/48197083-800x600.jpeg"", ""https://images.bayut.eg/thumbnails/48197084-800x600.jpeg"", ""https://images.bayut.eg/thumbnails/48197085-800x600.jpeg"", ""https://images.bayut.eg/thumbnails/48197086-800x600.jpeg"", ""https://images.bayut.eg/thumbnails/48197087-800x600.jpeg"", ""https://images.bayut.eg/thumbnails/48197088-800x600.jpeg""]",Ready,Primary
https://www.bayut.eg/en/property/details-503954883.html,Bayut - 1412-8VKyem,503954883,Property Hills One 1,"The lowest price chalet in Garden for immediate sale from La Vista, direct sea view, fully finished - La Vista Ras Al Hikma - North Coast",Chalet,"Lowest price chalet in La Vista for immediate sale with a direct sea view, fully finished - La Vista Ras El Hikma - North CoastChalet details:{ 3 bedrooms + 3 bathrooms + large reception + kitchen + spacious terrace }Private garden 50 metersReady for inspection and living immediatelyFully finished with ultra super luxuryPrime location with a complete open view of the sea and swimming pool• Total price after cash discount: 19,840,000Down payment available with facilities for paying the remaining amount without interestFor complete details or to book a viewing: [redacted phone number]• Location :-Prime location in Ras El Hikma directly on the international coastal road near Sidi Abdel RahmanNear El AlameinNear Marsa MatrouhEasy access via the Fouka Road and Dabaa Road, approximately 2 to 3 hours from CairoAbout 1 to 1.5 hours from Alexandria","La Vista Ras El Hikma, Ras Al Hekma, North Coast, Matruh Chalets, Matruh",19840000,EGP,3,3.0,Unfurnished,"Built in Kitchen Appliances, Covered parking, Electricity Backup, Pets Allowed, Electricity Meter, Centrally Air-Conditioned, Sea view, Central Heating, Double Glazed Windows, Storage Areas, Landline, Central A/C & heating, Balcony or Terrace, First Aid Medical Center, Gym or Health Club, Facilities for Disabled, Swimming Pool, Jacuzzi, Sauna, Steam Room, Day Care Center, Kids Play Area, Lawn or Garden, Barbeque Area, Cafeteria or Canteen, Waste Disposal, Maintenance Staff, Cleaning Services, Business Center, Conference Room, Security Staff, CCTV Security, Shared Kitchen, Laundry Room, Laundry Facility, Broadband Internet, Satellite/Cable TV, Intercom, 24 Hours Concierge, Maids Room, Freehold",150 Sq. M.,Aya Mahmoud,"[""https://images.bayut.eg/thumbnails/48040780-800x600.jpeg"", ""https://images.bayut.eg/thumbnails/48040758-800x600.jpeg"", ""https://images.bayut.eg/thumbnails/48040760-800x600.jpeg"", ""https://images.bayut.eg/thumbnails/48040759-800x600.jpeg"", ""https://images.bayut.eg/thumbnails/48040781-800x600.jpeg"", ""https://images.bayut.eg/thumbnails/48040778-800x600.jpeg"", ""https://images.bayut.eg/thumbnails/48040779-800x600.jpeg"", ""https://images.bayut.eg/thumbnails/48040782-800x600.jpeg"", ""https://images.bayut.eg/thumbnails/48040783-800x600.jpeg"", ""https://images.bayut.eg/thumbnails/48040784-800x600.jpeg"", ""https://images.bayut.eg/thumbnails/48040785-800x600.jpeg"", ""https://images.bayut.eg/thumbnails/48040786-800x600.jpeg""]",Ready,Primary
https://www.bayut.eg/en/property/details-503881773.html,Bayut - MariamWinterPark,503881773,Deal,Own your 152m apartment with the best buying opportunity and a30%discount in the WinterPark area of the NewAdministrative Capitalwith installments,Apartment,"Unit Details: Area: 152 m² 3 Bedrooms 3 Bathrooms Total Unit Price: EGP 5,472,000 Discount of up to 30% Down Payment: Only 10% Installments over 12 Years Prime Location Close to Key Areas:Close to major axes and vital areas in the New Administrative Capital. Easy access to key commercial and service areas. Near green spaces and open areas. Developer’s Key Projects in the Financial District:Three Square, next to Housing & Development Bank. B-Yard, in front of the interchange station and next to the Egyptian Exchange. B-Gate, next to the National Bank of Egypt. Winter Park, strategically located near major roads, key services, and green spaces. The location and price are on your side! Don’t miss the opportunity to own a 152 m² apartment with a strong discount and a flexible payment plan of up to 12 years!For details & booking: [redacted phone number]","Winter Park, R8, New Capital City, Cairo",5472000,EGP,3,3.0,Unfurnished,"Built in Kitchen Appliances, Furnished, Covered parking, Electricity Backup, Pets Allowed, Electricity Meter, Centrally Air-Conditioned, Central Heating, Water Meter, Double Glazed Windows, Storage Areas, Natural Gas, Landline, Study Room, Central A/C & heating, Balcony or Terrace, Lobby in Building, Service Elevators, Prayer Room, Reception/Waiting Room, First Aid Medical Center, Gym or Health Club, Facilities for Disabled, Swimming Pool, Jacuzzi, Sauna, Steam Room, Day Care Center, Kids Play Area, Lawn or Garden, Barbeque Area, Cafeteria or Canteen, Waste Disposal, Maintenance Staff, Cleaning Services, Business Center, Conference Room, Security Staff, CCTV Security, Shared Kitchen, Laundry Room, Laundry Facility, Broadband Internet, Satellite/Cable TV, Intercom, ATM Facility, 24 Hours Concierge, Maids Room, Freehold",152 Sq. M.,Mariam Mostafa,"[""https://images.bayut.eg/thumbnails/47024938-800x600.jpeg"", ""https://images.bayut.eg/thumbnails/47024939-800x600.jpeg"", ""https://images.bayut.eg/thumbnails/47024940-800x600.jpeg"", ""https://images.bayut.eg/thumbnails/47024941-800x600.jpeg"", ""https://images.bayut.eg/thumbnails/47024954-800x600.jpeg"", ""https://images.bayut.eg/thumbnails/47024955-800x600.jpeg"", ""https://images.bayut.eg/thumbnails/47024956-800x600.jpeg"", ""https://images.bayut.eg/thumbnails/47024957-800x600.jpeg"", ""https://images.bayut.eg/thumbnails/47024958-800x600.jpeg"", ""https://images.bayut.eg/thumbnails/47024959-800x600.jpeg""]",Off-Plan,Primary
https://www.bayut.eg/en/property/details-503838044.html,Bayut - 5790-6C2Yy4,503838044,Sales spot Real Estate,"For sale at the lowest price, immediate delivery in the New Administrative Capital! A fully finished 3-bedroom apartment with a unique layout in El Ma",Apartment,"Receive your apartment now, with a sea view, at a bargain price{3 rooms} SpaciousFully finished ((Super Lux))Immediate delivery - ready to furnish ‼Cash price = 3,470,000For more details, contact the number attached to the adOr send a message on WhatsApp to receive the installment schedule and layout detailsThe compound has been completed in multiple phases, and some residents are already living there","Al Maqsad, New Capital City, Cairo",3470000,EGP,3,2.0,Unfurnished,"Balcony or Terrace, First Aid Medical Center, Gym or Health Club, Facilities for Disabled, Lawn or Garden, Waste Disposal, Maintenance Staff, Cleaning Services, Security Staff, CCTV Security, Freehold",133 Sq. M.,Passant Mohamed,"[""https://images.bayut.eg/thumbnails/46499214-800x600.jpeg"", ""https://images.bayut.eg/thumbnails/46499215-800x600.jpeg"", ""https://images.bayut.eg/thumbnails/46499216-800x600.jpeg"", ""https://images.bayut.eg/thumbnails/46499217-800x600.jpeg"", ""https://images.bayut.eg/thumbnails/46499218-800x600.jpeg"", ""https://images.bayut.eg/thumbnails/46499219-800x600.jpeg"", ""https://images.bayut.eg/thumbnails/46499220-800x600.jpeg"", ""https://images.bayut.eg/thumbnails/46499221-800x600.jpeg"", ""https://images.bayut.eg/thumbnails/46499222-800x600.jpeg"", ""https://images.bayut.eg/thumbnails/46499223-800x600.jpeg"", ""https://images.bayut.eg/thumbnails/46499224-800x600.jpeg"", ""https://images.bayut.eg/thumbnails/46499225-800x600.jpeg"", ""https://images.bayut.eg/thumbnails/46499226-800x600.jpeg"", ""https://images.bayut.eg/thumbnails/46499227-800x600.jpeg"", ""https://images.bayut.eg/thumbnails/46499228-800x600.jpeg""]",Ready,Primary
https://www.bayut.eg/en/property/details-503735441.html,Bayut - 1412-uyB6Vl,503735441,Property Hills One 1,"Immediately receive the last villa with a swimming pool from La Vista, ready for immediate viewing inside the Ministers' Square - Patio Prime - Al Sherouk City.",Villa,"Receive a ready-to-move-in villa with a swimming pool in El Patio Prime compound from La Vista inside the Ministers' Square - New CairoDistinct location with a view, green spaces, and a swimming poolReady for immediate deliveryDirect sale from the owner without furnitureVery special discount on cash paymentsTo send the video and arrange a viewing, send WhatsApp: [redacted phone number]The most important services of the compound:Green spaces throughout the compound24-hour security and guardingBuilt on only 20% with the rest being green spacesMaintenance team working around the clock. Sports fields for exercising within El Patio Al-Shorouk compoundEquipped schools, universities, and nurseriesSwimming pools suitable for all agesHuge hypermarketKids area and entertainment spaces for children. Sports club and gym with sports fields. Car garages for residents and visitors. 24-hour security and guarding with electronic gates. Surveillance cameras and fire extinguishing systems. Continuous maintenance and cleaning services. ATM machines and internet services.","EL Patio Prime, Shorouk City, Cairo",24320000,EGP,4,4.0,Unfurnished,"Built in Kitchen Appliances, Covered parking, Electricity Backup, Pets Allowed, Centrally Air-Conditioned, Central Heating, Double Glazed Windows, Storage Areas, Landline, Central A/C & heating, Balcony or Terrace, First Aid Medical Center, Gym or Health Club, Facilities for Disabled, Swimming Pool, Jacuzzi, Sauna, Steam Room, Day Care Center, Kids Play Area, Lawn or Garden, Barbeque Area, Cafeteria or Canteen, Waste Disposal, Maintenance Staff, Cleaning Services, Business Center, Conference Room, Security Staff, CCTV Security, Shared Kitchen, Laundry Room, Laundry Facility, Broadband Internet, Satellite/Cable TV, Intercom, 24 Hours Concierge, Maids Room, Freehold",255 Sq. M.,Aya Mahmoud,"[""https://images.bayut.eg/thumbnails/45159199-800x600.jpeg"", ""https://images.bayut.eg/thumbnails/45159198-800x600.jpeg"", ""https://images.bayut.eg/thumbnails/45159206-800x600.jpeg"", ""https://images.bayut.eg/thumbnails/45159207-800x600.jpeg"", ""https://images.bayut.eg/thumbnails/45159208-800x600.jpeg"", ""https://images.bayut.eg/thumbnails/45159209-800x600.jpeg"", ""https://images.bayut.eg/thumbnails/45159210-800x600.jpeg"", ""https://images.bayut.eg/thumbnails/45159211-800x600.jpeg"", ""https://images.bayut.eg/thumbnails/45159212-800x600.jpeg"", ""https://images.bayut.eg/thumbnails/45159213-800x600.jpeg""]",Ready,Primary
https://www.bayut.eg/en/property/details-503875511.html,Bayut - 5005432-sDiLjK,503875511,Property Hills Expert,149 sqm Ground Floor Apartment in Village West Sheikh Zayed with 80% Green Spaces,Apartment,"This ground floor apartment in Village West offers 149 sqm of fully finished living space, a solid option for a family looking for a unit inside a compound built around greenery rather than density. Property details:Ground floor apartmentArea: 149 sqm3 bedrooms, 3 bathroomsFully finishedKey features:The compound spans 125 feddans, with only 20% built-up area and the rest dedicated to green spaces and facilitiesFull clubhouse with gym, swimming pools, yoga and crossfit studiosAn 800-meter retail walkway with shops, restaurants and cafesMosque, health clinics, and underground parkingPrice and payment plan:The unit is priced at EGP 10,900,000 on a cash basis, with other payment options available depending on the arrangement. Project and location overview:Village West is developed by Dorra Group, a company active in contracting and real estate development since 1943 with a strong footprint in Sheikh Zayed. The project sits in the heart of the city, right behind Royal City and Cairo Gate, about two minutes from Hyper One and three minutes from the 26th of July corridor. Get in touch if you'd like more details or to schedule a viewing.","Village West Compound, Sheikh Zayed, Giza Apartments, Giza",10900000,EGP,3,3.0,Unfurnished,"Covered parking, Pets Allowed, Double Glazed Windows, Storage Areas, Central A/C & heating, Balcony or Terrace, Lobby in Building, Elevators in Building: 2, Completion Year, Reception/Waiting Room, Flooring, Total Floors: 5, First Aid Medical Center, Gym or Health Club, Facilities for Disabled, Swimming Pool, Jacuzzi, Sauna, Steam Room, Day Care Center, Kids Play Area, Lawn or Garden, Barbeque Area, Cafeteria or Canteen, Maintenance Staff, Cleaning Services, Business Center, Conference Room, Security Staff, CCTV Security, Laundry Facility, Broadband Internet, Intercom, 24 Hours Concierge, Pet Policy, View, Freehold",149 Sq. M.,Amera Emam,"[""https://images.bayut.eg/thumbnails/46938918-800x600.jpeg"", ""https://images.bayut.eg/thumbnails/46938919-800x600.jpeg"", ""https://images.bayut.eg/thumbnails/46938920-800x600.jpeg"", ""https://images.bayut.eg/thumbnails/46938921-800x600.jpeg"", ""https://images.bayut.eg/thumbnails/46938922-800x600.jpeg"", ""https://images.bayut.eg/thumbnails/46938923-800x600.jpeg"", ""https://images.bayut.eg/thumbnails/46938924-800x600.jpeg"", ""https://images.bayut.eg/thumbnails/46938925-800x600.jpeg"", ""https://images.bayut.eg/thumbnails/46938926-800x600.jpeg"", ""https://images.bayut.eg/thumbnails/46938927-800x600.jpeg"", ""https://images.bayut.eg/thumbnails/46938928-800x600.jpeg"", ""https://images.bayut.eg/thumbnails/46938929-800x600.jpeg"", ""https://images.bayut.eg/thumbnails/46938930-800x600.jpeg"", ""https://images.bayut.eg/thumbnails/46938931-800x600.jpeg""]",Ready,Primary
https://www.bayut.eg/en/property/details-503236133.html,Bayut - 1412-E0jcnR,503236133,Property Hills One 1,"A villa from La Vista with a distinctive view in the heart of Fifth Settlement at the lowest price in the market, ready for viewing.",Villa,"Villa for sale in La Vista, prime location in the heart of New Cairo's Fifth Settlement, in the South Investors area, opposite the American University in Cairo. The villa features 4 bedrooms, including a master suite with a dressing room, 5 living rooms, and an open-plan reception area with a view. Total asking price: EGP 31,190,000For more details, please contact us via WhatsApp: [redacted phone number]Location:• Located in the heart of New Cairo, near Mohamed Naguib Axis and 90th Street. • Patio Town is 15 minutes from the New Administrative Capital. • The distance between El Patio and Cairo International Airport is approximately 20 kilometers. • The Ring Road is easily accessible within a 7-minute drive. • La Vista Patio Town is close to Future University, the American University in Cairo, and other educational institutions. Services:• Shopping Mall• Restaurants and Cafes• Gym• Gym and Spa• 24-Hour Security• Children's Play Areas• Landscaping and Green Spaces• Clubhouse• Private Parking• Jogging and Walking Track• CCTV Cameras• Integrated Services AreaFor more details, call +[redacted phone number]SA\T","Patio Town Compound, 5th Settlement, New Cairo, Cairo",31190000,EGP,4,5.0,Furnished,"Covered parking, Pets Allowed, Double Glazed Windows, Storage Areas, First Aid Medical Center, Gym or Health Club, Facilities for Disabled, Swimming Pool, Jacuzzi, Sauna, Steam Room, Day Care Center, Kids Play Area, Lawn or Garden, Barbeque Area, Cafeteria or Canteen, Waste Disposal, Maintenance Staff, Cleaning Services, Business Center, Conference Room, Security Staff, CCTV Security, 24 Hours Concierge, Maids Room",335 Sq. M.,Santi Tareq,"[""https://images.bayut.eg/thumbnails/38733469-800x600.jpeg"", ""https://images.bayut.eg/thumbnails/38733472-800x600.jpeg"", ""https://images.bayut.eg/thumbnails/38733468-800x600.jpeg"", ""https://images.bayut.eg/thumbnails/38733466-800x600.jpeg"", ""https://images.bayut.eg/thumbnails/38733467-800x600.jpeg"", ""https://images.bayut.eg/thumbnails/38733445-800x600.jpeg"", ""https://images.bayut.eg/thumbnails/38733443-800x600.jpeg"", ""https://images.bayut.eg/thumbnails/38733444-800x600.jpeg"", ""https://images.bayut.eg/thumbnails/38733470-800x600.jpeg"", ""https://images.bayut.eg/thumbnails/38733471-800x600.jpeg"", ""https://images.bayut.eg/thumbnails/38733473-800x600.jpeg""]",Ready,Primary
https://www.bayut.eg/en/property/details-504030541.html,Bayut - 1016-uEfPb1,504030541,Falcon Real Estate,"35% off, first row chalet, stunning 100% sea view, Cali Coast Ras El Hekma, near Koun, South Med & Fouka Bay,lavista , modon,alamein",Chalet,"Ready-to-view chalet with a stunning first-row, 100% sea view on Sandy Beach. (Fully finished to an Ultra Super Lux standard + air conditioning)The resort is built on terraces (all units have a sea view). At a rare price with flexible payment plans and a very special discount. Cash price: 5,000,000For details, contact us now: [redacted phone number] (WhatsApp/Phone)","Cali Coast, Ras Al Hekma, North Coast, Matruh Chalets, Matruh",5000000,EGP,1,1.0,Unfurnished,"First Aid Medical Center, Swimming Pool, Jacuzzi, Sauna, Steam Room, Kids Play Area, Barbeque Area, Cafeteria or Canteen",75 Sq. M.,محمد على,"[""https://images.bayut.eg/thumbnails/49076254-800x600.jpeg"", ""https://images.bayut.eg/thumbnails/49076255-800x600.jpeg"", ""https://images.bayut.eg/thumbnails/49076256-800x600.jpeg"", ""https://images.bayut.eg/thumbnails/49076257-800x600.jpeg"", ""https://images.bayut.eg/thumbnails/49076258-800x600.jpeg"", ""https://images.bayut.eg/thumbnails/49076259-800x600.jpeg"", ""https://images.bayut.eg/thumbnails/49076260-800x600.jpeg"", ""https://images.bayut.eg/thumbnails/49076261-800x600.jpeg"", ""https://images.bayut.eg/thumbnails/49076262-800x600.jpeg"", ""https://images.bayut.eg/thumbnails/49076263-800x600.jpeg"", ""https://images.bayut.eg/thumbnails/49076264-800x600.jpeg"", ""https://images.bayut.eg/thumbnails/49076265-800x600.jpeg"", ""https://images.bayut.eg/thumbnails/49076266-800x600.jpeg"", ""https://images.bayut.eg/thumbnails/49076267-800x600.jpeg"", ""https://images.bayut.eg/thumbnails/49076268-800x600.jpeg"", ""https://images.bayut.eg/thumbnails/49076269-800x600.jpeg""]",Off-Plan,Primary
https://www.bayut.eg/en/property/details-504027667.html,Bayut - 5000410-0eFLgb,504027667,Egypt Best Properties (EBP),FOR SALE 2 BEDROOMS APARTMENT FOR SALE WITH PRIVATE GARDEN IN A PRIME LOCATION OVER 8 YRS IN ICITY IN OCTOBER IN MOUNTAIN VIEW,Apartment,"Unit Details:- Apartment- Built-up Area: 110 sqm-garden area :47 sqm- 2 Bedrooms- 2 Bathrooms- Kitchen- Terrace- Reception- For more details and a video, contact us at: [redacted phone number]- 5% Down Payment and Installments up to 8 YearsLocation: One of iCity October's strongest advantages:Approximately 2 minutes from Shooting Club. Approximately 3 minutes from Mall of Arabia. Approximately 5 minutes from Juhayna Square. Approximately 15 minutes from Mountain View Square and Beverly Hills. Close to the 26th of July Corridor and the main roads of West Cairo. Key Services and Amenities:Green spaces and diverse gardens. Club and sports facilities. Swimming pools. Walking and jogging tracks. Restaurants and cafes. Commercial areas. Smart-home features. Security and surveillance services. Internal transportation system within the project.","Mountain View iCity Compound, 6th of October, Giza Apartments, Giza",9000000,EGP,2,2.0,Unfurnished,"Built in Kitchen Appliances, Covered parking, Electricity Meter, Balcony or Terrace, Lobby in Building, Prayer Room, First Aid Medical Center, Gym or Health Club, Swimming Pool, Jacuzzi, Sauna, Steam Room, Day Care Center, Kids Play Area, Lawn or Garden, Barbeque Area, Cafeteria or Canteen, Shared Kitchen, Laundry Room, Laundry Facility",110 Sq. M.,Nourhan Abdelhady,"[""https://images.bayut.eg/thumbnails/49042498-800x600.jpeg"", ""https://images.bayut.eg/thumbnails/49042499-800x600.jpeg"", ""https://images.bayut.eg/thumbnails/49042500-800x600.jpeg"", ""https://images.bayut.eg/thumbnails/49042501-800x600.jpeg"", ""https://images.bayut.eg/thumbnails/49042502-800x600.jpeg"", ""https://images.bayut.eg/thumbnails/49042503-800x600.jpeg"", ""https://images.bayut.eg/thumbnails/49042504-800x600.jpeg"", ""https://images.bayut.eg/thumbnails/49042505-800x600.jpeg"", ""https://images.bayut.eg/thumbnails/49042506-800x600.jpeg"", ""https://images.bayut.eg/thumbnails/49042507-800x600.jpeg"", ""https://images.bayut.eg/thumbnails/49042508-800x600.jpeg"", ""https://images.bayut.eg/thumbnails/49042509-800x600.jpeg"", ""https://images.bayut.eg/thumbnails/49042510-800x600.jpeg"", ""https://images.bayut.eg/thumbnails/49042511-800x600.jpeg"", ""https://images.bayut.eg/thumbnails/49042512-800x600.jpeg"", ""https://images.bayut.eg/thumbnails/49042513-800x600.jpeg""]",Off-Plan,Primary
https://www.bayut.eg/en/property/details-504030094.html,Bayut - 1016-Gl7kEX,504030094,Falcon Real Estate,"Luxury villa, elegant finish, 3 floors, open view, sale in New Heliopolis, Talala, near SODIC, New Giza, madinaty and Sarai",Villa,"A villa with all the features you're looking for:(Prime location + Fully sea-facing + High-end, stylish finishing with top-quality materials + Privacy and security + Located within a prestigious, elegant, and fully serviced compound + Excellent layout and optimal use of every corner of the villa +. . . )- Prime location directly on the Amal Axis- Minutes from Madinaty, New Giza, and SODIC Eastcash price 6,000,000For more details and a video, contact us now via WhatsApp: [redacted phone number] or phone","Talala, New Heliopolis, Cairo",6000000,EGP,4,4.0,Unfurnished,"First Aid Medical Center, Gym or Health Club, Swimming Pool, Jacuzzi, Sauna, Steam Room, Day Care Center, Kids Play Area, Lawn or Garden, Barbeque Area",170 Sq. M.,محمد على,"[""https://images.bayut.eg/thumbnails/49072483-800x600.jpeg"", ""https://images.bayut.eg/thumbnails/49072484-800x600.jpeg"", ""https://images.bayut.eg/thumbnails/49072485-800x600.jpeg"", ""https://images.bayut.eg/thumbnails/49072486-800x600.jpeg"", ""https://images.bayut.eg/thumbnails/49072487-800x600.jpeg"", ""https://images.bayut.eg/thumbnails/49072488-800x600.jpeg"", ""https://images.bayut.eg/thumbnails/49072489-800x600.jpeg"", ""https://images.bayut.eg/thumbnails/49072490-800x600.jpeg"", ""https://images.bayut.eg/thumbnails/49072491-800x600.jpeg"", ""https://images.bayut.eg/thumbnails/49072492-800x600.jpeg""]",Off-Plan,Primary
https://www.bayut.eg/en/property/details-504028605.html,Bayut - 1016-BWqH5j,504028605,Falcon Real Estate,60 sec to beach! Finished chalet sea & lagoon view 38% off in Ramla Ras El Hekma prime North Coast location near La Vista & Caesar,Chalet,"Chalet with full lagoon view & sea view in Ramla, Ras El HekmaLayout: 2 bedrooms, 2 bathrooms, reception with open view, terraceSea & crystal lagoon views from all sidesFully finished Ultra Lux with ACsVideo available on WhatsApp: [redacted phone number] Total cash price: 13,730,000 only. Next to Azha & UAE Ras El Hekma developments","Ramla, North Coast, Matruh Chalets, Matruh",13730000,EGP,2,2.0,Unfurnished,"Built in Kitchen Appliances, Sea view, Gym or Health Club, Swimming Pool, Jacuzzi, Sauna, Kids Play Area, Lawn or Garden, Barbeque Area, Cafeteria or Canteen, Business Center, Security Staff, Laundry Room, 24 Hours Concierge",131 Sq. M.,Dina Mohamed,"[""https://images.bayut.eg/thumbnails/49054827-800x600.jpeg"", ""https://images.bayut.eg/thumbnails/49054828-800x600.jpeg"", ""https://images.bayut.eg/thumbnails/49054829-800x600.jpeg"", ""https://images.bayut.eg/thumbnails/49054830-800x600.jpeg"", ""https://images.bayut.eg/thumbnails/49054831-800x600.jpeg"", ""https://images.bayut.eg/thumbnails/49054832-800x600.jpeg"", ""https://images.bayut.eg/thumbnails/49054833-800x600.jpeg"", ""https://images.bayut.eg/thumbnails/49054834-800x600.jpeg"", ""https://images.bayut.eg/thumbnails/49054835-800x600.jpeg""]",Off-Plan,Primary
https://www.bayut.eg/en/property/details-504026136.html,Bayut - 5000443-hLPGuP,504026136,Deal,"Hava New Capital offers a fully integrated residential experience in the New Administrative Capital, combining a prime location with contemporary desi",Duplex,"The project is strategically located near major roads and key destinations, ensuring easy accessibility while enhancing long-term investment value. Hava is developed with a modern vision focused on quality of life through:Contemporary architectural designs built to high standardsExpansive green spaces providing privacy and tranquilitySmart unit layouts maximizing space efficiencyA comprehensive range of services covering all daily needsThe project offers a variety of residential units with different sizes, suitable for both end-users and investors. Hava New Capital is not just a residential development, but a strong investment opportunity in one of the most promising areas of the New Administrative Capital. For more details and reservations, please contact us.","Hava, R8, New Capital City, Cairo Duplexes, Cairo",5000000,EGP,3,3.0,Unfurnished,"Balcony or Terrace, First Aid Medical Center, Gym or Health Club, Swimming Pool, Jacuzzi, Sauna, Steam Room, Waste Disposal, Maintenance Staff, Cleaning Services, Business Center, Conference Room, Security Staff, CCTV Security, 24 Hours Concierge",255 Sq. M.,basant samy,"[""https://images.bayut.eg/thumbnails/49023822-800x600.jpeg"", ""https://images.bayut.eg/thumbnails/49023823-800x600.jpeg"", ""https://images.bayut.eg/thumbnails/49023824-800x600.jpeg"", ""https://images.bayut.eg/thumbnails/49023825-800x600.jpeg"", ""https://images.bayut.eg/thumbnails/49023826-800x600.jpeg"", ""https://images.bayut.eg/thumbnails/49023828-800x600.jpeg"", ""https://images.bayut.eg/thumbnails/49023831-800x600.jpeg"", ""https://images.bayut.eg/thumbnails/49023833-800x600.jpeg"", ""https://images.bayut.eg/thumbnails/49023835-800x600.jpeg"", ""https://images.bayut.eg/thumbnails/49023837-800x600.jpeg""]",Off-Plan,Primary
https://www.bayut.eg/en/property/details-504030465.html,Bayut - 10345-B4bw5Y,504030465,Capital Agency,Apartment for sale in the most prestigious compound in Fifth Settlement Hyde Park in the Golden Square - Prime Location (Book at launch price),Apartment,"** Hyde Park New Cairo | Apartment for sale with a distinctive view of the landscape. ** Hyde Park Real Estate Development Company: The developer of Hyde Park New Cairo compound,One of the leading companies in the real estate market. **Unit Specifications:**• Unit area: 105 square meters. • 2 bedrooms (one master bedroom). • 3 bathrooms. • living rooms. • Kitchen. __________________________________________** Services and features:• 141 acres of green spaces and water bodies. • An area designated for cafes and restaurants with international names. • Providing a 24-hour security and guarding team to secure the compound. • The units inside the compound are fully secured by deploying a number of surveillance cameras. • A dedicated garage for the residents of the compound, especially for each building. • A group of equipped gyms. • Various swimming pools suitable for adults and children. • Each building contains 2 elevators and two entrances for each building. • Establishing a number of maintenance centers staffed with technicians specialized in all differentfields. ______________________________________Location:• It is only 5 minutes away from the American University. • Hyde Park Compound is only 15 minutes away from Madinaty. • It is only about 20 minutes away from the ring road, which is the most important axis in Cairo. __________________________________________** Total price:• Price: 9,000,000 Egyptian pounds. ________________________________________For more information, contact us on: [redacted phone number]","Hyde Park New Cairo Compound, 5th Settlement, New Cairo, Cairo",9000000,EGP,2,3.0,Unfurnished,"Built in Kitchen Appliances, Covered parking, Balcony or Terrace, Gym or Health Club, Swimming Pool, Jacuzzi, Sauna, Steam Room, Kids Play Area, Lawn or Garden, Security Staff, Shared Kitchen",105 Sq. M.,Nourhan Mostafa,"[""https://images.bayut.eg/thumbnails/49077264-800x600.jpeg"", ""https://images.bayut.eg/thumbnails/49077299-800x600.jpeg"", ""https://images.bayut.eg/thumbnails/49077301-800x600.jpeg"", ""https://images.bayut.eg/thumbnails/49077302-800x600.jpeg"", ""https://images.bayut.eg/thumbnails/49077265-800x600.jpeg"", ""https://images.bayut.eg/thumbnails/49077267-800x600.jpeg"", ""https://images.bayut.eg/thumbnails/49077268-800x600.jpeg"", ""https://images.bayut.eg/thumbnails/49077269-800x600.jpeg"", ""https://images.bayut.eg/thumbnails/49077304-800x600.jpeg"", ""https://images.bayut.eg/thumbnails/49077306-800x600.jpeg"", ""https://images.bayut.eg/thumbnails/49077308-800x600.jpeg"", ""https://images.bayut.eg/thumbnails/49077310-800x600.jpeg"", ""https://images.bayut.eg/thumbnails/49077312-800x600.jpeg"", ""https://images.bayut.eg/thumbnails/49077314-800x600.jpeg"", ""https://images.bayut.eg/thumbnails/49077316-800x600.jpeg"", ""https://images.bayut.eg/thumbnails/49077318-800x600.jpeg"", ""https://images.bayut.eg/thumbnails/49077320-800x600.jpeg"", ""https://images.bayut.eg/thumbnails/49077322-800x600.jpeg"", ""https://images.bayut.eg/thumbnails/49077323-800x600.jpeg"", ""https://images.bayut.eg/thumbnails/49077324-800x600.jpeg"", ""https://images.bayut.eg/thumbnails/49077325-800x600.jpeg"", ""https://images.bayut.eg/thumbnails/49077326-800x600.jpeg"", ""https://images.bayut.eg/thumbnails/49077327-800x600.jpeg""]",Off-Plan,Primary
https://www.bayut.eg/en/property/details-504034647.html,Bayut - 1412-rYc6IP,504034647,Property Hills One 1,"A distinctive standalone villa, ready for viewing, featuring a swimming pool and an elevator inside the villa, with an open view of the landscape, located in New Cairo on American University Street, next to Katameya Dunes and Hassan Allam, near 90th Stree",Villa,"A distinctive villa with a private swimming pool and an elevator inside the villaWith a direct view of the landscapeLocated in a villa-only compound (the entire compound consists exclusively of standalone and twin villas)One of the highest-end communities in New Cairo, located on American University Street, next to Katameya Dunes and Hassan Allam- 85% of the compound is dedicated to landscaping and water featuresOne of the largest and strongest real estate developersUnit Type: Standalone VillaArea: 411 sqmCash Price: EGP 52,500,000Layout: Office Room + 4 Master Bedrooms + Living RoomFeaturing an excellent interior layout, efficiently utilized spaces, a large number of rooms, and a north-facing orientationComes with a large private gardenFor photos and a full video of the villa: [redacted phone number]Compound Amenities- State-of-the-art fitness equipment- A commercial area with numerous shops to easily meet all residents’ needs- Parking garages conveniently located close to all units within the compound- Swimming pools suitable for all residents to enjoy- Large green areas and artificial lakes- Multiple sports courts within the compound","Patio Town Compound, 5th Settlement, New Cairo, Cairo",52500000,EGP,6,6.0,Unfurnished,"Pets Allowed, Electricity Meter, Water Meter, Double Glazed Windows, Natural Gas, First Aid Medical Center, Gym or Health Club, Facilities for Disabled, Swimming Pool, Jacuzzi, Sauna, Steam Room, Day Care Center, Kids Play Area, Lawn or Garden, Barbeque Area, Cafeteria or Canteen, Waste Disposal, Maintenance Staff, Cleaning Services, Business Center, Conference Room, Security Staff, CCTV Security, 24 Hours Concierge",411 Sq. M.,Hala Adel,"[""https://images.bayut.eg/thumbnails/49128642-800x600.jpeg"", ""https://images.bayut.eg/thumbnails/49128643-800x600.jpeg"", ""https://images.bayut.eg/thumbnails/49128644-800x600.jpeg"", ""https://images.bayut.eg/thumbnails/49128645-800x600.jpeg"", ""https://images.bayut.eg/thumbnails/49128646-800x600.jpeg"", ""https://images.bayut.eg/thumbnails/49128647-800x600.jpeg"", ""https://images.bayut.eg/thumbnails/49128648-800x600.jpeg"", ""https://images.bayut.eg/thumbnails/49128649-800x600.jpeg"", ""https://images.bayut.eg/thumbnails/49128650-800x600.jpeg"", ""https://images.bayut.eg/thumbnails/49128651-800x600.jpeg""]",Ready,Primary
https://www.bayut.eg/en/property/details-504034583.html,Bayut - 1412-BaMkx0,504034583,Property Hills One 1,"A standalone villa at a special price, featuring a swimming pool and an elevator inside the villa, with an open view of the landscape, located in New Cairo on American University Street, next to Katameya Dunes and Hassan Allam, near 90th Street and Mivida",Villa,"A villa with a private swimming pool and an elevator inside the villa, with a direct view of the landscape. Located in a villa-only compound (the entire compound consists exclusively of standalone and twin villas). One of the highest-end communities in New Cairo, located on American University Street, next to Katameya Dunes and Hassan Allam. - 85% of the compound is dedicated to landscaping and water features. - Developed by one of the largest and strongest real estate developers. Unit Type: Standalone VillaArea: 225 sqmCash Price: EGP 27,000,000Featuring an excellent interior layout, efficiently utilized spaces, a large number of rooms, and a north-facing orientation. The villa also comes with a large private garden. For photos and a full video of the villa: [redacted phone number]Compound Amenities:- State-of-the-art fitness equipment. - A commercial area with numerous shops to easily meet all residents’ needs. - Parking garages conveniently located close to all units within the compound. - Swimming pools suitable for all residents to enjoy. - Large green areas and artificial lakes. - Multiple sports courts within the compound.","Patio Town Compound, 5th Settlement, New Cairo, Cairo",27000000,EGP,5,5.0,Unfurnished,"Pets Allowed, Water Meter, Double Glazed Windows, Natural Gas, First Aid Medical Center, Gym or Health Club, Facilities for Disabled, Swimming Pool, Jacuzzi, Day Care Center, Kids Play Area, Lawn or Garden, Barbeque Area, Cafeteria or Canteen, Waste Disposal, Maintenance Staff, Cleaning Services, Business Center, Conference Room, Security Staff, CCTV Security, 24 Hours Concierge",225 Sq. M.,Hala Adel,"[""https://images.bayut.eg/thumbnails/49127974-800x600.jpeg"", ""https://images.bayut.eg/thumbnails/49127975-800x600.jpeg"", ""https://images.bayut.eg/thumbnails/49127976-800x600.jpeg"", ""https://images.bayut.eg/thumbnails/49127977-800x600.jpeg"", ""https://images.bayut.eg/thumbnails/49127978-800x600.jpeg"", ""https://images.bayut.eg/thumbnails/49127979-800x600.jpeg"", ""https://images.bayut.eg/thumbnails/49127980-800x600.jpeg"", ""https://images.bayut.eg/thumbnails/49127981-800x600.jpeg"", ""https://images.bayut.eg/thumbnails/49127982-800x600.jpeg"", ""https://images.bayut.eg/thumbnails/49127983-800x600.jpeg""]",Ready,Primary
https://www.bayut.eg/en/property/details-504034570.html,Bayut - Mina50,504034570,Relax Real estate,"For sale, a two-bedroom apartment, 73m for sale in Majawesh (Al-Qura Road)",Apartment,"A unique opportunity for family housing and investment in a fully serviced compound with an area of 4,500 m², including a shopping area and 2 swimming pools, in a quiet and strategic location in Magawish near major hotels and Sahl Hasheesh. Apartment details:Area: 73 square meters. Division: Two bedrooms + spacious reception + bathroom + kitchen. Floor: Second (2nd Floor). Delivery: Within 3 years. Prices and payment system:Total price: 3,685,000 EGP. Down payment: 550,000 EGP. Remaining: Easy installments over 5 years (quarterly installment: 156,750 EGP). For details, apartment plan, and unit reservation:Contact us via phone or WhatsApp at: [redacted phone number]","Hurghada, Red Sea Apartments, Red Sea",3685000,EGP,2,1.0,Unfurnished,"Electricity Meter, Water Meter, Double Glazed Windows, Landline, Balcony or Terrace, Lobby in Building, Elevators in Building: 5, Service Elevators, Completion Year: 2, Flooring, First Aid Medical Center, Gym or Health Club, Facilities for Disabled, Swimming Pool, Jacuzzi, Kids Play Area, Lawn or Garden, Barbeque Area, Cafeteria or Canteen, Maintenance Staff, Cleaning Services, Security Staff, CCTV Security, Laundry Facility, Broadband Internet, Satellite/Cable TV, Intercom, ATM Facility, 24 Hours Concierge, Pet Policy, View, Freehold",73 Sq. M.,Mina John,"[""https://images.bayut.eg/thumbnails/49127843-800x600.jpeg"", ""https://images.bayut.eg/thumbnails/49127844-800x600.jpeg"", ""https://images.bayut.eg/thumbnails/49127845-800x600.jpeg"", ""https://images.bayut.eg/thumbnails/49127846-800x600.jpeg"", ""https://images.bayut.eg/thumbnails/49127847-800x600.jpeg"", ""https://images.bayut.eg/thumbnails/49127848-800x600.jpeg"", ""https://images.bayut.eg/thumbnails/49127849-800x600.jpeg"", ""https://images.bayut.eg/thumbnails/49127850-800x600.jpeg"", ""https://images.bayut.eg/thumbnails/49127851-800x600.jpeg"", ""https://images.bayut.eg/thumbnails/49127852-800x600.jpeg""]",Off-Plan,Primary
https://www.bayut.eg/en/property/details-504030232.html,Bayut - 5001491-r1QWrx,504030232,Apart Investment,Twinhouse Fully Finished Prime Location Lagoon View For Sale Over 8 Years -Marsa Baghush in Sidi Heneish by Shehab Mazhar,Twin House,"Unit DetailsBedrooms: 4 Bedrooms + Maid’s RoomBathrooms: 4 BathroomsAbout Marsa Baghush {""fallbackMarkdown"":""Marsa Baghush"",""reference"":{""alt"":""Marsa Baghush"",""category"":""place"",""extra_params"":{""disambiguation"":""North Coast, Egypt""},""name"":""Marsa Baghush"",""prompt_text"":""Marsa Baghush"",""status"":""done"",""type"":""entity""},""referenceKey"":""0"",""showLoginRequiredCard"":false} is an exclusive coastal destination developed by Shehab Mazhar, located in one of the most sought-after areas of Egypt’s North Coast, Sidi Heneish. The resort is strategically located at Kilo 240 of the Alexandria–Marsa Matrouh Road, offering easy access to some of the North Coast’s most prestigious destinations. Marsa Baghush was designed around the “Less is More” concept, creating a serene environment where contemporary architecture blends seamlessly with nature. The entire development is surrounded by lush greenery and carefully designed landscapes. The name Marsa Baghush was inspired by the Coptic version of the name “Bacchus,” reflecting the project’s connection to the area’s natural and cultural character. Designed as an artistic Eden, the resort combines elegant architecture with its natural surroundings. One of its distinctive features is its remarkable landscape, which includes approximately 3,500 varieties of plants, creating a unique atmosphere filled with beautiful scenery and refreshing natural aromas. Marsa Baghush offers a luxurious collection of beach houses complemented by world-class facilities and carefully designed amenities, providing residents and guests of all ages with an exceptional coastal lifestyle. Marsa Baghush LocationShehab A. Mazhar strategically selected the location of Marsa Baghush in Sidi Heneish, specifically at Kilo 240 of the International Coastal Road. The resort is conveniently located near Ras El Hekma and Dabaa Road, making it easily accessible from several key destinations. Distances338 km from Cairo237 km from Alexandria100 km from Hacienda WhiteMarsa Baghush offers the perfect combination of luxury, privacy, nature, and an exclusive beachfront lifestyle, making it an ideal destination for a premium summer home in the North Coast.","Marsa Baghush, North Coast, Matruh Twin Houses, Matruh",40000000,EGP,4,4.0,Furnished,"Built in Kitchen Appliances, Furnished, Covered parking, Electricity Backup, Pets Allowed, Electricity Meter, Centrally Air-Conditioned, Sea view, Central Heating, Water Meter, Double Glazed Windows, Storage Areas, Natural Gas, Landline, Study Room, Central A/C & heating, Balcony or Terrace, Lobby in Building, Service Elevators, Prayer Room, Reception/Waiting Room, First Aid Medical Center, Gym or Health Club, Facilities for Disabled, Swimming Pool, Jacuzzi, Sauna, Steam Room, Day Care Center, Kids Play Area, Lawn or Garden, Barbeque Area, Cafeteria or Canteen, Waste Disposal, Maintenance Staff, Cleaning Services, Business Center, Conference Room, Security Staff, CCTV Security, Shared Kitchen, Laundry Room, Laundry Facility, Broadband Internet, Satellite/Cable TV, Intercom, ATM Facility, 24 Hours Concierge, Maids Room, Freehold",275 Sq. M.,Mayar Tarek,"[""https://images.bayut.eg/thumbnails/49109208-800x600.jpeg"", ""https://images.bayut.eg/thumbnails/49109209-800x600.jpeg"", ""https://images.bayut.eg/thumbnails/49109210-800x600.jpeg"", ""https://images.bayut.eg/thumbnails/49109211-800x600.jpeg"", ""https://images.bayut.eg/thumbnails/49109212-800x600.jpeg"", ""https://images.bayut.eg/thumbnails/49109213-800x600.jpeg"", ""https://images.bayut.eg/thumbnails/49109214-800x600.jpeg"", ""https://images.bayut.eg/thumbnails/49109215-800x600.jpeg"", ""https://images.bayut.eg/thumbnails/49109216-800x600.jpeg"", ""https://images.bayut.eg/thumbnails/49109217-800x600.jpeg"", ""https://images.bayut.eg/thumbnails/49109218-800x600.jpeg"", ""https://images.bayut.eg/thumbnails/49109219-800x600.jpeg"", ""https://images.bayut.eg/thumbnails/49109220-800x600.jpeg""]",Off-Plan,Primary
https://www.bayut.eg/en/property/details-504029553.html,Bayut - 5001963-l9KW4n,504029553,Property Hills One,A 200 square meter apartment for sale in Al-Shorouk in front of Madinaty with a view of water bodies directly on the Suez Road.,Apartment,"Apartment for sale in the patio sola compound in Al Shorouk CityDirectly on the Suez road in front of Gate 3 MadinatyWith an area of 200 metersIts internal division consists of(3 rooms, one of which is a master - 3 bathrooms)With a direct view of the landscape and water features of the compoundThe compound is in a distinguished location, minutes from the Fifth SettlementAvailable for viewing daily starting tomorrowPayment in installments is available with a low down payment and equal installments over 10 yearsFor communication, viewing, and to know the rest of the details, WhatsApp or call","El Patio Sola, Shorouk City, Cairo",10000000,EGP,3,3.0,Unfurnished,"First Aid Medical Center, Gym or Health Club, Swimming Pool, Jacuzzi, Sauna, Steam Room, Day Care Center, Kids Play Area, Lawn or Garden, Barbeque Area, Cafeteria or Canteen",200 Sq. M.,Sohayla Abdelmenem,"[""https://images.bayut.eg/thumbnails/49065427-800x600.jpeg"", ""https://images.bayut.eg/thumbnails/49065428-800x600.jpeg"", ""https://images.bayut.eg/thumbnails/49065440-800x600.jpeg"", ""https://images.bayut.eg/thumbnails/49065441-800x600.jpeg"", ""https://images.bayut.eg/thumbnails/49065442-800x600.jpeg"", ""https://images.bayut.eg/thumbnails/49065443-800x600.jpeg"", ""https://images.bayut.eg/thumbnails/49065444-800x600.jpeg"", ""https://images.bayut.eg/thumbnails/49065445-800x600.jpeg"", ""https://images.bayut.eg/thumbnails/49065446-800x600.jpeg"", ""https://images.bayut.eg/thumbnails/49065447-800x600.jpeg""]",Off-Plan,Primary
https://www.bayut.eg/en/property/details-504030726.html,Bayut - 1114-tyeA49,504030726,Property Hills,fully finished apartment direct on nozha street in heart of zayed 1.5 y delivery,Apartment,"Fully Finished Apartment for Sale – 1.5 Years Delivery on Al Nuzha Road, 2 Minutes from Hyper OneUnit Specifications:Total Area: 153 sqmInterior Layout: 3 Bedrooms + 2 Bathrooms + Spacious Reception + KitchenFinishing: Fully finished to high quality standardsDelivery Status: Delivery within 1.5 yearsLocation Highlights:Prime strategic location directly on Al Nuzha Road in central El Sheikh Zayed. Just 2 minutes away from Hyper One and the 26th of July Corridor. Direct connectivity to major thoroughfares, commercial centers, and healthcare facilities. Close proximity to top international schools and key shopping hubs. Compound Features & Amenities:Modern architectural layout optimized for privacy and functional space distribution. Expansive landscaped greenery surrounding the building. 24/7 security service equipped with advanced CCTV surveillance systems. Private parking facilities and fully integrated infrastructure. Value Proposition:Outstanding investment and residential opportunity offering turn-key readiness, a short-term delivery schedule, and placement in a high-demand central Sheikh Zayed corridor.","Karma Kay Compound, Sheikh Zayed, Giza Apartments, Giza",11040480,EGP,3,2.0,Unfurnished,"Built in Kitchen Appliances, Furnished, Covered parking, Electricity Backup, Pets Allowed, Electricity Meter, Centrally Air-Conditioned, Central Heating, Water Meter, Double Glazed Windows, Storage Areas, Natural Gas, Landline, Study Room, Central A/C & heating, Balcony or Terrace, Lobby in Building, Service Elevators, Prayer Room, Reception/Waiting Room, First Aid Medical Center, Gym or Health Club, Facilities for Disabled, Swimming Pool, Jacuzzi, Sauna, Steam Room, Day Care Center, Kids Play Area, Lawn or Garden, Barbeque Area, Cafeteria or Canteen, Waste Disposal, Maintenance Staff, Cleaning Services, Business Center, Conference Room, Security Staff, CCTV Security, Shared Kitchen, Laundry Room, Laundry Facility, Broadband Internet, Satellite/Cable TV, Intercom, ATM Facility, 24 Hours Concierge, Maids Room, Freehold",153 Sq. M.,Rawan khatab,"[""https://images.bayut.eg/thumbnails/49078027-800x600.jpeg"", ""https://images.bayut.eg/thumbnails/49078028-800x600.jpeg"", ""https://images.bayut.eg/thumbnails/49078029-800x600.jpeg"", ""https://images.bayut.eg/thumbnails/49078042-800x600.jpeg"", ""https://images.bayut.eg/thumbnails/49078043-800x600.jpeg"", ""https://images.bayut.eg/thumbnails/49078044-800x600.jpeg"", ""https://images.bayut.eg/thumbnails/49078045-800x600.jpeg"", ""https://images.bayut.eg/thumbnails/49078046-800x600.jpeg"", ""https://images.bayut.eg/thumbnails/49078047-800x600.jpeg"", ""https://images.bayut.eg/thumbnails/49078048-800x600.jpeg"", ""https://images.bayut.eg/thumbnails/49078049-800x600.jpeg"", ""https://images.bayut.eg/thumbnails/49078050-800x600.jpeg"", ""https://images.bayut.eg/thumbnails/49078051-800x600.jpeg""]",Off-Plan,Primary
https://www.bayut.eg/en/property/details-504034300.html,Bayut - 1016-JpTxha,504034300,Falcon Real Estate,Villa for sale sea view first row high end finished and fully furnished in Marina 5,Villa,"Villa for sale directly on the sea in Marina 5, Lesan El Wazir, North CoastWith an area of 285m + 197m gardenfully finished to an ultra-modern standardfurnished and equipped with appliancesStunning sea viewready to moveFor details: [redacted phone number] (call & WhatsApp)----------------------------------------------","Marina 5, Alamein, North Coast, Matruh Villas, Matruh",20275722,EGP,5,4.0,Unfurnished,"Built in Kitchen Appliances, Electricity Backup, Centrally Air-Conditioned, Sea view, Water Meter, Double Glazed Windows, Storage Areas, Landline, Balcony or Terrace, Lobby in Building, First Aid Medical Center, Gym or Health Club, Swimming Pool, Jacuzzi, Sauna, Steam Room, Day Care Center, Kids Play Area, Lawn or Garden, Barbeque Area, Cafeteria or Canteen, Waste Disposal, Maintenance Staff, Cleaning Services, Business Center, Conference Room, Security Staff, CCTV Security, Shared Kitchen, Laundry Room, Laundry Facility, Broadband Internet, Satellite/Cable TV, Intercom, 24 Hours Concierge",285 Sq. M.,Ahmed Amin,"[""https://images.bayut.eg/thumbnails/49125100-800x600.jpeg"", ""https://images.bayut.eg/thumbnails/49125101-800x600.jpeg"", ""https://images.bayut.eg/thumbnails/49125102-800x600.jpeg"", ""https://images.bayut.eg/thumbnails/49125103-800x600.jpeg"", ""https://images.bayut.eg/thumbnails/49125104-800x600.jpeg"", ""https://images.bayut.eg/thumbnails/49125105-800x600.jpeg"", ""https://images.bayut.eg/thumbnails/49125106-800x600.jpeg"", ""https://images.bayut.eg/thumbnails/49125107-800x600.jpeg"", ""https://images.bayut.eg/thumbnails/49125108-800x600.jpeg"", ""https://images.bayut.eg/thumbnails/49125109-800x600.jpeg"", ""https://images.bayut.eg/thumbnails/49125110-800x600.jpeg"", ""https://images.bayut.eg/thumbnails/49125111-800x600.jpeg"", ""https://images.bayut.eg/thumbnails/49125112-800x600.jpeg""]",Ready,Primary
https://www.bayut.eg/en/property/details-504034268.html,Bayut - 1016-8ZGrNd,504034268,Falcon Real Estate,Ready ! 22% OFF high-end finished villa Elite destination by top developer in La Vista City best price facing City Gate & Hyde Park & Mivida.,Villa,"Unmissable opportunity! Own a ready-to-move-in villa at best price. La Vista City, on a strategic plot connecting New Cairo and New Capital. BUA : 228 sqm - 3 floors – Ultra Lux finishing with open views from all angles. Cash Price: 23,250,000 | Installments 8 Years + 3M Down PaymentFor details, video, or viewing: [redacted phone number] (Call & WhatsApp)","La Vista City, New Capital City, Cairo",23250000,EGP,4,4.0,Unfurnished,"Built in Kitchen Appliances, Gym or Health Club, Swimming Pool, Jacuzzi, Sauna, Kids Play Area, Barbeque Area, Cafeteria or Canteen, Business Center, Security Staff, Laundry Room, 24 Hours Concierge",228 Sq. M.,Dina Mohamed,"[""https://images.bayut.eg/thumbnails/49123364-800x600.jpeg"", ""https://images.bayut.eg/thumbnails/49123365-800x600.jpeg"", ""https://images.bayut.eg/thumbnails/49123366-800x600.jpeg"", ""https://images.bayut.eg/thumbnails/49123367-800x600.jpeg"", ""https://images.bayut.eg/thumbnails/49123368-800x600.jpeg"", ""https://images.bayut.eg/thumbnails/49123369-800x600.jpeg"", ""https://images.bayut.eg/thumbnails/49123370-800x600.jpeg"", ""https://images.bayut.eg/thumbnails/49123371-800x600.jpeg"", ""https://images.bayut.eg/thumbnails/49123372-800x600.jpeg"", ""https://images.bayut.eg/thumbnails/49123373-800x600.jpeg"", ""https://images.bayut.eg/thumbnails/49123374-800x600.jpeg"", ""https://images.bayut.eg/thumbnails/49123375-800x600.jpeg""]",Ready,Primary
https://www.bayut.eg/en/property/details-504034210.html,Bayut - 1016-8k5RDw,504034210,Falcon Real Estate,Duplex for sale with roof view VIP and prime location in Taj City New Cairo,Duplex,"Duplex for sale 224 meters private roof on a very special view landscape & greenery compound in Taj City CompoundWith an area of 224 meters + 77 meters private roof(4 large rooms, one of them is a master + 3 bathrooms + large reception garden view)With a distinctive divisionA fully serviced compound and more than 600 families liveCash required 1,189,967 and the rest is in installments over 8 years without interestfor more details [redacted phone number] Available call & WhatsApp---------The compound is in a distinctive location with two destinationsThe first destination is in front of Cairo Airport on the Suez RoadThe second destination is in front of Kempinski Hotel, JW Marriott and the Police Academy","Taj City Compound, 1st Settlement, New Cairo, Cairo Duplexes, Cairo",9752962,EGP,4,3.0,Unfurnished,"Built in Kitchen Appliances, Electricity Backup, Centrally Air-Conditioned, Water Meter, Double Glazed Windows, Storage Areas, Landline, Balcony or Terrace, Lobby in Building, First Aid Medical Center, Gym or Health Club, Swimming Pool, Jacuzzi, Sauna, Steam Room, Day Care Center, Kids Play Area, Lawn or Garden, Barbeque Area, Cafeteria or Canteen, Waste Disposal, Maintenance Staff, Cleaning Services, Business Center, Conference Room, Security Staff, CCTV Security, Shared Kitchen, Laundry Room, Laundry Facility, Broadband Internet, Satellite/Cable TV, Intercom, 24 Hours Concierge",224 Sq. M.,Ahmed Amin,"[""https://images.bayut.eg/thumbnails/49122648-800x600.jpeg"", ""https://images.bayut.eg/thumbnails/49122649-800x600.jpeg"", ""https://images.bayut.eg/thumbnails/49122650-800x600.jpeg"", ""https://images.bayut.eg/thumbnails/49122651-800x600.jpeg"", ""https://images.bayut.eg/thumbnails/49122652-800x600.jpeg"", ""https://images.bayut.eg/thumbnails/49122653-800x600.jpeg"", ""https://images.bayut.eg/thumbnails/49122654-800x600.jpeg"", ""https://images.bayut.eg/thumbnails/49122655-800x600.jpeg"", ""https://images.bayut.eg/thumbnails/49122656-800x600.jpeg"", ""https://images.bayut.eg/thumbnails/49122657-800x600.jpeg""]",Ready,Primary
https://www.bayut.eg/en/property/details-504034209.html,Bayut - 1016-8Zas95,504034209,Falcon Real Estate,Apartment for sale in Bahri on two facades in front of the Marriott Hotel in the Fifth Settlement,Apartment,"Apartment for sale with a very distinctive view of the landscape and greenery in Taj City Compound. The compound is located in a distinctive location with two facadesThe first facade is opposite Cairo Airport on the Suez RoadThe second facade is opposite the Kempinski Hotel, the JW Marriott, and the Police AcademyArea 130m(two large bedrooms, one of which is a master bedroom 2 bathrooms and a large reception with a garden view. )With a distinctive layoutA fully serviced compound with over 600 residentsTotal price 5,920,722for details: [redacted phone number]. Call & WhatsApp available","Tag Sultan, Nasr City, Cairo",5920722,EGP,2,2.0,Unfurnished,"Built in Kitchen Appliances, Electricity Backup, Centrally Air-Conditioned, Double Glazed Windows, Storage Areas, Landline, Balcony or Terrace, First Aid Medical Center, Gym or Health Club, Swimming Pool, Jacuzzi, Sauna, Steam Room, Day Care Center, Kids Play Area, Lawn or Garden, Barbeque Area, Cafeteria or Canteen, Waste Disposal, Maintenance Staff, Cleaning Services, Security Staff, CCTV Security, Broadband Internet, Satellite/Cable TV, Intercom, 24 Hours Concierge",130 Sq. M.,Ahmed Amin,"[""https://images.bayut.eg/thumbnails/49122691-800x600.jpeg"", ""https://images.bayut.eg/thumbnails/49122692-800x600.jpeg"", ""https://images.bayut.eg/thumbnails/49122693-800x600.jpeg"", ""https://images.bayut.eg/thumbnails/49122694-800x600.jpeg"", ""https://images.bayut.eg/thumbnails/49122695-800x600.jpeg"", ""https://images.bayut.eg/thumbnails/49122696-800x600.jpeg"", ""https://images.bayut.eg/thumbnails/49122697-800x600.jpeg"", ""https://images.bayut.eg/thumbnails/49122698-800x600.jpeg"", ""https://images.bayut.eg/thumbnails/49122699-800x600.jpeg"", ""https://images.bayut.eg/thumbnails/49122700-800x600.jpeg"", ""https://images.bayut.eg/thumbnails/49122701-800x600.jpeg""]",Ready,Primary
https://www.bayut.eg/en/property/details-504034207.html,Bayut - 1016-tJlhFj,504034207,Falcon Real Estate,Villa for sale with lagoon view in a prime location in Marina 8 | Marina 8 North Coast minutes from Marassi,Villa,"Villa for sale in Marina 8 North CoastArea 230m(four bedrooms + reception with lagoon view + large terrace)Breathtaking and unique lagoon view3 minutes from the seaPrime locationPayment plan: Down payment of 1,227,923 and the rest in installments up to 12 yearsFor details and viewing: [redacted phone number] (call & WhatsApp)---------------------","Marina 8, Alamein, North Coast, Matruh Villas, Matruh",12279235,EGP,4,3.0,Unfurnished,"Built in Kitchen Appliances, Covered parking, Electricity Backup, Centrally Air-Conditioned, Double Glazed Windows, Storage Areas, Landline, Balcony or Terrace, Lobby in Building, First Aid Medical Center, Gym or Health Club, Swimming Pool, Jacuzzi, Sauna, Steam Room, Day Care Center, Kids Play Area, Lawn or Garden, Barbeque Area, Cafeteria or Canteen, Waste Disposal, Maintenance Staff, Cleaning Services, Business Center, Conference Room, Security Staff, CCTV Security, Shared Kitchen, Laundry Room, Laundry Facility, Broadband Internet, Satellite/Cable TV, Intercom, 24 Hours Concierge",230 Sq. M.,Ahmed Amin,"[""https://images.bayut.eg/thumbnails/49122705-800x600.jpeg"", ""https://images.bayut.eg/thumbnails/49122706-800x600.jpeg"", ""https://images.bayut.eg/thumbnails/49122707-800x600.jpeg"", ""https://images.bayut.eg/thumbnails/49122708-800x600.jpeg"", ""https://images.bayut.eg/thumbnails/49122709-800x600.jpeg"", ""https://images.bayut.eg/thumbnails/49122710-800x600.jpeg"", ""https://images.bayut.eg/thumbnails/49122711-800x600.jpeg"", ""https://images.bayut.eg/thumbnails/49122712-800x600.jpeg"", ""https://images.bayut.eg/thumbnails/49122713-800x600.jpeg"", ""https://images.bayut.eg/thumbnails/49122714-800x600.jpeg""]",Ready,Primary
https://www.bayut.eg/en/property/details-504034204.html,Bayut - 1016-ahLpMG,504034204,Falcon Real Estate,Apartment for sale { ready to move and finished } in Al Maqsad in R3 with installments over 10 years in new capital,Apartment,"Apartment for sale Bahri Frank in the new capital in R3 in front of the iconic towerIn Al Maqsed CompoundWith an area of 134mWith a distinctive division (3 rooms, one master + 2 bathrooms + 3-piece reception + 2 terraces)Fully open and sea viewUltra modern finishingNext to Carrefour and the mallTotal cash price: 3,352,726Installment option available: 10% down payment, remaining balance payable over 10 yearsTo contact [redacted phone number] call & WhatsApp","Al Maqsad, New Capital City, Cairo",3352726,EGP,3,2.0,Unfurnished,"Built in Kitchen Appliances, Electricity Backup, Centrally Air-Conditioned, Water Meter, Double Glazed Windows, Storage Areas, Landline, Balcony or Terrace, Lobby in Building, First Aid Medical Center, Gym or Health Club, Swimming Pool, Jacuzzi, Sauna, Steam Room, Day Care Center, Kids Play Area, Lawn or Garden, Barbeque Area, Cafeteria or Canteen, Waste Disposal, Maintenance Staff, Cleaning Services, Business Center, Conference Room, Security Staff, CCTV Security, Shared Kitchen, Laundry Room, Laundry Facility, Broadband Internet, Satellite/Cable TV, Intercom, 24 Hours Concierge",134 Sq. M.,Ahmed Amin,"[""https://images.bayut.eg/thumbnails/49122722-800x600.jpeg"", ""https://images.bayut.eg/thumbnails/49122723-800x600.jpeg"", ""https://images.bayut.eg/thumbnails/49122724-800x600.jpeg"", ""https://images.bayut.eg/thumbnails/49122725-800x600.jpeg"", ""https://images.bayut.eg/thumbnails/49122726-800x600.jpeg"", ""https://images.bayut.eg/thumbnails/49122727-800x600.jpeg"", ""https://images.bayut.eg/thumbnails/49122728-800x600.jpeg"", ""https://images.bayut.eg/thumbnails/49122729-800x600.jpeg"", ""https://images.bayut.eg/thumbnails/49122730-800x600.jpeg"", ""https://images.bayut.eg/thumbnails/49122731-800x600.jpeg"", ""https://images.bayut.eg/thumbnails/49122732-800x600.jpeg""]",Ready,Primary
https://www.bayut.eg/en/property/details-504034202.html,Bayut - 1016-bOiHvV,504034202,Falcon Real Estate,Chalet for sale with panoramic sea view ultra modern finishing ready to move in Lavista North Coast,Chalet,Chalet for sale ready to move in a prime beachfront location at La Vista Ras El Hekma resort on the North Coast. Area 150 m with a distinctive layout. Direct sea viewUltra-modern finishingready to moveFor details: [redacted phone number] (call & WhatsApp)-----------------------------------------------------------,"La Vista Bay East, North Coast, Matruh Chalets, Matruh",9052767,EGP,3,2.0,Unfurnished,"Built in Kitchen Appliances, Electricity Backup, Centrally Air-Conditioned, Water Meter, Double Glazed Windows, Storage Areas, Landline, Balcony or Terrace, Lobby in Building, First Aid Medical Center, Gym or Health Club, Swimming Pool, Jacuzzi, Sauna, Steam Room, Day Care Center, Kids Play Area, Lawn or Garden, Barbeque Area, Cafeteria or Canteen, Waste Disposal, Maintenance Staff, Cleaning Services, Business Center, Conference Room, Security Staff, CCTV Security, Shared Kitchen, Laundry Room, Laundry Facility, Broadband Internet, Satellite/Cable TV, Intercom, 24 Hours Concierge",150 Sq. M.,Ahmed Amin,"[""https://images.bayut.eg/thumbnails/49122747-800x600.jpeg"", ""https://images.bayut.eg/thumbnails/49122748-800x600.jpeg"", ""https://images.bayut.eg/thumbnails/49122749-800x600.jpeg"", ""https://images.bayut.eg/thumbnails/49122750-800x600.jpeg"", ""https://images.bayut.eg/thumbnails/49122751-800x600.jpeg"", ""https://images.bayut.eg/thumbnails/49122752-800x600.jpeg"", ""https://images.bayut.eg/thumbnails/49122753-800x600.jpeg"", ""https://images.bayut.eg/thumbnails/49122754-800x600.jpeg"", ""https://images.bayut.eg/thumbnails/49122755-800x600.jpeg"", ""https://images.bayut.eg/thumbnails/49122756-800x600.jpeg"", ""https://images.bayut.eg/thumbnails/49122757-800x600.jpeg"", ""https://images.bayut.eg/thumbnails/49122758-800x600.jpeg"", ""https://images.bayut.eg/thumbnails/49122759-800x600.jpeg""]",Ready,Primary
https://www.bayut.eg/en/property/details-504034199.html,Bayut - 1016-QNxYqX,504034199,Falcon Real Estate,Chalet for sale with panoramic sea view ultra-modern finished in installments in Salt Ras El Hekma,Chalet,"Chalet for sale directly on the marina in Salt North Coast VillageArea 135m(three bedrooms, one master bedroom + reception with sea view + large terrace )Fully finished to an ultra-modern standard -bahari with a stunning marina view -Two-sided facade and prime locatio -Installment plan: 10% down payment and the rest in installments up to 10 years interest-freeFor details: [redacted phone number] (call & WhatsApp)","Salt, Ras Al Hekma, North Coast, Matruh Chalets, Matruh",11952762,EGP,3,2.0,Unfurnished,"Built in Kitchen Appliances, Electricity Backup, Pets Allowed, Centrally Air-Conditioned, Sea view, Double Glazed Windows, Storage Areas, Landline, Balcony or Terrace, Lobby in Building, First Aid Medical Center, Gym or Health Club, Swimming Pool, Jacuzzi, Sauna, Steam Room, Day Care Center, Kids Play Area, Lawn or Garden, Barbeque Area, Cafeteria or Canteen, Waste Disposal, Maintenance Staff, Cleaning Services, Business Center, Conference Room, Security Staff, CCTV Security, Shared Kitchen, Laundry Room, Laundry Facility, Broadband Internet, Satellite/Cable TV, Intercom, 24 Hours Concierge",135 Sq. M.,Ahmed Amin,"[""https://images.bayut.eg/thumbnails/49122774-800x600.jpeg"", ""https://images.bayut.eg/thumbnails/49122775-800x600.jpeg"", ""https://images.bayut.eg/thumbnails/49122776-800x600.jpeg"", ""https://images.bayut.eg/thumbnails/49122777-800x600.jpeg"", ""https://images.bayut.eg/thumbnails/49122778-800x600.jpeg"", ""https://images.bayut.eg/thumbnails/49122779-800x600.jpeg"", ""https://images.bayut.eg/thumbnails/49122780-800x600.jpeg"", ""https://images.bayut.eg/thumbnails/49122781-800x600.jpeg"", ""https://images.bayut.eg/thumbnails/49122782-800x600.jpeg"", ""https://images.bayut.eg/thumbnails/49122783-800x600.jpeg""]",Ready,Primary
https://www.bayut.eg/en/property/details-504034198.html,Bayut - 1016-y69GxX,504034198,Falcon Real Estate,Villa for sale corner with landscape view in installments in Palm Hills New Cairo Fifth Settlement,Townhouse,"Townhouse villa for sale in a prime location in Palm Hills Compound, Fifth SettlementPrime location: Next to Mountain View iCity, directly on the Ring Road and 10 minutes from 90th StreetArea: 242 meters(Ground floor with garden + First floor + Roof)Corner villa in a prime locationDirect golf course view8-year interest-free installment plan availableFor details: [redacted phone number] (call & WhatsApp)","Palm Hills New Cairo Compound, 5th Settlement, New Cairo, Cairo",17729700,EGP,4,3.0,Unfurnished,"Covered parking, Electricity Backup, Pets Allowed, Parking Spaces: 2, Electricity Meter, Water Meter, Double Glazed Windows, Storage Areas, Natural Gas, Landline, Balcony or Terrace, Lobby in Building, First Aid Medical Center, Gym or Health Club, Facilities for Disabled, Swimming Pool, Jacuzzi, Sauna, Steam Room, Day Care Center, Kids Play Area, Lawn or Garden, Barbeque Area, Cafeteria or Canteen, Waste Disposal, Maintenance Staff, Cleaning Services, Security Staff, CCTV Security, Laundry Room, Laundry Facility, Broadband Internet, Satellite/Cable TV, 24 Hours Concierge",242 Sq. M.,Ahmed Amin,"[""https://images.bayut.eg/thumbnails/49122784-800x600.jpeg"", ""https://images.bayut.eg/thumbnails/49122785-800x600.jpeg"", ""https://images.bayut.eg/thumbnails/49122786-800x600.jpeg"", ""https://images.bayut.eg/thumbnails/49122787-800x600.jpeg"", ""https://images.bayut.eg/thumbnails/49122788-800x600.jpeg"", ""https://images.bayut.eg/thumbnails/49122789-800x600.jpeg"", ""https://images.bayut.eg/thumbnails/49122790-800x600.jpeg"", ""https://images.bayut.eg/thumbnails/49122791-800x600.jpeg"", ""https://images.bayut.eg/thumbnails/49122792-800x600.jpeg"", ""https://images.bayut.eg/thumbnails/49122793-800x600.jpeg""]",Ready,Primary
https://www.bayut.eg/en/property/details-504034196.html,Bayut - 1016-n1rOrY,504034196,Falcon Real Estate,Chalet for sale first row with panoramic view finished with ACs and kitchen in Telal El Sokhna village,Chalet,"A very special chalet for sale in Telal El Sokhna village, directly on the sea. Area 104m(two bedrooms, one master + 2 bathrooms + reception with lagoon view)Breathtaking double view of the lagoon and seaFully finished to an ultra-modern standard, including air conditioning and a kitchenPrime location with two street-facing facadesCash price 6,029,972 or you can pay in installments with a 5% down payment and the remaining balance payable over up to 12 years interest-free. For details: [redacted phone number] (call & WhatsApp)","Telal Sokhna, Ain Sukhna, Suez Chalets, Suez",6029972,EGP,2,2.0,Unfurnished,"Built in Kitchen Appliances, Electricity Backup, Pets Allowed, Centrally Air-Conditioned, Water Meter, Double Glazed Windows, Storage Areas, Landline, Balcony or Terrace, Lobby in Building, First Aid Medical Center, Gym or Health Club, Swimming Pool, Jacuzzi, Sauna, Steam Room, Day Care Center, Kids Play Area, Lawn or Garden, Barbeque Area, Cafeteria or Canteen, Waste Disposal, Maintenance Staff, Cleaning Services, Business Center, Conference Room, Security Staff, CCTV Security, Shared Kitchen, Laundry Room, Laundry Facility, Broadband Internet, Satellite/Cable TV, Intercom, 24 Hours Concierge",104 Sq. M.,Ahmed Amin,"[""https://images.bayut.eg/thumbnails/49122803-800x600.jpeg"", ""https://images.bayut.eg/thumbnails/49122804-800x600.jpeg"", ""https://images.bayut.eg/thumbnails/49122805-800x600.jpeg"", ""https://images.bayut.eg/thumbnails/49122806-800x600.jpeg"", ""https://images.bayut.eg/thumbnails/49122807-800x600.jpeg"", ""https://images.bayut.eg/thumbnails/49122808-800x600.jpeg"", ""https://images.bayut.eg/thumbnails/49122809-800x600.jpeg"", ""https://images.bayut.eg/thumbnails/49122810-800x600.jpeg"", ""https://images.bayut.eg/thumbnails/49122811-800x600.jpeg"", ""https://images.bayut.eg/thumbnails/49122812-800x600.jpeg""]",Ready,Primary
https://www.bayut.eg/en/property/details-504034189.html,Bayut - 1016-qxbwGW,504034189,Falcon Real Estate,Villa for sale on the sea with a VIP location on the marina ultra-modern finished in installments in Salt North Coast Ras El Hekma.,Villa,"villa for sale directly on the marina in Salt North Coast VillageArea 145m(three bedrooms, one master bedroom + reception with sea view +Roof with sea view)Fully finished to an ultra-modern standard -bahari with a stunning marina view -Two-sided facade and prime locatio -Installment plan: 10% down payment and the rest in installments up to 10 years interest-freeFor details: [redacted phone number] (call & WhatsApp)","Salt, Ras Al Hekma, North Coast, Matruh Villas, Matruh",12579227,EGP,3,3.0,Unfurnished,"Built in Kitchen Appliances, Electricity Backup, Centrally Air-Conditioned, Sea view, Water Meter, Double Glazed Windows, Storage Areas, Landline, Balcony or Terrace, Lobby in Building, First Aid Medical Center, Gym or Health Club, Swimming Pool, Jacuzzi, Sauna, Steam Room, Day Care Center, Kids Play Area, Lawn or Garden, Barbeque Area, Cafeteria or Canteen, Waste Disposal, Maintenance Staff, Cleaning Services, Business Center, Conference Room, Security Staff, CCTV Security, Shared Kitchen, Laundry Room, Laundry Facility, Broadband Internet, Satellite/Cable TV, Intercom, 24 Hours Concierge",145 Sq. M.,Ahmed Amin,"[""https://images.bayut.eg/thumbnails/49122884-800x600.jpeg"", ""https://images.bayut.eg/thumbnails/49122885-800x600.jpeg"", ""https://images.bayut.eg/thumbnails/49122886-800x600.jpeg"", ""https://images.bayut.eg/thumbnails/49122887-800x600.jpeg"", ""https://images.bayut.eg/thumbnails/49122888-800x600.jpeg"", ""https://images.bayut.eg/thumbnails/49122889-800x600.jpeg"", ""https://images.bayut.eg/thumbnails/49122890-800x600.jpeg"", ""https://images.bayut.eg/thumbnails/49122891-800x600.jpeg"", ""https://images.bayut.eg/thumbnails/49122892-800x600.jpeg"", ""https://images.bayut.eg/thumbnails/49122893-800x600.jpeg"", ""https://images.bayut.eg/thumbnails/49122894-800x600.jpeg""]",Ready,Primary
https://www.bayut.eg/en/property/details-504034188.html,Bayut - 1016-UUB05u,504034188,Falcon Real Estate,Villa for sale bahari corner with a fantastic view on two sides next to Madinaty in Sarai,Villa,"Villa for sale inside Sarai Compound in New CairoDirectly on the Suez Road next to MadinatyArea 235 m + 55 m garden + 71 m roof(five bedrooms + reception + 4 bathrooms + roof with garden view)The phase consists of villas only, and 75% of the land is landscaped and greeneryThe compound offers full servicesAn interest-free installment plan is available over 8 yearsFor details, call or WhatsApp [redacted phone number]","Sarai, Mostakbal City, Cairo",8852972,EGP,5,4.0,Unfurnished,"Built in Kitchen Appliances, Electricity Backup, Centrally Air-Conditioned, Water Meter, Double Glazed Windows, Storage Areas, Landline, Central A/C & heating, Balcony or Terrace, Lobby in Building, First Aid Medical Center, Gym or Health Club, Swimming Pool, Jacuzzi, Sauna, Steam Room, Day Care Center, Kids Play Area, Lawn or Garden, Barbeque Area, Cafeteria or Canteen, Waste Disposal, Maintenance Staff, Cleaning Services, Business Center, Conference Room, Security Staff, CCTV Security, Shared Kitchen, Laundry Room, Laundry Facility, Broadband Internet, Satellite/Cable TV, Intercom, 24 Hours Concierge",239 Sq. M.,Ahmed Amin,"[""https://images.bayut.eg/thumbnails/49122906-800x600.jpeg"", ""https://images.bayut.eg/thumbnails/49122907-800x600.jpeg"", ""https://images.bayut.eg/thumbnails/49122908-800x600.jpeg"", ""https://images.bayut.eg/thumbnails/49122909-800x600.jpeg"", ""https://images.bayut.eg/thumbnails/49122910-800x600.jpeg"", ""https://images.bayut.eg/thumbnails/49122911-800x600.jpeg"", ""https://images.bayut.eg/thumbnails/49122912-800x600.jpeg"", ""https://images.bayut.eg/thumbnails/49122913-800x600.jpeg"", ""https://images.bayut.eg/thumbnails/49122914-800x600.jpeg"", ""https://images.bayut.eg/thumbnails/49122915-800x600.jpeg""]",Ready,Primary
https://www.bayut.eg/en/property/details-504034186.html,Bayut - 1016-Th61QP,504034186,Falcon Real Estate,"Standalone apartment for sale ( ready to move ) with an open and VIP view in installments in District 5 Compound Fifth Settlement, next to New Katamey",Apartment,"Apartment for sale in District 5 Compound, New Cairo, Fifth SettlementMinutes from the American University in CairoArea 204m(three bedrooms, one master + 3 bathrooms + nanny's room + large reception with garden view + 40 m terrace)bahari view and overlooking the landscapePrime location, immediate occupancyThe apartment is semi-finished, and finished apartments are also available. Down payment of 2,767,932 EGP, and the rest in installments over 7 years with no interestFor details: [redacted phone number] (Call & WhatsApp available)","District 5 Compound, 5th Settlement, New Cairo, Cairo",17529627,EGP,3,3.0,Unfurnished,"Built in Kitchen Appliances, Electricity Backup, Centrally Air-Conditioned, Double Glazed Windows, Storage Areas, Landline, Balcony or Terrace, Lobby in Building, First Aid Medical Center, Gym or Health Club, Swimming Pool, Jacuzzi, Sauna, Steam Room, Day Care Center, Kids Play Area, Lawn or Garden, Barbeque Area, Cafeteria or Canteen, Waste Disposal, Maintenance Staff, Cleaning Services, Business Center, Conference Room, Security Staff, CCTV Security, Shared Kitchen, Laundry Room, Laundry Facility, Broadband Internet, Satellite/Cable TV, Intercom, 24 Hours Concierge",204 Sq. M.,Ahmed Amin,"[""https://images.bayut.eg/thumbnails/49122928-800x600.jpeg"", ""https://images.bayut.eg/thumbnails/49122929-800x600.jpeg"", ""https://images.bayut.eg/thumbnails/49122930-800x600.jpeg"", ""https://images.bayut.eg/thumbnails/49122931-800x600.jpeg"", ""https://images.bayut.eg/thumbnails/49122932-800x600.jpeg"", ""https://images.bayut.eg/thumbnails/49122933-800x600.jpeg"", ""https://images.bayut.eg/thumbnails/49122934-800x600.jpeg"", ""https://images.bayut.eg/thumbnails/49122935-800x600.jpeg"", ""https://images.bayut.eg/thumbnails/49122936-800x600.jpeg"", ""https://images.bayut.eg/thumbnails/49122937-800x600.jpeg"", ""https://images.bayut.eg/thumbnails/49122938-800x600.jpeg"", ""https://images.bayut.eg/thumbnails/49122939-800x600.jpeg"", ""https://images.bayut.eg/thumbnails/49122940-800x600.jpeg"", ""https://images.bayut.eg/thumbnails/49122941-800x600.jpeg"", ""https://images.bayut.eg/thumbnails/49122942-800x600.jpeg"", ""https://images.bayut.eg/thumbnails/49122943-800x600.jpeg"", ""https://images.bayut.eg/thumbnails/49122944-800x600.jpeg""]",Ready,Primary
https://www.bayut.eg/en/property/details-504025730.html,Bayut - 5000443-186D5S,504025730,Deal,20% OFF | Own a 180 sqm Duplex in a Fully Integrated Compound with a Free Clubhouse Membership & Installments Up to 10 Years,Duplex,"180 sqm Duplex• Spacious & Functional Layout• 20% Limited-Time Discount• Starting with Only 10% Down Payment• Equal Installments Over 10 YearsContact me today before this limited-time offer ends. Upgrade your lifestyle with a spacious duplex in a fully integrated community designed for comfort, privacy, and everyday convenience. Enjoy premium amenities, open spaces, and a modern living experience in one of the area's most attractive residential developments. Contact me now to learn more about available units, payment plans, and exclusive offers before they’re gone.","Queen land, New Capital City, Cairo Duplexes, Cairo",5760000,EGP,3,2.0,Unfurnished,"Built in Kitchen Appliances, Covered parking, Electricity Meter, Central Heating, Water Meter, Double Glazed Windows, Natural Gas, Landline, Balcony or Terrace, First Aid Medical Center, Gym or Health Club, Swimming Pool, Jacuzzi, Sauna, Steam Room, Day Care Center, Kids Play Area, Lawn or Garden, Barbeque Area, Cafeteria or Canteen, Waste Disposal, Maintenance Staff, Cleaning Services, Business Center, Conference Room, Security Staff, CCTV Security, Shared Kitchen, Laundry Room, Laundry Facility, Broadband Internet, Satellite/Cable TV, Intercom, 24 Hours Concierge, Freehold",180 Sq. M.,Yara Essam,"[""https://images.bayut.eg/thumbnails/49018951-800x600.jpeg"", ""https://images.bayut.eg/thumbnails/49018952-800x600.jpeg"", ""https://images.bayut.eg/thumbnails/49018953-800x600.jpeg"", ""https://images.bayut.eg/thumbnails/49018954-800x600.jpeg"", ""https://images.bayut.eg/thumbnails/49018955-800x600.jpeg"", ""https://images.bayut.eg/thumbnails/49018956-800x600.jpeg"", ""https://images.bayut.eg/thumbnails/49018957-800x600.jpeg"", ""https://images.bayut.eg/thumbnails/49018958-800x600.jpeg"", ""https://images.bayut.eg/thumbnails/49018959-800x600.jpeg"", ""https://images.bayut.eg/thumbnails/49018960-800x600.jpeg""]",Off-Plan,Primary
https://www.bayut.eg/en/property/details-504021548.html,Bayut - 5000792-jAgqiT,504021548,Dossur Development,Apartment for Sale in 2nd District – Beit El Watan (Prime Location at the Best Price per Meter),Apartment,"Prime Residential & Investment Opportunity in the Heart of New Cairo!If you are looking for upscale living or a guaranteed investment, this exceptional apartment with a full northern orientation (Bahary) is the perfect match. Prime Location Highlights:1 Minute from the Club Street (Share’ Al-Nawadi). Steps away from the main dividing road between the 2nd and 4th Districts. Steps away from the View Zone. Full Northern Orientation: Exceptional natural lighting and optimal ventilation year-round. Unit Details & Payment Plan:Area: 156 sqmPrice per Meter: EGP 22,000 only (Unbeatable price for this location!)Payment Terms: 25% Down Payment with flexible installment options. Contact & ViewingFor inquiries, floor plans, or to schedule a site visit:Call or WhatsApp: [redacted phone number]","Beit Al Watan, 5th Settlement, New Cairo, Cairo",3632000,EGP,3,2.0,Unfurnished,"Covered parking, Pets Allowed, Parking Spaces: 1, Balcony or Terrace, Completion Year: 2, Total Floors: 3, Security Staff, CCTV Security, 24 Hours Concierge",156 Sq. M.,aliaa mohamed,"[""https://images.bayut.eg/thumbnails/48947744-800x600.jpeg"", ""https://images.bayut.eg/thumbnails/48947745-800x600.jpeg"", ""https://images.bayut.eg/thumbnails/48947746-800x600.jpeg"", ""https://images.bayut.eg/thumbnails/48947748-800x600.jpeg"", ""https://images.bayut.eg/thumbnails/48947749-800x600.jpeg"", ""https://images.bayut.eg/thumbnails/48947751-800x600.jpeg"", ""https://images.bayut.eg/thumbnails/48947753-800x600.jpeg"", ""https://images.bayut.eg/thumbnails/48947754-800x600.jpeg"", ""https://images.bayut.eg/thumbnails/48947756-800x600.jpeg"", ""https://images.bayut.eg/thumbnails/48947759-800x600.jpeg""]",Off-Plan,Primary
https://www.bayut.eg/en/property/details-504023970.html,Bayut - PO021P78,504023970,Remax professional,"Open View Prime Location Gated Compound Apartment for Sale in The One, Smouha",Apartment,"Your apartment with the lowest down payment and flexible payment plans in the heart of Smouha - For more details, contact your real estate consultant, Islam Rashad: [redacted phone number]Area: 209 m4 bedrooms, 3 receptions, 3 bathrooms(Including a master bedroom with dressing room)Living roomFully finishedDelivery within 3 yearsOpen view overlooking the plazaTotal price: EGP 15,386,000Down payment of EGP 770,000 and the rest in quarterly installments over 6 yearsProject amenities: Health club - Clubhouse - Swimming pool - Largest shopping mall in Smouha - Landscaping - First medical building in Smouha - Administrative buildingCode: PO021P78Apartments for sale in Smouha the_one Investment REMAX PROFESSIONAL REMAX FITS","The One, Smoha, Alexandria",15386000,EGP,4,3.0,Unfurnished,"Electricity Meter, Water Meter, Balcony or Terrace, Waste Disposal, Maintenance Staff, Cleaning Services, Security Staff, CCTV Security, 24 Hours Concierge",209 Sq. M.,eslam rashad,"[""https://images.bayut.eg/thumbnails/48976755-800x600.jpeg"", ""https://images.bayut.eg/thumbnails/48976788-800x600.jpeg"", ""https://images.bayut.eg/thumbnails/48976789-800x600.jpeg"", ""https://images.bayut.eg/thumbnails/48976790-800x600.jpeg"", ""https://images.bayut.eg/thumbnails/48976791-800x600.jpeg"", ""https://images.bayut.eg/thumbnails/48976792-800x600.jpeg"", ""https://images.bayut.eg/thumbnails/48976793-800x600.jpeg"", ""https://images.bayut.eg/thumbnails/48976794-800x600.jpeg"", ""https://images.bayut.eg/thumbnails/48976795-800x600.jpeg"", ""https://images.bayut.eg/thumbnails/48976796-800x600.jpeg"", ""https://images.bayut.eg/thumbnails/48976797-800x600.jpeg""]",Off-Plan,Primary
https://www.bayut.eg/en/property/details-504025864.html,Bayut - 5000443-usFeso,504025864,Deal,"10% Discount on an Apartment in a Compound on the Main Axis Next to the Diplomatic District, the Strongest Residential and Investment Opportunity in t",Apartment,"Take advantage of a prime residential and investment opportunity in one of the New Capital's most prestigious locations. Own your apartment in a fully integrated compound directly on the Main Axis, just steps away from the Diplomatic District and close to the city's most important landmarks. Enjoy modern architecture, premium amenities, landscaped green spaces, and a lifestyle designed for comfort and convenience. A perfect choice whether you're looking for your future home or a high-value investment. Contact me today before this limited-time offer ends. • 10% discount for a limited time. • Prime location on the Main Axis. • Next to the Diplomatic District. • Fully integrated compound with premium amenities. • One of the strongest residential and investment opportunities in the New Administrative Capital.","Upmount, R8, New Capital City, Cairo",4758750,EGP,3,3.0,Unfurnished,"Built in Kitchen Appliances, Covered parking, Pets Allowed, Electricity Meter, Sea view, Water Meter, Double Glazed Windows, Storage Areas, Natural Gas, Landline, Balcony or Terrace, First Aid Medical Center, Gym or Health Club, Swimming Pool, Jacuzzi, Sauna, Steam Room, Day Care Center, Kids Play Area, Lawn or Garden, Barbeque Area, Cafeteria or Canteen, Waste Disposal, Maintenance Staff, Cleaning Services, Business Center, Conference Room, Security Staff, CCTV Security, Shared Kitchen, Laundry Room, Laundry Facility, Broadband Internet, Satellite/Cable TV, Intercom, 24 Hours Concierge, Freehold",175 Sq. M.,Yara Essam,"[""https://images.bayut.eg/thumbnails/49020623-800x600.jpeg"", ""https://images.bayut.eg/thumbnails/49020624-800x600.jpeg"", ""https://images.bayut.eg/thumbnails/49020625-800x600.jpeg"", ""https://images.bayut.eg/thumbnails/49020626-800x600.jpeg"", ""https://images.bayut.eg/thumbnails/49020627-800x600.jpeg"", ""https://images.bayut.eg/thumbnails/49020628-800x600.jpeg"", ""https://images.bayut.eg/thumbnails/49020629-800x600.jpeg"", ""https://images.bayut.eg/thumbnails/49020630-800x600.jpeg"", ""https://images.bayut.eg/thumbnails/49020631-800x600.jpeg"", ""https://images.bayut.eg/thumbnails/49020632-800x600.jpeg"", ""https://images.bayut.eg/thumbnails/49020633-800x600.jpeg"", ""https://images.bayut.eg/thumbnails/49020634-800x600.jpeg"", ""https://images.bayut.eg/thumbnails/49020635-800x600.jpeg"", ""https://images.bayut.eg/thumbnails/49020636-800x600.jpeg"", ""https://images.bayut.eg/thumbnails/49020637-800x600.jpeg""]",Off-Plan,Primary
https://www.bayut.eg/en/property/details-504023055.html,Bayut - PS048P78,504023055,Remax professional,Open view prime location near all services Apartment for sale in Skyline Smouha,Apartment,"Your apartment with easy payment plans and hotel-style finishing in Skyline Smouha - For more details, contact your real estate consultant, Islam Rashad: [redacted phone number]Area: 146 m3 bedrooms, 3 receptions, 3 bathrooms(Including a master bedroom)Living roomFully finishedDelivery within one yearOpen view overlooking the plazaTotal price: EGP 9,490,000Down payment of EGP 2,847,000, and the rest in quarterly installments over 3 yearsProject amenities: Expansive green spaces, recreational areas, designated cycling paths, children's play area, walking and running tracks, 24/7 security, pharmacies, restaurants and cafes, clubhouseCode: PS048P78Apartments for sale in Skyline, Smouha. Investment Real Estate - Remax Professional.","Orouba Skyline, Smoha, Alexandria",9490000,EGP,3,3.0,Unfurnished,"Electricity Meter, Water Meter, Balcony or Terrace, Waste Disposal, Maintenance Staff, Cleaning Services, Security Staff, CCTV Security, 24 Hours Concierge",146 Sq. M.,eslam rashad,"[""https://images.bayut.eg/thumbnails/48967923-800x600.jpeg"", ""https://images.bayut.eg/thumbnails/48967924-800x600.jpeg"", ""https://images.bayut.eg/thumbnails/48968034-800x600.jpeg"", ""https://images.bayut.eg/thumbnails/48968035-800x600.jpeg"", ""https://images.bayut.eg/thumbnails/48968036-800x600.jpeg"", ""https://images.bayut.eg/thumbnails/48968037-800x600.jpeg"", ""https://images.bayut.eg/thumbnails/48968038-800x600.jpeg"", ""https://images.bayut.eg/thumbnails/48968039-800x600.jpeg"", ""https://images.bayut.eg/thumbnails/48968040-800x600.jpeg"", ""https://images.bayut.eg/thumbnails/48968041-800x600.jpeg"", ""https://images.bayut.eg/thumbnails/48968042-800x600.jpeg"", ""https://images.bayut.eg/thumbnails/48968043-800x600.jpeg"", ""https://images.bayut.eg/thumbnails/48968044-800x600.jpeg"", ""https://images.bayut.eg/thumbnails/48968045-800x600.jpeg"", ""https://images.bayut.eg/thumbnails/48968046-800x600.jpeg"", ""https://images.bayut.eg/thumbnails/48968047-800x600.jpeg""]",Off-Plan,Primary
https://www.bayut.eg/en/property/details-504021006.html,Bayut - 5000092-0XoGEL,504021006,BackYard for Real estate,Apartment for sale in a prime location at new cairo with 5% down payment and installments over 10 years near to AUC ( Hyde park new cairo ),Apartment,"Apartment for Sale in a prime location at new cairowith a Lowest down payment at the market and installments over 10 yearsCompound ( Hyde Park New Cairo )Near by AUCNear to Mivida2 Bed Rooms115 mThe Whole Price : 10,000,000 Millionwith just 5% down paymentand installments over 10 years""For More Information , please contact us""","Hyde Park New Cairo Compound, 5th Settlement, New Cairo, Cairo",10000000,EGP,2,2.0,Unfurnished,"Covered parking, Balcony or Terrace, First Aid Medical Center, Gym or Health Club, Swimming Pool, Jacuzzi, Sauna, Steam Room, Day Care Center, Kids Play Area, Lawn or Garden, Barbeque Area, Cafeteria or Canteen",115 Sq. M.,Mahmoud Rafaat,"[""https://images.bayut.eg/thumbnails/48940397-800x600.jpeg"", ""https://images.bayut.eg/thumbnails/48940395-800x600.jpeg"", ""https://images.bayut.eg/thumbnails/48940398-800x600.jpeg"", ""https://images.bayut.eg/thumbnails/48940405-800x600.jpeg"", ""https://images.bayut.eg/thumbnails/48940396-800x600.jpeg"", ""https://images.bayut.eg/thumbnails/48940404-800x600.jpeg"", ""https://images.bayut.eg/thumbnails/48940400-800x600.jpeg"", ""https://images.bayut.eg/thumbnails/48940401-800x600.jpeg"", ""https://images.bayut.eg/thumbnails/48940402-800x600.jpeg"", ""https://images.bayut.eg/thumbnails/48940403-800x600.jpeg"", ""https://images.bayut.eg/thumbnails/48940399-800x600.jpeg""]",Off-Plan,Primary
https://www.bayut.eg/en/property/details-504023747.html,Bayut - 10380-DSXFIs,504023747,Property hills star,"Villa with an Open View and soon Delivery, Just Minutes from Hyper One in the Heart of Old Sheikh Zayed.",Villa,"Own Your 220 sqm Villa-Townhouse with an Open View & Soon Delivery | Village West – Old Sheikh Zayed:Unit FeaturesVilla 220 sqm for Sale4 Bedrooms 3 Bathrooms• Open View• soon Delivery• Prime Location in the Heart of Old Sheikh Zayed• Just Minutes from Hyper One:Project & Location Features• Strategic Location Close to Major Roads and Main Highways• Just Minutes from Hyper One• Easy Access to Major Areas and Services in Sheikh Zayed• Near Restaurants, Cafés, and Commercial Areas• Green Spaces and Landscaped Areas• Upscale Residential Community Offering Privacy and Tranquility• Ideal Location for Luxury Living or InvestmentContact us now for the price, unit details, payment plans, and to schedule a viewing. Contact: [redacted phone number]","Village West Compound, Sheikh Zayed, Giza Villas, Giza",9500000,EGP,4,3.0,Unfurnished,"Covered parking, Pets Allowed, Balcony or Terrace, Gym or Health Club, Swimming Pool, Jacuzzi, Sauna, Kids Play Area, Lawn or Garden, Barbeque Area, Cafeteria or Canteen, Waste Disposal, Maintenance Staff, Cleaning Services, CCTV Security, 24 Hours Concierge",220 Sq. M.,Nada soliman,"[""https://images.bayut.eg/thumbnails/48974549-800x600.jpeg"", ""https://images.bayut.eg/thumbnails/48974550-800x600.jpeg"", ""https://images.bayut.eg/thumbnails/48974575-800x600.jpeg"", ""https://images.bayut.eg/thumbnails/48974576-800x600.jpeg"", ""https://images.bayut.eg/thumbnails/48974577-800x600.jpeg"", ""https://images.bayut.eg/thumbnails/48974578-800x600.jpeg"", ""https://images.bayut.eg/thumbnails/48974579-800x600.jpeg"", ""https://images.bayut.eg/thumbnails/48974580-800x600.jpeg"", ""https://images.bayut.eg/thumbnails/48974581-800x600.jpeg"", ""https://images.bayut.eg/thumbnails/48974582-800x600.jpeg"", ""https://images.bayut.eg/thumbnails/48974583-800x600.jpeg""]",Off-Plan,Primary
https://www.bayut.eg/en/property/details-504034175.html,Bayut - 1016-k89kR9,504034175,Falcon Real Estate,"Receive a sea view chalet (two bedrooms, fully finished) in Telal Ain Sokhna - minutes from Blue Blue and La Vista Sokhna",Chalet,"Own a chalet in the prime location in Ain SokhnaTelal Ain Sokhna ProjectChalet Details:Area: 108 sq m, Fully FinishedNumber of Bedrooms: 2Number of Bathrooms: 2Kitchen + Large TerraceThe chalet is just steps from the beach, Prime LocationFor inquiries and site visits: [redacted phone number] (WhatsApp)","Telal Sokhna, Ain Sukhna, Suez Chalets, Suez",6050000,EGP,2,2.0,Unfurnished,"Covered parking, Pets Allowed, Electricity Meter, Sea view, Balcony or Terrace, Lobby in Building, Service Elevators, First Aid Medical Center, Gym or Health Club, Swimming Pool, Jacuzzi, Sauna, Day Care Center, Kids Play Area, Lawn or Garden, Barbeque Area, Cafeteria or Canteen, Business Center, Security Staff, CCTV Security, 24 Hours Concierge",108 Sq. M.,youssef samer,"[""https://images.bayut.eg/thumbnails/49121995-800x600.jpeg"", ""https://images.bayut.eg/thumbnails/49121996-800x600.jpeg"", ""https://images.bayut.eg/thumbnails/49121997-800x600.jpeg"", ""https://images.bayut.eg/thumbnails/49121998-800x600.jpeg"", ""https://images.bayut.eg/thumbnails/49121999-800x600.jpeg"", ""https://images.bayut.eg/thumbnails/49122000-800x600.jpeg"", ""https://images.bayut.eg/thumbnails/49122001-800x600.jpeg"", ""https://images.bayut.eg/thumbnails/49122002-800x600.jpeg"", ""https://images.bayut.eg/thumbnails/49122003-800x600.jpeg"", ""https://images.bayut.eg/thumbnails/49122004-800x600.jpeg""]",Ready,Primary
https://www.bayut.eg/en/property/details-504034126.html,Bayut - 1016-Hon6vh,504034126,Falcon Real Estate,"Immediate delivery of a villa, 300 meters (Full Sea View - Fully furnished), ultra-super-lux finishing, in Marina 5 - Prime Location",Villa,"Villa for sale in Marina 5, ready for immediate occupancy, fully finished. Directly on the sea, completely unobstructed view, prime location. - Villa Details:- 300 sq m- 100 sq m GardenVilla Layout:- Ground floor + Private Garden- First floor- Number of rooms: 5- Number of bathrooms: 5For inquiries and viewing/site visit:[redacted phone number] (Mobile + WhatsApp)","Marina 5, Alamein, North Coast, Matruh Villas, Matruh",25900000,EGP,5,5.0,Furnished,"Covered parking, Pets Allowed, Electricity Meter, Sea view, Balcony or Terrace, Lobby in Building, First Aid Medical Center, Gym or Health Club, Swimming Pool, Jacuzzi, Sauna, Kids Play Area, Lawn or Garden, Barbeque Area, Cafeteria or Canteen, Security Staff, CCTV Security, 24 Hours Concierge",300 Sq. M.,youssef samer,"[""https://images.bayut.eg/thumbnails/49121179-800x600.jpeg"", ""https://images.bayut.eg/thumbnails/49121180-800x600.jpeg"", ""https://images.bayut.eg/thumbnails/49121181-800x600.jpeg"", ""https://images.bayut.eg/thumbnails/49121182-800x600.jpeg"", ""https://images.bayut.eg/thumbnails/49121183-800x600.jpeg"", ""https://images.bayut.eg/thumbnails/49121184-800x600.jpeg"", ""https://images.bayut.eg/thumbnails/49121185-800x600.jpeg"", ""https://images.bayut.eg/thumbnails/49121186-800x600.jpeg"", ""https://images.bayut.eg/thumbnails/49121187-800x600.jpeg"", ""https://images.bayut.eg/thumbnails/49121188-800x600.jpeg""]",Ready,Primary
https://www.bayut.eg/en/property/details-503948702.html,Bayut - 1412-JUiOxw,503948702,Property Hills One 1,Last villa with a special discount for immediate sale next to Madinaty in front of Open Air Mall View Landscape in Cleopatra Palace Compound - El Shorouk City,Villa,"Last villa with a special discount for immediate sale next to Madinaty in front of Open Air Mall, overlooking landscape in Cleopatra Palace Compound - El Shorouk CityWith large master bedrooms and a private garden- Area: 261 meters- Garden: 272 meters- Immediate delivery, ready to move in- Full view of the landscapeTotal price after cash discount: 24,850,000Advance payment options available with facilities for paying the rest of the amount without interestIn Cleopatra Palace El Shorouk in front of Open Air Mall Madinaty on the Suez RoadThe compound is fully inhabited and offers complete services with 80% landscapeFor immediate viewing and sending more videos, send WhatsApp to [redacted phone number]______________________________Compound services:-The latest sports equipment. A commercial area with many shops to meet all residents' needs easily. Parking available near all units in the compound. Swimming pools suitable for all residents to enjoy, as well as large green areas and lakes. Industrial. Many playgrounds available within the compound.","Cleopatra Palace, Shorouk City, Cairo",24850000,EGP,6,5.0,Unfurnished,"Built in Kitchen Appliances, Covered parking, Electricity Backup, Pets Allowed, Electricity Meter, Centrally Air-Conditioned, Central Heating, Double Glazed Windows, Storage Areas, Landline, Central A/C & heating, Balcony or Terrace, First Aid Medical Center, Gym or Health Club, Facilities for Disabled, Swimming Pool, Jacuzzi, Sauna, Steam Room, Day Care Center, Kids Play Area, Lawn or Garden, Barbeque Area, Cafeteria or Canteen, Waste Disposal, Maintenance Staff, Cleaning Services, Business Center, Conference Room, Security Staff, CCTV Security, Shared Kitchen, Laundry Room, Laundry Facility, Broadband Internet, Satellite/Cable TV, Intercom, 24 Hours Concierge, Maids Room, Freehold",261 Sq. M.,Aya Mahmoud,"[""https://images.bayut.eg/thumbnails/47965107-800x600.jpeg"", ""https://images.bayut.eg/thumbnails/47965108-800x600.jpeg"", ""https://images.bayut.eg/thumbnails/47965109-800x600.jpeg"", ""https://images.bayut.eg/thumbnails/47965110-800x600.jpeg"", ""https://images.bayut.eg/thumbnails/47965111-800x600.jpeg"", ""https://images.bayut.eg/thumbnails/47965112-800x600.jpeg"", ""https://images.bayut.eg/thumbnails/47965113-800x600.jpeg"", ""https://images.bayut.eg/thumbnails/47965114-800x600.jpeg"", ""https://images.bayut.eg/thumbnails/47965115-800x600.jpeg"", ""https://images.bayut.eg/thumbnails/47965116-800x600.jpeg"", ""https://images.bayut.eg/thumbnails/47965117-800x600.jpeg"", ""https://images.bayut.eg/thumbnails/47965118-800x600.jpeg""]",Ready,Primary
https://www.bayut.eg/en/property/details-503460000.html,Bayut - N-707-mqyvga,503460000,Bright,Unbelievable Offer ! apartment 169m - fully finished - ready to move - best cash discount 50% in al maqsed - very low price after discount,Apartment,"In the heart of the Al Maqsad Compound at the New Administrative Capital, we present a rare opportunity you simply can’t miss. Due to the massive rise in prices across most compounds, we are offering unprecedented discounts to suit all budgets and give our clients a real investment advantage. Book your unit now and enjoy immediate delivery in one of the most fully integrated residential compounds in the area. Wake up every day to a breathtaking open view of the Iconic Tower near the Central Business District (CBD), from your fully finished, ultra super lux apartment. Apartment Details* Area: 169sqm* Fully finished* Porcelain flooring in reception* Ceramic in kitchen & bathrooms* HDF flooring in bedrooms* Stunning open viewUnbelievable Offer* Up to 50% discount on cash price* Total price now: 4,000,000 EGP only* Flexible payment plans are also availablePrime LocationAl Maqsad is located in R3 Residential District (D4 & D5), directly next to:* Financial & Business District (CBD)* Sports City* European University* Smart City* Academic City* Canadian UniversityA location that simply cannot be repeated. Units are very limited. Book now and secure your place in one of the most prestigious compounds at half the price. For more details, call or WhatsApp: [redacted phone number]","Al Maqsad, New Capital City, Cairo",4000000,EGP,3,3.0,Unfurnished,"Covered parking, Pets Allowed, Electricity Meter, Natural Gas, Balcony or Terrace, Lobby in Building, Kids Play Area, Barbeque Area, Security Staff, 24 Hours Concierge",169 Sq. M.,Nada razek,"[""https://images.bayut.eg/thumbnails/44377632-800x600.jpeg"", ""https://images.bayut.eg/thumbnails/41738398-800x600.jpeg"", ""https://images.bayut.eg/thumbnails/44377579-800x600.jpeg"", ""https://images.bayut.eg/thumbnails/41738400-800x600.jpeg"", ""https://images.bayut.eg/thumbnails/44377580-800x600.jpeg"", ""https://images.bayut.eg/thumbnails/41738396-800x600.jpeg"", ""https://images.bayut.eg/thumbnails/41738402-800x600.jpeg"", ""https://images.bayut.eg/thumbnails/41738392-800x600.jpeg"", ""https://images.bayut.eg/thumbnails/41738399-800x600.jpeg"", ""https://images.bayut.eg/thumbnails/41738394-800x600.jpeg"", ""https://images.bayut.eg/thumbnails/44377581-800x600.jpeg"", ""https://images.bayut.eg/thumbnails/44377582-800x600.jpeg"", ""https://images.bayut.eg/thumbnails/41738397-800x600.jpeg"", ""https://images.bayut.eg/thumbnails/41738406-800x600.jpeg""]",Ready,Primary
https://www.bayut.eg/en/property/details-503322577.html,Bayut - N-707-XpLmNA,503322577,Bright,Luxury Living Awaits You in al maqsed - apartment 146m - fully finished - view iconic Tower with best disc 52% ( very limited ),Apartment,"Own Now. Live Now. Invest Smart. A rare ready-to-move opportunity in Al Maqsad New Capital Compound located in the heart of R3, steps from the Central Business District New Capital and overlooking the iconic Tower New Capital. This is your chance to own a fully finished apartment at an exceptional price with an unmatched discount reaching 52% off — making your unit almost half price compared to the current market. Unit Details• Area: 146sqm• Fully finished• Porcelain reception floors• Ceramic in kitchen & bathrooms• HDF flooring in bedrooms• Open European view toward the Iconic Tower• Ready for immediate deliveryPrice After 52% DiscountEGP 3,400,000 onlyPrices are currently at a rare low point for a very limited time. Prime Location AdvantagesStrategically positioned in R3 (D4 & D5), next to the Financial & Business District, Sports City, Smart City, Academic City, and major international universities. Whether you are looking for instant living or a high-return investment, Al Maqsad offers both in one of the most promising locations in the New Capital. For more details or WhatsApp: 0109262591","Al Maqsad, New Capital City, Cairo",3400000,EGP,3,3.0,Unfurnished,"Covered parking, Pets Allowed, Electricity Meter, Natural Gas, Balcony or Terrace, Lobby in Building, Kids Play Area, Barbeque Area, Security Staff, 24 Hours Concierge, Pet Policy",146 Sq. M.,Nada razek,"[""https://images.bayut.eg/thumbnails/44377034-800x600.jpeg"", ""https://images.bayut.eg/thumbnails/44377035-800x600.jpeg"", ""https://images.bayut.eg/thumbnails/39941585-800x600.jpeg"", ""https://images.bayut.eg/thumbnails/39941594-800x600.jpeg"", ""https://images.bayut.eg/thumbnails/44377036-800x600.jpeg"", ""https://images.bayut.eg/thumbnails/44377037-800x600.jpeg"", ""https://images.bayut.eg/thumbnails/44377038-800x600.jpeg"", ""https://images.bayut.eg/thumbnails/39941593-800x600.jpeg"", ""https://images.bayut.eg/thumbnails/44377039-800x600.jpeg"", ""https://images.bayut.eg/thumbnails/39941583-800x600.jpeg"", ""https://images.bayut.eg/thumbnails/39941590-800x600.jpeg"", ""https://images.bayut.eg/thumbnails/39941595-800x600.jpeg"", ""https://images.bayut.eg/thumbnails/39941589-800x600.jpeg"", ""https://images.bayut.eg/thumbnails/39941591-800x600.jpeg""]",Ready,Primary
https://www.bayut.eg/en/property/details-502692297.html,Bayut - 1412-qAIJYX,502692297,Property Hills One 1,For Quick Sale Townhouse with Garden and Roof in Badya Compound – October,Townhouse,"For Quick Sale in Badya Compound – OctoberAvailable with down payment from the total price and installments for the remaining amountTownhouse with Garden and RoofArea: 240 m²BadyaTownhouseOctoberReady to moveThe compound is fully inhabited and equipped with all services and facilities. Remaining balance can be paid in equal installments. Badya October Compound consists only of villas, offering full services and facilities, a prime location, 24-hour security, swimming pools, clubhouse, private garages, green areas, and beautiful landscape views. For more details and viewing: [redacted phone number]","Badya Palm Hills Compound, 6th of October, Giza Townhouses, Giza",11000000,EGP,5,5.0,Unfurnished,"Electricity Meter, Water Meter, Natural Gas, Landline, Gym or Health Club, Maintenance Staff, Cleaning Services",240 Sq. M.,naira karam,"[""https://images.bayut.eg/thumbnails/37401281-800x600.jpeg"", ""https://images.bayut.eg/thumbnails/37401284-800x600.jpeg"", ""https://images.bayut.eg/thumbnails/37401288-800x600.jpeg"", ""https://images.bayut.eg/thumbnails/37401290-800x600.jpeg"", ""https://images.bayut.eg/thumbnails/37401293-800x600.jpeg"", ""https://images.bayut.eg/thumbnails/37401297-800x600.jpeg"", ""https://images.bayut.eg/thumbnails/37401299-800x600.jpeg"", ""https://images.bayut.eg/thumbnails/37401303-800x600.jpeg"", ""https://images.bayut.eg/thumbnails/37401305-800x600.jpeg"", ""https://images.bayut.eg/thumbnails/37401308-800x600.jpeg"", ""https://images.bayut.eg/thumbnails/37401309-800x600.jpeg"", ""https://images.bayut.eg/thumbnails/37401312-800x600.jpeg""]",Ready,Primary
https://www.bayut.eg/en/property/details-504025706.html,Bayut - 5000443-eDQg8Q,504025706,Deal,Own a Townhouse in a Prime Location Next to the Diplomatic District with an Exclusive Cash Discount,Townhouse,• Own a 185 sqm Townhouse at Madai and experience luxury family living in a premium residential community• Featuring 4 spacious bedrooms and 5 bathrooms thoughtfully designed to provide comfort privacy and functionality• A prime location with easy access to major roads essential services and New Cairo's key destinations• Contemporary architecture premium finishes and a fully integrated community offering everything you need for a modern lifestyle• A valuable investment opportunity with exceptional future appreciation in one of New Cairo's most promising developments• Contact us today to discover the latest townhouse prices available units and reserve your home at Madai,"Madai, R8, New Capital City, Cairo",9000000,EGP,4,5.0,Unfurnished,"Balcony or Terrace, Gym or Health Club, Jacuzzi, Sauna, Kids Play Area, Lawn or Garden, Barbeque Area, Cafeteria or Canteen, Waste Disposal, Maintenance Staff, Business Center, Security Staff, CCTV Security, 24 Hours Concierge",185 Sq. M.,basant samy,"[""https://images.bayut.eg/thumbnails/49020039-800x600.jpeg"", ""https://images.bayut.eg/thumbnails/49020040-800x600.jpeg"", ""https://images.bayut.eg/thumbnails/49020041-800x600.jpeg"", ""https://images.bayut.eg/thumbnails/49020042-800x600.jpeg"", ""https://images.bayut.eg/thumbnails/49020043-800x600.jpeg"", ""https://images.bayut.eg/thumbnails/49020044-800x600.jpeg"", ""https://images.bayut.eg/thumbnails/49020045-800x600.jpeg"", ""https://images.bayut.eg/thumbnails/49020046-800x600.jpeg"", ""https://images.bayut.eg/thumbnails/49020047-800x600.jpeg"", ""https://images.bayut.eg/thumbnails/49020048-800x600.jpeg"", ""https://images.bayut.eg/thumbnails/49020049-800x600.jpeg"", ""https://images.bayut.eg/thumbnails/49020050-800x600.jpeg"", ""https://images.bayut.eg/thumbnails/49020051-800x600.jpeg""]",Off-Plan,Primary
https://www.bayut.eg/en/property/details-504023194.html,Bayut - 5000792-1TpS48,504023194,Dossur Development,"Apartment for sale in the most prestigious area of New Cairo, Fifth Settlement, Beit Al Watan, Second District, with a clear sea view and garden vie",Apartment,"Apartment for sale in the most prestigious neighborhood of Beit Al Watan, District 2, facing north and on a corner lot. Area: 226 sq m3 bedrooms, 3 bathroomsMinutes away from the Clubs Axisand North 90th StreetSteps away from major thoroughfares: Suez Road and the Middle Ring RoadMinutes away from the View Zone and the services areaLow down payment and longest payment period","Beit Al Watan, 5th Settlement, New Cairo, Cairo",5850000,EGP,3,3.0,Unfurnished,"Storage Areas, Balcony or Terrace, Completion Year: 3, Lawn or Garden, Waste Disposal, Maintenance Staff, Security Staff, CCTV Security, Pet Policy, View",226 Sq. M.,osama abo elmaged,"[""https://images.bayut.eg/thumbnails/49017788-800x600.jpeg"", ""https://images.bayut.eg/thumbnails/49017789-800x600.jpeg"", ""https://images.bayut.eg/thumbnails/49017793-800x600.jpeg"", ""https://images.bayut.eg/thumbnails/49017790-800x600.jpeg"", ""https://images.bayut.eg/thumbnails/49017791-800x600.jpeg"", ""https://images.bayut.eg/thumbnails/49017792-800x600.jpeg"", ""https://images.bayut.eg/thumbnails/49017794-800x600.jpeg"", ""https://images.bayut.eg/thumbnails/49017795-800x600.jpeg"", ""https://images.bayut.eg/thumbnails/49017796-800x600.jpeg"", ""https://images.bayut.eg/thumbnails/49017797-800x600.jpeg""]",Off-Plan,Primary
https://www.bayut.eg/en/property/details-504020927.html,Bayut - 5000410-wFM6Oh,504020927,Egypt Best Properties (EBP),Limited 0% DownPayment Offer!! Serviced Sea View Chalet & Direct On Crystal Lagoon Over 10 Years Plan At Ras El-Hekma North Coast,Chalet,"Limited Realese Offer !! Fully Equipped Sea View 3BR Serviced Chalet Direct On Lagoon At Best Destination In Ras El Hekma | 0% Downpayment & Flexible Installments Over 10 YearsTo Receive The Full Details Or The Best Offer, Contact Us Today [redacted phone number]Chalet Details:3 Bedrooms3 Bathrooms140 BUAServiced ChaletFully EquippedACs IncludedKitchen Cabinets IncludedPrime Sea ViewWide TerracePremium Finishing StandardsDesigned To Maximize Natural Light & Panoramic Sea ViewsPrime Waterfront LocationHigh Privacy LayoutEasy Access To The Beach & All FacilitiesExclusive Resort-Style LivingIdeal For Holiday Homes & InvestmentLocationPrime Location In Ras El Hekma – North CoastEasy Access Via:Fouka RoadDabaa RoadInternational Coastal RoadApproximately 3 Hours From CairoApproximately 2 Hours From AlexandriaAbout The ProjectAZHA North Coast is a premium coastal destination in Ras El Hekma, offering an elevated Mediterranean lifestyle surrounded by crystal-clear waters, pristine sandy beaches, beautifully designed landscapes, and premium leisure facilities. Designed to combine luxury, comfort, and resort-style living, the community offers exceptional waterfront experiences, premium amenities, and a highly desirable location, making it an ideal destination for holiday homes and long-term investment. About The DeveloperDeveloped By Madaar Development, one of Egypt's prominent real estate developers, renowned for creating premium residential and coastal destinations distinguished by quality, innovative design, and strong long-term value. #AZHA #AZHANorthCoast #Madaar #RasElHekma #NorthCoast #ServicedChalet #ChaletForSale #SeaView #FullyEquipped #ACsIncluded #KitchenIncluded #ZeroDownpayment #10YearsInstallments #LimitedTimeOffer #LuxuryLiving #BeachfrontLiving #RealEstateEgypt #InvestmentOpportunity","Fouka Bay, North Coast, Matruh Chalets, Matruh",24468000,EGP,3,3.0,Unfurnished,"Built in Kitchen Appliances, Furnished, Covered parking, Electricity Backup, Pets Allowed, Electricity Meter, Centrally Air-Conditioned, Sea view, Central Heating, Water Meter, Double Glazed Windows, Storage Areas, Natural Gas, Landline, Study Room, Central A/C & heating, Balcony or Terrace, Lobby in Building, Service Elevators, Prayer Room, Reception/Waiting Room, First Aid Medical Center, Gym or Health Club, Facilities for Disabled, Swimming Pool, Jacuzzi, Sauna, Steam Room, Day Care Center, Kids Play Area, Lawn or Garden, Barbeque Area, Cafeteria or Canteen, Waste Disposal, Maintenance Staff, Cleaning Services, Business Center, Conference Room, Security Staff, CCTV Security, Shared Kitchen, Laundry Room, Laundry Facility, Broadband Internet, Satellite/Cable TV, Intercom, 24 Hours Concierge, Maids Room, Freehold",140 Sq. M.,Seif Mahmoud,"[""https://images.bayut.eg/thumbnails/48935433-800x600.jpeg"", ""https://images.bayut.eg/thumbnails/48935434-800x600.jpeg"", ""https://images.bayut.eg/thumbnails/48935409-800x600.jpeg"", ""https://images.bayut.eg/thumbnails/48935410-800x600.jpeg"", ""https://images.bayut.eg/thumbnails/48935411-800x600.jpeg"", ""https://images.bayut.eg/thumbnails/48935412-800x600.jpeg"", ""https://images.bayut.eg/thumbnails/48935413-800x600.jpeg"", ""https://images.bayut.eg/thumbnails/48935435-800x600.jpeg"", ""https://images.bayut.eg/thumbnails/48935414-800x600.jpeg"", ""https://images.bayut.eg/thumbnails/48935416-800x600.jpeg"", ""https://images.bayut.eg/thumbnails/48935415-800x600.jpeg"", ""https://images.bayut.eg/thumbnails/48935417-800x600.jpeg""]",Off-Plan,Primary
https://www.bayut.eg/en/property/details-504022604.html,Bayut - 1016-5caWmC,504022604,Falcon Real Estate,Fully Finished 2BR Apartment With Kitchen & Ac's in Opposite Madinaty Gate 4 in Al-Shurouk City in Aljar British District Compound,Apartment,"Fully Finished 2-Bedroom Apartment with ACsDirectly on Suez Road, in the heart of El Shorouk City, opposite Madinaty Gate 4, inside Aljar British District CompoundA project by Valore DevelopmentsArea: 124 sqmLayout: 2 bedrooms + 2 bathrooms + American kitchen + double reception + terraceTotal price: EGP 5,695,000Cash discount: 15%Payment plans available up to 7 years with 10% down paymentFor more details, viewing, and reservation, please call: [redacted phone number]Or leave your number and you will be contacted as soon as possible with full details.","Aljar, Shorouk City, Cairo",5695000,EGP,2,2.0,Unfurnished,"Built in Kitchen Appliances, Covered parking, Electricity Backup, Pets Allowed, Electricity Meter, Centrally Air-Conditioned, Central Heating, Water Meter, Double Glazed Windows, Storage Areas, Natural Gas, Landline, Central A/C & heating, Balcony or Terrace, Lobby in Building, Reception/Waiting Room, First Aid Medical Center, Gym or Health Club, Facilities for Disabled, Swimming Pool, Jacuzzi, Sauna, Steam Room, Day Care Center, Kids Play Area, Lawn or Garden, Barbeque Area, Cafeteria or Canteen, Business Center, Conference Room, Security Staff, CCTV Security, Shared Kitchen, Laundry Room, Laundry Facility, Broadband Internet, Satellite/Cable TV, Intercom, 24 Hours Concierge, Freehold",124 Sq. M.,Youssef Kamel,"[""https://images.bayut.eg/thumbnails/48962703-800x600.jpeg"", ""https://images.bayut.eg/thumbnails/48962704-800x600.jpeg"", ""https://images.bayut.eg/thumbnails/48962705-800x600.jpeg"", ""https://images.bayut.eg/thumbnails/48962706-800x600.jpeg"", ""https://images.bayut.eg/thumbnails/48962707-800x600.jpeg"", ""https://images.bayut.eg/thumbnails/48962708-800x600.jpeg"", ""https://images.bayut.eg/thumbnails/48962709-800x600.jpeg"", ""https://images.bayut.eg/thumbnails/48962710-800x600.jpeg"", ""https://images.bayut.eg/thumbnails/48962711-800x600.jpeg"", ""https://images.bayut.eg/thumbnails/48962712-800x600.jpeg"", ""https://images.bayut.eg/thumbnails/48962713-800x600.jpeg"", ""https://images.bayut.eg/thumbnails/48962714-800x600.jpeg""]",Off-Plan,Primary
https://www.bayut.eg/en/property/details-504034318.html,Bayut - 8279-hvOPPu,504034318,SFR,"With a 35% cash discount, immediate turnkey delivery in Maadi View Compound, Shorouk, on the Suez Road next to Madinaty.",Apartment,"Apartment for sale, ready to move in. Prime location in Shorouk, on the Suez Road, next to Madinaty. Very vibrant location. A fully populated compound with all the services you need. 35% discount for cash payment. Apartment area: 143 sq m(3 bedrooms, 2 bathrooms, large reception area, kitchen). Overlooking green spaces. Leave a message and we'll send you the installment schedule and arrange a viewing.","Maadi View, Shorouk City, Cairo",4000000,EGP,3,2.0,Unfurnished,"Built in Kitchen Appliances, Covered parking, Electricity Meter, Balcony or Terrace, Lobby in Building, Prayer Room, Reception/Waiting Room, First Aid Medical Center, Gym or Health Club, Swimming Pool, Jacuzzi, Sauna, Steam Room, Day Care Center, Kids Play Area, Lawn or Garden, Barbeque Area, Cafeteria or Canteen, Maintenance Staff, Cleaning Services, Business Center, Conference Room, Security Staff, CCTV Security, Shared Kitchen, Laundry Room, Laundry Facility, 24 Hours Concierge",143 Sq. M.,Nada Sameh Ahmed,"[""https://images.bayut.eg/thumbnails/49124208-800x600.jpeg"", ""https://images.bayut.eg/thumbnails/49124219-800x600.jpeg"", ""https://images.bayut.eg/thumbnails/49124220-800x600.jpeg"", ""https://images.bayut.eg/thumbnails/49124221-800x600.jpeg"", ""https://images.bayut.eg/thumbnails/49124222-800x600.jpeg"", ""https://images.bayut.eg/thumbnails/49124223-800x600.jpeg"", ""https://images.bayut.eg/thumbnails/49124224-800x600.jpeg"", ""https://images.bayut.eg/thumbnails/49124225-800x600.jpeg"", ""https://images.bayut.eg/thumbnails/49124226-800x600.jpeg"", ""https://images.bayut.eg/thumbnails/49124227-800x600.jpeg"", ""https://images.bayut.eg/thumbnails/49124228-800x600.jpeg""]",Ready,Primary
https://www.bayut.eg/en/property/details-504034306.html,Bayut - 1016-C0X9bW,504034306,Falcon Real Estate,"Corner Triple-View Townhouse Villa in the Most Prestigious Compound in New Cairo with installment, Hyde Park, Near Mivida, Palm Hills & Mountain View.",Villa,Own Your Villa in One of the Most Prestigious Projects in New Cairo – Hyde Park New CairoVilla Area: 200 sqm + Private Garden3 Floors: Ground Floor with Garden + First Floor + RoofExceptional Layout: 4 Bedrooms + 4 Bathrooms + Reception with a Breathtaking ViewPrime Location in the Heart of Golden Square with an Exceptional ViewFor Viewings and More Details: [redacted phone number] + WhatsApp,"Hyde Park New Cairo Compound, 5th Settlement, New Cairo, Cairo",26000000,EGP,4,4.0,Unfurnished,"Balcony or Terrace, First Aid Medical Center, Gym or Health Club, Swimming Pool, Jacuzzi, Sauna, Day Care Center, Lawn or Garden, Barbeque Area, Security Staff, CCTV Security",200 Sq. M.,Youssef Mohamed,"[""https://images.bayut.eg/thumbnails/49124122-800x600.jpeg"", ""https://images.bayut.eg/thumbnails/49124123-800x600.jpeg"", ""https://images.bayut.eg/thumbnails/49124124-800x600.jpeg"", ""https://images.bayut.eg/thumbnails/49124125-800x600.jpeg"", ""https://images.bayut.eg/thumbnails/49124126-800x600.jpeg"", ""https://images.bayut.eg/thumbnails/49124127-800x600.jpeg"", ""https://images.bayut.eg/thumbnails/49124128-800x600.jpeg"", ""https://images.bayut.eg/thumbnails/49124129-800x600.jpeg"", ""https://images.bayut.eg/thumbnails/49124130-800x600.jpeg"", ""https://images.bayut.eg/thumbnails/49124131-800x600.jpeg""]",Ready,Primary
https://www.bayut.eg/en/property/details-504034294.html,Bayut - HcG190FF,504034294,The Icon Real Estate Investment,"Apartment for sale, ground floor with a private garden, special finishing, smart in the High City compound.",Apartment,"Apartment 190 m ground floor with a private garden of 45 m with special Smart finishing for sale in High City compound in Al Obour. Immediate delivery with an internal view of the compound. The area is 190 m consisting of3 rooms2 bathroomslarge reception area 2 pieceskitchenprivate garden with an area of 45 mprice 6,300,000 EGP cash including maintenance deposit and meterstransfer fees and contract modification at the company are the responsibility of the buyer and amount to 125,000 EGP. We also have other areas starting from 95m - 110m - 113m - 120m - 126m - 145m - 150m - 160m - 176m - 180m - 190m - 199m - 207m and duplexes for sale and ground floor apartments with private gardens. For more details, contact us by phone or via WhatsApp at ‪[redacted phone number]‬. Location of High City compound in Al Obour :-High City compound is located on the highest hill in the city of Al Obour in the most distinguished location directly on Al Obour main axis in front of Ahmed Arabi Square and the entrance to the villas in the fifth district, and is only 5 minutes from Carrefour and Golf City, 10 minutes from the ring road, 15 minutes from Cairo International Airport, and 20 minutes to the Fifth Settlement. Features and services of High City compound :-The compound is on an area of 36 acres, and the building consists of a basement (garage), ground floor, and 3 repeated floors, which means it is not overcrowded with population density. (A garage is available below each building. )It also features 4 swimming pools and a massive commercial mall with an area of 18,000 square meters and green spaces. All apartments are delivered with an armored external door and PVC aluminum, and there is an elevator in each building. In addition, there are facilities including electric meters - water - fiber optic landline - natural gas.","High City, Obour City, Cairo",6300000,EGP,3,2.0,Unfurnished,"Built in Kitchen Appliances, Landline, Swimming Pool, Maintenance Staff, Business Center, Security Staff, CCTV Security, Shared Kitchen, Laundry Room, Laundry Facility, Broadband Internet, Satellite/Cable TV, Intercom, 24 Hours Concierge",190 Sq. M.,Abdelrahman,"[""https://images.bayut.eg/thumbnails/49124132-800x600.jpeg"", ""https://images.bayut.eg/thumbnails/49124133-800x600.jpeg"", ""https://images.bayut.eg/thumbnails/49124134-800x600.jpeg"", ""https://images.bayut.eg/thumbnails/49124135-800x600.jpeg"", ""https://images.bayut.eg/thumbnails/49124136-800x600.jpeg"", ""https://images.bayut.eg/thumbnails/49124137-800x600.jpeg"", ""https://images.bayut.eg/thumbnails/49124138-800x600.jpeg"", ""https://images.bayut.eg/thumbnails/49124139-800x600.jpeg"", ""https://images.bayut.eg/thumbnails/49124140-800x600.jpeg"", ""https://images.bayut.eg/thumbnails/49124141-800x600.jpeg"", ""https://images.bayut.eg/thumbnails/49124142-800x600.jpeg"", ""https://images.bayut.eg/thumbnails/49124143-800x600.jpeg""]",Ready,Resale
https://www.bayut.eg/en/property/details-504034289.html,Bayut - 1016-nrHGNh,504034289,Falcon Real Estate,Double View of Alamein Towers & Lagoon Dollar Return Fully Finished Apartment for Sale In Latin Quarter of Alamein Minutes from Marassi & Marina,Apartment,Live & Invest in New Alamein [USD Income ]Ready to view_ fully finished stunning towers view- Area 135 meters [overlooking lagoon & towers]- Only 10% Down Payment + Equal InstallmentsFor viewing &video [redacted phone number] call or WhatsApp====================================================================================,"Latin District, Alamein, North Coast, Matruh Apartments, Matruh",5220000,EGP,2,2.0,Unfurnished,"Swimming Pool, Sauna, Barbeque Area, Cafeteria or Canteen, Business Center, Security Staff, Laundry Room, 24 Hours Concierge",134 Sq. M.,Dina Mohamed,"[""https://images.bayut.eg/thumbnails/49123885-800x600.jpeg"", ""https://images.bayut.eg/thumbnails/49123886-800x600.jpeg"", ""https://images.bayut.eg/thumbnails/49123887-800x600.jpeg"", ""https://images.bayut.eg/thumbnails/49123888-800x600.jpeg"", ""https://images.bayut.eg/thumbnails/49123889-800x600.jpeg"", ""https://images.bayut.eg/thumbnails/49123890-800x600.jpeg"", ""https://images.bayut.eg/thumbnails/49123891-800x600.jpeg"", ""https://images.bayut.eg/thumbnails/49123892-800x600.jpeg"", ""https://images.bayut.eg/thumbnails/49123893-800x600.jpeg"", ""https://images.bayut.eg/thumbnails/49123894-800x600.jpeg"", ""https://images.bayut.eg/thumbnails/49123895-800x600.jpeg"", ""https://images.bayut.eg/thumbnails/49123896-800x600.jpeg""]",Ready,Primary
https://www.bayut.eg/en/property/details-504034285.html,Bayut - 1016-Z76FQ6,504034285,Falcon Real Estate,"VIP Villa Directly on the Sea in Lesan El Wozaraa, Marina 5, North Coast – Immediate Delivery, Ultra-Modern Finish, Fully Furnished & Equipped",Villa,"VIP First-Row Villa Directly on the Sea – Lesan El Wozaraa, Marina 5Area: 294 sqm + 115 sqm Private GardenUltra-Modern Finishing, Fully Furnished & Equipped with AppliancesOpen Sea View – Exceptional Location – Immediate DeliveryFor Details & Viewing: [redacted phone number] + WhatsApp______________________________________________","Marina 5, Alamein, North Coast, Matruh Villas, Matruh",21000000,EGP,5,4.0,Unfurnished,"Balcony or Terrace, First Aid Medical Center, Gym or Health Club, Swimming Pool, Day Care Center, Lawn or Garden, Barbeque Area, Security Staff, CCTV Security",294 Sq. M.,Youssef Mohamed,"[""https://images.bayut.eg/thumbnails/49123836-800x600.jpeg"", ""https://images.bayut.eg/thumbnails/49123837-800x600.jpeg"", ""https://images.bayut.eg/thumbnails/49123838-800x600.jpeg"", ""https://images.bayut.eg/thumbnails/49123839-800x600.jpeg"", ""https://images.bayut.eg/thumbnails/49123840-800x600.jpeg"", ""https://images.bayut.eg/thumbnails/49123841-800x600.jpeg"", ""https://images.bayut.eg/thumbnails/49123842-800x600.jpeg"", ""https://images.bayut.eg/thumbnails/49123843-800x600.jpeg"", ""https://images.bayut.eg/thumbnails/49123844-800x600.jpeg"", ""https://images.bayut.eg/thumbnails/49123845-800x600.jpeg""]",Ready,Primary
https://www.bayut.eg/en/property/details-503631010.html,Bayut - 1412-6EvzuJ,503631010,Property Hills One 1,A fully finished villa with air conditioning and a kitchen is available for viewing.,Townhouse,"Villa for sale overlooking the sea. The villa consists of 3 bedrooms + a nanny's room + 4 bathrooms. Prime location in the village, close to the marina. total: 33,000,000For more details, please contact us via WhatsApp at [redacted phone number]. Brokers please refrain from contacting us. Amenities:• Hotel and spa overlooking the sea• Clubhouse• Supermarket• Open-air cinema overlooking the sea• Gardens and landscaping• Swimming pools• Fitness and spa facilities• Water sports areas• 24/7 security with CCTV surveillance• Maintenance and garden servicesFor more details, please contact [redacted phone number]SA\T","Beit Al Bahr, Sidi Heneish, North Coast, Matruh Townhouses, Matruh",33000000,EGP,3,4.0,Furnished,"Built in Kitchen Appliances, Furnished, Covered parking, Electricity Backup, Pets Allowed, Centrally Air-Conditioned, Sea view, Central Heating, Water Meter, Double Glazed Windows, Storage Areas, Natural Gas, Landline, Central A/C & heating, Reception/Waiting Room, First Aid Medical Center, Gym or Health Club, Facilities for Disabled, Swimming Pool, Jacuzzi, Sauna, Steam Room, Day Care Center, Kids Play Area, Lawn or Garden, Barbeque Area, Cafeteria or Canteen, Waste Disposal, Maintenance Staff, Cleaning Services, Business Center, Conference Room, Security Staff, CCTV Security, Shared Kitchen, Laundry Room, Laundry Facility, Broadband Internet, Satellite/Cable TV, Intercom, 24 Hours Concierge, Maids Room",185 Sq. M.,Santi Tareq,"[""https://images.bayut.eg/thumbnails/43913805-800x600.jpeg"", ""https://images.bayut.eg/thumbnails/43913804-800x600.jpeg"", ""https://images.bayut.eg/thumbnails/43913803-800x600.jpeg"", ""https://images.bayut.eg/thumbnails/43913806-800x600.jpeg"", ""https://images.bayut.eg/thumbnails/43913807-800x600.jpeg"", ""https://images.bayut.eg/thumbnails/43913808-800x600.jpeg"", ""https://images.bayut.eg/thumbnails/43913809-800x600.jpeg"", ""https://images.bayut.eg/thumbnails/43913810-800x600.jpeg"", ""https://images.bayut.eg/thumbnails/43913811-800x600.jpeg"", ""https://images.bayut.eg/thumbnails/43913812-800x600.jpeg"", ""https://images.bayut.eg/thumbnails/43913813-800x600.jpeg"", ""https://images.bayut.eg/thumbnails/43913814-800x600.jpeg""]",Ready,Primary
https://www.bayut.eg/en/property/details-503355311.html,Bayut - 1412-qNVVy9,503355311,Property Hills One 1,"Standalone villa 923 sqm, fully finished, in Al Tagamoa, near Hyde Park and 90th Street.",Villa,"Villa with easy payment plans over the longest period, absolutely interest-free. Fully finished standalone villa at the highest standard, located in Al Tagamoa El Khames (5th Settlement), near Hyde Park and just minutes from the American University in Cairo, inside a very upscale, fully serviced compound by the well-known developer M. Sawiris, in the most prime location within the compound. Unit type: Standalone VillaArea: 923 sqmLayout: Excellent, spacious, and well-utilizedIncludes: Front and back gardenCash price:55,250,000For photos and full video of the villa: [redacted phone number]Compound Amenities:Latest fitness equipmentCommercial area with many shops to easily meet residents’ needsParking garages conveniently located near all unitsSwimming pools suitable for all residents for maximum enjoymentLarge green spaces and artificial lakesMultiple sports courts inside the compound","Zed East Compound, 6th Settlement, New Cairo, Cairo",55250000,EGP,7,7.0,Unfurnished,"Pets Allowed, Electricity Meter, Water Meter, Double Glazed Windows, Natural Gas, First Aid Medical Center, Gym or Health Club, Facilities for Disabled, Swimming Pool, Day Care Center, Kids Play Area, Lawn or Garden, Barbeque Area, Cafeteria or Canteen, Waste Disposal, Maintenance Staff, Cleaning Services, Security Staff, CCTV Security, 24 Hours Concierge",923 Sq. M.,Hala Adel,"[""https://images.bayut.eg/thumbnails/40515612-800x600.jpeg"", ""https://images.bayut.eg/thumbnails/40515613-800x600.jpeg"", ""https://images.bayut.eg/thumbnails/40515614-800x600.jpeg"", ""https://images.bayut.eg/thumbnails/40515615-800x600.jpeg"", ""https://images.bayut.eg/thumbnails/40515616-800x600.jpeg"", ""https://images.bayut.eg/thumbnails/40515617-800x600.jpeg"", ""https://images.bayut.eg/thumbnails/40515618-800x600.jpeg"", ""https://images.bayut.eg/thumbnails/40515619-800x600.jpeg"", ""https://images.bayut.eg/thumbnails/40515620-800x600.jpeg"", ""https://images.bayut.eg/thumbnails/40515621-800x600.jpeg""]",Ready,Primary
https://www.bayut.eg/en/property/details-504029564.html,Bayut - IR144,504029564,Egypt Best Properties (EBP),FIRST ROW VILLA OPEN SEA VIEW WITH 0% DP ONLY IN RED SEA NEW GOUNA MAKADI HEIGHTS,Villa,"Orascom (NEW GOUNA)Don't Miss This Opportunity - Special Launch price, Limited AvailabilityThis is a launch price opportunity, ideal for investment or luxury beachfront living. . - UNIT DETAILS :Fully Finished + Kitchen cabins4 BEDROOMS MASTER4 BATHROOMS- Makadi Heights is a cohesive community developed by Orascom Development representing an area of 3.4 million square meters, a vibrant town with an elevation reaching 78 meters above sea level. Promising picturesque views are offered all around to Makadi Heights distinguished homeowners. It is an outstanding piece of art created to meet the community needs. Its unbeatable strategy focuses on providing everything with minimal input. That is, Makadi Heights is an all-inclusive home, planned for simplicity and effort","Makadi Heights, Hurghada, Red Sea Villas, Red Sea",25000000,EGP,4,4.0,Unfurnished,"Built in Kitchen Appliances, Furnished, Covered parking, Electricity Backup, Pets Allowed, Electricity Meter, Centrally Air-Conditioned, Sea view, Central Heating, Water Meter, Double Glazed Windows, Storage Areas, Natural Gas, Landline, Study Room, Central A/C & heating, Balcony or Terrace, Lobby in Building, Service Elevators, Prayer Room, Reception/Waiting Room, First Aid Medical Center, Gym or Health Club, Facilities for Disabled, Swimming Pool, Jacuzzi, Sauna, Steam Room, Day Care Center, Kids Play Area, Lawn or Garden, Barbeque Area, Cafeteria or Canteen, Waste Disposal, Maintenance Staff, Cleaning Services, Business Center, Conference Room, Security Staff, CCTV Security, Shared Kitchen, Laundry Room, Laundry Facility, Broadband Internet, Satellite/Cable TV, Intercom, ATM Facility, 24 Hours Concierge, Maids Room, Freehold",340 Sq. M.,Rawan Wael,"[""https://images.bayut.eg/thumbnails/49096962-800x600.jpeg"", ""https://images.bayut.eg/thumbnails/49096963-800x600.jpeg"", ""https://images.bayut.eg/thumbnails/49096964-800x600.jpeg"", ""https://images.bayut.eg/thumbnails/49096965-800x600.jpeg"", ""https://images.bayut.eg/thumbnails/49096966-800x600.jpeg"", ""https://images.bayut.eg/thumbnails/49096967-800x600.jpeg"", ""https://images.bayut.eg/thumbnails/49096968-800x600.jpeg"", ""https://images.bayut.eg/thumbnails/49096969-800x600.jpeg"", ""https://images.bayut.eg/thumbnails/49096970-800x600.jpeg"", ""https://images.bayut.eg/thumbnails/49096971-800x600.jpeg"", ""https://images.bayut.eg/thumbnails/49096972-800x600.jpeg"", ""https://images.bayut.eg/thumbnails/49096973-800x600.jpeg"", ""https://images.bayut.eg/thumbnails/49096974-800x600.jpeg"", ""https://images.bayut.eg/thumbnails/49096975-800x600.jpeg"", ""https://images.bayut.eg/thumbnails/49096976-800x600.jpeg"", ""https://images.bayut.eg/thumbnails/49096977-800x600.jpeg""]",Off-Plan,Primary
https://www.bayut.eg/en/property/details-504029833.html,Bayut - 5001397-Z2NwBe,504029833,Billionaire Community Real Estate,Chalet Fully finished Very Special Price Prime location in Gaia - North coast,Chalet,"- Very Prime location- Fully FinishedArea: 91 SQMConsists of:( 2 Bedroom - 1 Bathroom - Reception - Kitchen )Down payment: 4,100,000Total price: 4,800,000 EGP_________________________________________Gaya Services and Features:- Swimming pools- Gym and spa- Health centers- Shopping malls- Restaurants and cafes- Security","Gaia, Ras Al Hekma, North Coast, Matruh Chalets, Matruh",4800000,EGP,2,1.0,Unfurnished,"Covered parking, Electricity Meter, Balcony or Terrace, Gym or Health Club, Swimming Pool, Jacuzzi, Sauna, Steam Room, Kids Play Area, Lawn or Garden, Barbeque Area, Security Staff",91 Sq. M.,Nada Hassan,"[""https://images.bayut.eg/thumbnails/49068380-800x600.jpeg"", ""https://images.bayut.eg/thumbnails/49068381-800x600.jpeg"", ""https://images.bayut.eg/thumbnails/49068388-800x600.jpeg"", ""https://images.bayut.eg/thumbnails/49068389-800x600.jpeg"", ""https://images.bayut.eg/thumbnails/49068390-800x600.jpeg"", ""https://images.bayut.eg/thumbnails/49068391-800x600.jpeg"", ""https://images.bayut.eg/thumbnails/49068392-800x600.jpeg"", ""https://images.bayut.eg/thumbnails/49068393-800x600.jpeg"", ""https://images.bayut.eg/thumbnails/49068394-800x600.jpeg"", ""https://images.bayut.eg/thumbnails/49068395-800x600.jpeg""]",Off-Plan,Resale
https://www.bayut.eg/en/property/details-504030965.html,Bayut - ss5000410-NXm8j1,504030965,Egypt Best Properties (EBP),Own Your Fully Finished Chalet With 5% Down Payment ( North Coast ),Chalet,"FIRST PRICE IN NEW LAUNCH FINISHED CHALET 3 BEDROOMS FOR SALE WITH 5% DP MARINA VIEW IN MODON IN RAS AL HEKMA IN NORTH COASTUnit Details:3 Bedrooms4 BathroomsKitchenTerraceReceptionFor more details and a video, please contact us at: View Contact Detail5% Down Payment and Installments up to 8 YearsLOCATION in Ras El Hekma, on the Northwest Coast, between New Alamein and Marsa Matrouh. The project spans approximately 170 million square meters (over 40,000 acres). Itaims to create an integrated city that includes: Diverse residential neighborhoods. World-class hotels and resorts. Commercial and financial districts. Schools, universities, and hospitals. Technology and logistics zones. Yacht marinas and extensive recreational facilities.","Modon, Ras Al Hekma, North Coast, Matruh Chalets, Matruh",20100000,EGP,3,4.0,Furnished,"Built in Kitchen Appliances, Furnished, Covered parking, Electricity Backup, Pets Allowed, Electricity Meter, Centrally Air-Conditioned, Sea view, Central Heating, Water Meter, Double Glazed Windows, Storage Areas, Natural Gas, Landline, Study Room, Central A/C & heating, Balcony or Terrace, Reception/Waiting Room, First Aid Medical Center, Gym or Health Club, Facilities for Disabled, Swimming Pool, Jacuzzi, Sauna, Steam Room, Day Care Center, Kids Play Area, Lawn or Garden, Barbeque Area, Cafeteria or Canteen, Waste Disposal, Maintenance Staff, Cleaning Services, Business Center, Conference Room, Security Staff, CCTV Security, Laundry Room, Laundry Facility, Broadband Internet, Satellite/Cable TV, Intercom, ATM Facility, 24 Hours Concierge, Maids Room, Freehold",220 Sq. M.,Nader Ahmed,"[""https://images.bayut.eg/thumbnails/49081026-800x600.jpeg"", ""https://images.bayut.eg/thumbnails/49081027-800x600.jpeg"", ""https://images.bayut.eg/thumbnails/49081028-800x600.jpeg"", ""https://images.bayut.eg/thumbnails/49081040-800x600.jpeg"", ""https://images.bayut.eg/thumbnails/49081041-800x600.jpeg"", ""https://images.bayut.eg/thumbnails/49081042-800x600.jpeg"", ""https://images.bayut.eg/thumbnails/49081043-800x600.jpeg"", ""https://images.bayut.eg/thumbnails/49081044-800x600.jpeg"", ""https://images.bayut.eg/thumbnails/49081045-800x600.jpeg"", ""https://images.bayut.eg/thumbnails/49081046-800x600.jpeg"", ""https://images.bayut.eg/thumbnails/49081047-800x600.jpeg"", ""https://images.bayut.eg/thumbnails/49081048-800x600.jpeg"", ""https://images.bayut.eg/thumbnails/49081049-800x600.jpeg"", ""https://images.bayut.eg/thumbnails/49081050-800x600.jpeg"", ""https://images.bayut.eg/thumbnails/49081051-800x600.jpeg"", ""https://images.bayut.eg/thumbnails/49081052-800x600.jpeg"", ""https://images.bayut.eg/thumbnails/49081053-800x600.jpeg"", ""https://images.bayut.eg/thumbnails/49081054-800x600.jpeg"", ""https://images.bayut.eg/thumbnails/49081055-800x600.jpeg"", ""https://images.bayut.eg/thumbnails/49081056-800x600.jpeg"", ""https://images.bayut.eg/thumbnails/49081057-800x600.jpeg"", ""https://images.bayut.eg/thumbnails/49081058-800x600.jpeg"", ""https://images.bayut.eg/thumbnails/49081059-800x600.jpeg"", ""https://images.bayut.eg/thumbnails/49081060-800x600.jpeg""]",Off-Plan,Primary
https://www.bayut.eg/en/property/details-504029136.html,Bayut - 5000144-8HpbLf,504029136,Realm Properties,Apartment in makadi by Orascom with very prime location and 0% DP,Apartment,"Fully finished Apartment just released in Makadi Heights | Orascom Development. about unit:-2 bedroom-2 bathroom-reception-covered terrac- fully finished with kitchen cabinetsfor more details:[redacted phone number]------------------------------------------------------------------------------------------From Orascom Sawaeris Company. It is a fully serviced city that provides you with all the essential and recreational aspects of life, resembling a new Gouna. Ultra-luxurious finishing. Overlooking the landscape with a distinctive elevation above the Red Sea, ensuring complete privacy and a panoramic view. Location: In the heart of Makadi Bay on the Red Sea coast. 15 minutes from Hurghada Airport - 30 minutes to Gouna. Makadi Heights Red Sea Project is one of the projects of “Orascom Development,” a global company based in Switzerland. It is a leading company in integrated destinations with 30 years of experience and a track record of sustainable development inside and outside Egypt, including hotels, villas, apartments, chalets, resorts, golf courses, marinas, and infrastructure. The company is also listed on the Swiss Stock Exchange.","Makadi Heights, Makadi Bay, Red Sea Apartments, Red Sea",10750000,EGP,2,2.0,Furnished,"Built in Kitchen Appliances, Furnished, Covered parking, Electricity Backup, Pets Allowed, Electricity Meter, Centrally Air-Conditioned, Sea view, Central Heating, Water Meter, Double Glazed Windows, Storage Areas, Natural Gas, Landline, Study Room, Central A/C & heating, Lobby in Building, Prayer Room, First Aid Medical Center, Gym or Health Club, Facilities for Disabled, Swimming Pool, Jacuzzi, Sauna, Steam Room, Day Care Center, Kids Play Area, Lawn or Garden, Barbeque Area, Cafeteria or Canteen, Waste Disposal, Maintenance Staff, Cleaning Services, Business Center, Conference Room, Security Staff, CCTV Security, Shared Kitchen, Laundry Room, Laundry Facility, Broadband Internet, Satellite/Cable TV, Intercom",100 Sq. M.,Alaa Ahmed,"[""https://images.bayut.eg/thumbnails/49061384-800x600.jpeg"", ""https://images.bayut.eg/thumbnails/49061385-800x600.jpeg"", ""https://images.bayut.eg/thumbnails/49061386-800x600.jpeg"", ""https://images.bayut.eg/thumbnails/49061387-800x600.jpeg"", ""https://images.bayut.eg/thumbnails/49061388-800x600.jpeg"", ""https://images.bayut.eg/thumbnails/49061389-800x600.jpeg"", ""https://images.bayut.eg/thumbnails/49061390-800x600.jpeg"", ""https://images.bayut.eg/thumbnails/49061391-800x600.jpeg"", ""https://images.bayut.eg/thumbnails/49061392-800x600.jpeg"", ""https://images.bayut.eg/thumbnails/49061393-800x600.jpeg"", ""https://images.bayut.eg/thumbnails/49061394-800x600.jpeg"", ""https://images.bayut.eg/thumbnails/49061395-800x600.jpeg"", ""https://images.bayut.eg/thumbnails/49061396-800x600.jpeg"", ""https://images.bayut.eg/thumbnails/49061397-800x600.jpeg"", ""https://images.bayut.eg/thumbnails/49061398-800x600.jpeg"", ""https://images.bayut.eg/thumbnails/49061399-800x600.jpeg"", ""https://images.bayut.eg/thumbnails/49061400-800x600.jpeg"", ""https://images.bayut.eg/thumbnails/49061401-800x600.jpeg"", ""https://images.bayut.eg/thumbnails/49061402-800x600.jpeg"", ""https://images.bayut.eg/thumbnails/49061403-800x600.jpeg"", ""https://images.bayut.eg/thumbnails/49061404-800x600.jpeg"", ""https://images.bayut.eg/thumbnails/49061405-800x600.jpeg"", ""https://images.bayut.eg/thumbnails/49061406-800x600.jpeg"", ""https://images.bayut.eg/thumbnails/49061407-800x600.jpeg""]",Off-Plan,Primary
https://www.bayut.eg/en/property/details-504030886.html,Bayut - 5000410-84Qc4y,504030886,Egypt Best Properties (EBP),WITH 0% DOWNPAYMENT! SEA VIEW FULLY FINISHED TOWNHOUSE FOR SALE WITH LIMITED TIME OFFER!!,Townhouse,"WITH 0% DOWNPAYMENT! SEA VIEW FULLY FINISHED TOWNHOUSE FOR SALE WITH LIMITED TIME OFFER!!FOR MORE DETAILS CONTACT ME: [redacted phone number]Unit Details: 3 Bedrooms-3 Bathrooms - Garden-Spa- Security-Clubhouse- jacuzzi-Private Pool- Study- Prime Location. ------------------------------------For More Details Contact Me : [redacted phone number]------------------------------------Makadi Heights is a cohesive community developed by Orascom Development representing an area of 3.4 million square meters, a vibrant town with an elevation reaching 78 meters above sea level. Promising picturesque views are offered all around to Makadi Heights' distinguished homeowners. It is an outstanding piece of art created to meet the community needs. Its unbeatable strategy focuses on providing everything with minimal input. That is, Makadi Heights is an all-inclusive home, planned for simplicity and effortless convenience","Mangroovy, Gouna, Red Sea Townhouses, Red Sea",23200000,EGP,3,3.0,Unfurnished,"Built in Kitchen Appliances, Furnished, Covered parking, Electricity Backup, Pets Allowed, Electricity Meter, Centrally Air-Conditioned, Sea view, Central Heating, Water Meter, Double Glazed Windows, Storage Areas, Natural Gas, Landline, Study Room, Central A/C & heating, Balcony or Terrace, Service Elevators, Prayer Room, Reception/Waiting Room, Gym or Health Club, Facilities for Disabled, Swimming Pool, Jacuzzi, Sauna, Steam Room, Day Care Center, Kids Play Area, Lawn or Garden, Barbeque Area, Cafeteria or Canteen, Waste Disposal, Maintenance Staff, Cleaning Services, Business Center, Conference Room, Security Staff, CCTV Security, Shared Kitchen, Laundry Room, Laundry Facility, Broadband Internet, Satellite/Cable TV, Intercom, ATM Facility, 24 Hours Concierge, Maids Room",210 Sq. M.,Malak Salem,"[""https://images.bayut.eg/thumbnails/49080125-800x600.jpeg"", ""https://images.bayut.eg/thumbnails/49080129-800x600.jpeg"", ""https://images.bayut.eg/thumbnails/49080121-800x600.jpeg"", ""https://images.bayut.eg/thumbnails/49080128-800x600.jpeg"", ""https://images.bayut.eg/thumbnails/49080118-800x600.jpeg"", ""https://images.bayut.eg/thumbnails/49080119-800x600.jpeg"", ""https://images.bayut.eg/thumbnails/49080120-800x600.jpeg"", ""https://images.bayut.eg/thumbnails/49080122-800x600.jpeg"", ""https://images.bayut.eg/thumbnails/49080123-800x600.jpeg"", ""https://images.bayut.eg/thumbnails/49080124-800x600.jpeg"", ""https://images.bayut.eg/thumbnails/49080126-800x600.jpeg"", ""https://images.bayut.eg/thumbnails/49080127-800x600.jpeg"", ""https://images.bayut.eg/thumbnails/49080130-800x600.jpeg"", ""https://images.bayut.eg/thumbnails/49080131-800x600.jpeg""]",Off-Plan,Primary
https://www.bayut.eg/en/property/details-504030571.html,Bayut - 5001491-fYlZWw,504030571,Apart Investment,"Fully Finished 3-Bedroom Chalet with Sea View for Sale, with a Payment Plan of up to 10 Years and the Lowest Down Payment, in June, Ras El Hekma",Chalet,"June Sodic – Unit DetailsUnit DetailsBedrooms: 3 Bedrooms + Maid’s RoomBathrooms: 2 BathroomsAbout JuneNestled along the stunning coastline of Ras El Hekma, June Resort is a premier coastal destination that combines luxury, relaxation, and exceptional natural beauty. Developed by the renowned real estate developer SODIC, June spans over 280 acres along the North Coast, offering a sophisticated and tranquil lifestyle surrounded by breathtaking views. June Sodic North Coast is more than just a summer destination. The resort features a wide range of premium facilities and amenities, a strategic location close to some of the most prestigious resorts in the North Coast, and a variety of upscale properties designed to suit different lifestyles and preferences. June Sodic North Coast LocationSODIC selected a prime location for June North Coast in the heart of Ras El Hekma. The resort is strategically located at Kilo 194 of the International Coastal Road (Alexandria–Marsa Matrouh Road). This prime location provides easy access to several key destinations:5 minutes from Caesar Resort10 minutes from Dabaa Road30 minutes from Sidi Abdel Rahman45 minutes from Alamein RoadJune offers the perfect combination of luxury, privacy, natural beauty, and a prime location, making it an ideal destination for both vacation living and investment.","June Sodic, Ras Al Hekma, North Coast, Matruh Chalets, Matruh",24900000,EGP,3,3.0,Furnished,"Built in Kitchen Appliances, Furnished, Covered parking, Electricity Backup, Pets Allowed, Electricity Meter, Sea view, Central Heating, Water Meter, Double Glazed Windows, Storage Areas, Natural Gas, Landline, Study Room, Central A/C & heating, Balcony or Terrace, Lobby in Building, Service Elevators, Prayer Room, Reception/Waiting Room, First Aid Medical Center, Gym or Health Club, Facilities for Disabled, Swimming Pool, Jacuzzi, Sauna, Steam Room, Day Care Center, Kids Play Area, Lawn or Garden, Barbeque Area, Cafeteria or Canteen, Waste Disposal, Maintenance Staff, Cleaning Services, Business Center, Conference Room, Security Staff, CCTV Security, Shared Kitchen, Laundry Room, Laundry Facility, Broadband Internet, Satellite/Cable TV, Intercom, ATM Facility, 24 Hours Concierge, Maids Room, Freehold",177 Sq. M.,Mayar Tarek,"[""https://images.bayut.eg/thumbnails/49109030-800x600.jpeg"", ""https://images.bayut.eg/thumbnails/49109031-800x600.jpeg"", ""https://images.bayut.eg/thumbnails/49109032-800x600.jpeg"", ""https://images.bayut.eg/thumbnails/49109033-800x600.jpeg"", ""https://images.bayut.eg/thumbnails/49109034-800x600.jpeg"", ""https://images.bayut.eg/thumbnails/49109035-800x600.jpeg"", ""https://images.bayut.eg/thumbnails/49109036-800x600.jpeg"", ""https://images.bayut.eg/thumbnails/49109037-800x600.jpeg"", ""https://images.bayut.eg/thumbnails/49109038-800x600.jpeg"", ""https://images.bayut.eg/thumbnails/49109039-800x600.jpeg"", ""https://images.bayut.eg/thumbnails/49109040-800x600.jpeg"", ""https://images.bayut.eg/thumbnails/49109041-800x600.jpeg"", ""https://images.bayut.eg/thumbnails/49109042-800x600.jpeg"", ""https://images.bayut.eg/thumbnails/49109043-800x600.jpeg"", ""https://images.bayut.eg/thumbnails/49109044-800x600.jpeg"", ""https://images.bayut.eg/thumbnails/49109045-800x600.jpeg"", ""https://images.bayut.eg/thumbnails/49109046-800x600.jpeg"", ""https://images.bayut.eg/thumbnails/49109047-800x600.jpeg"", ""https://images.bayut.eg/thumbnails/49109048-800x600.jpeg"", ""https://images.bayut.eg/thumbnails/49109049-800x600.jpeg"", ""https://images.bayut.eg/thumbnails/49109050-800x600.jpeg"", ""https://images.bayut.eg/thumbnails/49109051-800x600.jpeg"", ""https://images.bayut.eg/thumbnails/49109052-800x600.jpeg"", ""https://images.bayut.eg/thumbnails/49109053-800x600.jpeg"", ""https://images.bayut.eg/thumbnails/49109054-800x600.jpeg"", ""https://images.bayut.eg/thumbnails/49109055-800x600.jpeg"", ""https://images.bayut.eg/thumbnails/49109056-800x600.jpeg"", ""https://images.bayut.eg/thumbnails/49109057-800x600.jpeg"", ""https://images.bayut.eg/thumbnails/49109058-800x600.jpeg"", ""https://images.bayut.eg/thumbnails/49109059-800x600.jpeg"", ""https://images.bayut.eg/thumbnails/49109060-800x600.jpeg"", ""https://images.bayut.eg/thumbnails/49109061-800x600.jpeg"", ""https://images.bayut.eg/thumbnails/49109062-800x600.jpeg"", ""https://images.bayut.eg/thumbnails/49109063-800x600.jpeg"", ""https://images.bayut.eg/thumbnails/49109064-800x600.jpeg"", ""https://images.bayut.eg/thumbnails/49109065-800x600.jpeg"", ""https://images.bayut.eg/thumbnails/49109066-800x600.jpeg"", ""https://images.bayut.eg/thumbnails/49109067-800x600.jpeg""]",Off-Plan,Primary
https://www.bayut.eg/en/property/details-504029226.html,Bayut - 5000144-lxoFeX,504029226,Realm Properties,0%DP |luxurious twin house with panoramic view,Twin House,"Fully finished twinhouse just released in Makadi Heights on lagoon with sea view|Orascom Development. ***fully finished with kitchen and toilet cabinets***about unit:-3 bedroom-3 bathroom-reception-covered terrace-garden- fully finished with kitchen and toilet cabinetsfor more details:[redacted phone number]------------------------------------------------------------------------------------------From Orascom Sawaeris Company. It is a fully serviced city that provides you with all the essential and recreational aspects of life, resembling a new Gouna. Ultra-luxurious finishing. Overlooking the landscape with a distinctive elevation above the Red Sea, ensuring complete privacy and a panoramic view. Location: In the heart of Makadi Bay on the Red Sea coast. 15 minutes from Hurghada Airport - 30 minutes to Gouna. Makadi Heights Red Sea Project is one of the projects of “Orascom Development,” a global company based in Switzerland. It is a leading company in integrated destinations with 30 years of experience and a track record of sustainable development inside and outside Egypt, including hotels, villas, apartments, chalets, resorts, golf courses, marinas, and infrastructure. The company is also listed on the Swiss Stock Exchange. ------------------","Tawila, Gouna, Red Sea Twin Houses, Red Sea",20000000,EGP,3,3.0,Furnished,"Built in Kitchen Appliances, Furnished, Electricity Backup, Centrally Air-Conditioned, Central Heating, Water Meter, Double Glazed Windows, Storage Areas, Natural Gas, Landline, Central A/C & heating, First Aid Medical Center, Gym or Health Club, Facilities for Disabled, Swimming Pool, Jacuzzi, Sauna, Steam Room, Day Care Center, Kids Play Area, Lawn or Garden, Barbeque Area, Cafeteria or Canteen, Waste Disposal, Maintenance Staff, Cleaning Services, Business Center, Conference Room, Security Staff, CCTV Security, Shared Kitchen, Laundry Room, Laundry Facility, Broadband Internet, Satellite/Cable TV, Intercom, 24 Hours Concierge, Maids Room, Freehold",155 Sq. M.,Alaa Ahmed,"[""https://images.bayut.eg/thumbnails/49061843-800x600.jpeg"", ""https://images.bayut.eg/thumbnails/49061844-800x600.jpeg"", ""https://images.bayut.eg/thumbnails/49061845-800x600.jpeg"", ""https://images.bayut.eg/thumbnails/49061846-800x600.jpeg"", ""https://images.bayut.eg/thumbnails/49061847-800x600.jpeg"", ""https://images.bayut.eg/thumbnails/49061848-800x600.jpeg"", ""https://images.bayut.eg/thumbnails/49061849-800x600.jpeg"", ""https://images.bayut.eg/thumbnails/49061850-800x600.jpeg"", ""https://images.bayut.eg/thumbnails/49061851-800x600.jpeg"", ""https://images.bayut.eg/thumbnails/49061852-800x600.jpeg"", ""https://images.bayut.eg/thumbnails/49061853-800x600.jpeg"", ""https://images.bayut.eg/thumbnails/49061854-800x600.jpeg"", ""https://images.bayut.eg/thumbnails/49061855-800x600.jpeg"", ""https://images.bayut.eg/thumbnails/49061856-800x600.jpeg"", ""https://images.bayut.eg/thumbnails/49061857-800x600.jpeg"", ""https://images.bayut.eg/thumbnails/49061858-800x600.jpeg"", ""https://images.bayut.eg/thumbnails/49061859-800x600.jpeg"", ""https://images.bayut.eg/thumbnails/49061860-800x600.jpeg"", ""https://images.bayut.eg/thumbnails/49061861-800x600.jpeg"", ""https://images.bayut.eg/thumbnails/49061862-800x600.jpeg"", ""https://images.bayut.eg/thumbnails/49061863-800x600.jpeg"", ""https://images.bayut.eg/thumbnails/49061864-800x600.jpeg"", ""https://images.bayut.eg/thumbnails/49061865-800x600.jpeg"", ""https://images.bayut.eg/thumbnails/49061866-800x600.jpeg"", ""https://images.bayut.eg/thumbnails/49061867-800x600.jpeg"", ""https://images.bayut.eg/thumbnails/49061868-800x600.jpeg"", ""https://images.bayut.eg/thumbnails/49061869-800x600.jpeg""]",Off-Plan,Primary
https://www.bayut.eg/en/property/details-503713081.html,Bayut - 834-lha9zrfatma,503713081,4 C,For sale Middle townhouse 176m at the lowest price with Ready To Move in Azzar 2 Compound Fifth Settlement New Cairo,Townhouse,"For sale Middle townhouse 176 sqm at the lowest price with Ready To Move in Azzar 2 Compound Fifth Settlement New Cairo=================================Azzar 2Town house middleNew CairoBua :176mLand: 143m4 bedtooms4 Bathrooms==================================Dp: 11,200,000Total Price: 13,400,000","Azzar 2, 5th Settlement, New Cairo, Cairo",13400000,EGP,4,4.0,Unfurnished,"Covered parking, Pets Allowed, Electricity Meter, Service Elevators, First Aid Medical Center, Gym or Health Club, Day Care Center, Kids Play Area, Lawn or Garden, Cleaning Services, Security Staff, CCTV Security, Laundry Facility, Satellite/Cable TV",176 Sq. M.,Reham Emad,"[""https://images.bayut.eg/thumbnails/44896357-800x600.jpeg"", ""https://images.bayut.eg/thumbnails/44896358-800x600.jpeg"", ""https://images.bayut.eg/thumbnails/44896361-800x600.jpeg"", ""https://images.bayut.eg/thumbnails/44896360-800x600.jpeg"", ""https://images.bayut.eg/thumbnails/44896363-800x600.jpeg"", ""https://images.bayut.eg/thumbnails/44896359-800x600.jpeg"", ""https://images.bayut.eg/thumbnails/44896367-800x600.jpeg"", ""https://images.bayut.eg/thumbnails/44896362-800x600.jpeg"", ""https://images.bayut.eg/thumbnails/44896365-800x600.jpeg"", ""https://images.bayut.eg/thumbnails/44896366-800x600.jpeg""]",Off-Plan,Resale
https://www.bayut.eg/en/property/details-503991753.html,Bayut - am1,503991753,Relax Real estate,"Apartment with two bedrooms, 5 years installment in Majawish",Apartment,"For sale in MajawishOpportunity for sale in the upscale neighborhood of MajawishIn a very distinguished location on the main village roadIn front of Rixos Hotel and Mercure Hotel, and along the hotel roadMinutes from the airportMinutes from the tourist promenade and the banking districtLuxury compoundArea of 4500Olympic swimming pool extending along the projectChildren's swimming poolLarge external garageGymSpaCommercial area with a pharmacy, supermarket, bazaars, and other servicesSecurity and surveillance camerasProject management is hotel management at the highest levelFor communication: [redacted phone number]","Magawish Resort, Hurghada, Red Sea Apartments, Red Sea",3577000,EGP,2,1.0,Unfurnished,"Covered parking, Pets Allowed, Parking Spaces: 1, Electricity Meter, Water Meter, Balcony or Terrace, Completion Year: 1, Flooring, Total Floors: 5, Gym or Health Club, Swimming Pool, Kids Play Area, Lawn or Garden, Barbeque Area, Cafeteria or Canteen, Waste Disposal, Maintenance Staff, Cleaning Services, Security Staff, Laundry Facility, Broadband Internet, Satellite/Cable TV, Intercom, 24 Hours Concierge, Freehold",73 Sq. M.,Dr. Marian Afram,"[""https://images.bayut.eg/thumbnails/48474409-800x600.jpeg"", ""https://images.bayut.eg/thumbnails/48474404-800x600.jpeg"", ""https://images.bayut.eg/thumbnails/48474402-800x600.jpeg"", ""https://images.bayut.eg/thumbnails/48474403-800x600.jpeg"", ""https://images.bayut.eg/thumbnails/48474405-800x600.jpeg"", ""https://images.bayut.eg/thumbnails/48474406-800x600.jpeg"", ""https://images.bayut.eg/thumbnails/48474407-800x600.jpeg"", ""https://images.bayut.eg/thumbnails/48474408-800x600.jpeg"", ""https://images.bayut.eg/thumbnails/48474410-800x600.jpeg"", ""https://images.bayut.eg/thumbnails/48474411-800x600.jpeg"", ""https://images.bayut.eg/thumbnails/48474412-800x600.jpeg"", ""https://images.bayut.eg/thumbnails/48474413-800x600.jpeg"", ""https://images.bayut.eg/thumbnails/48474414-800x600.jpeg"", ""https://images.bayut.eg/thumbnails/48474415-800x600.jpeg"", ""https://images.bayut.eg/thumbnails/48474416-800x600.jpeg"", ""https://images.bayut.eg/thumbnails/48474417-800x600.jpeg"", ""https://images.bayut.eg/thumbnails/48474418-800x600.jpeg"", ""https://images.bayut.eg/thumbnails/48474419-800x600.jpeg""]",Off-Plan,Primary
https://www.bayut.eg/en/property/details-504010013.html,Bayut - 1016-IDSQax,504010013,Falcon Real Estate,"Apartment for the Taj City View compound, with a 50% discount.",Apartment,"Next to the JW Marriott and Mirage City, own a fantastic apartment with a 50% discount!Highest return on investment: a prime apartment in Taj City. Or pay a down payment and the rest in installments over a longer period. For more details or to visit the site, contact us by phone or WhatsApp[redacted phone number]","Taj City Compound, 1st Settlement, New Cairo, Cairo",3850000,EGP,1,1.0,Unfurnished,"Gym or Health Club, Swimming Pool, Day Care Center, Kids Play Area, Lawn or Garden, Barbeque Area, Cafeteria or Canteen",70 Sq. M.,naira,"[""https://images.bayut.eg/thumbnails/48819796-800x600.jpeg"", ""https://images.bayut.eg/thumbnails/48819790-800x600.jpeg"", ""https://images.bayut.eg/thumbnails/48819798-800x600.jpeg"", ""https://images.bayut.eg/thumbnails/48819800-800x600.jpeg"", ""https://images.bayut.eg/thumbnails/48819802-800x600.jpeg"", ""https://images.bayut.eg/thumbnails/48819804-800x600.jpeg"", ""https://images.bayut.eg/thumbnails/48819807-800x600.jpeg"", ""https://images.bayut.eg/thumbnails/48819809-800x600.jpeg"", ""https://images.bayut.eg/thumbnails/48819811-800x600.jpeg"", ""https://images.bayut.eg/thumbnails/48819812-800x600.jpeg""]",Off-Plan,Primary
https://www.bayut.eg/en/property/details-504013995.html,Bayut - 5001491-Ek6ste,504013995,Apart Investment,Luxury Villa First Row Fully Finished For Sale Over 10 Years -Lowest Downpayment - Azha- Madar- North Coast- For Sale,Chalet,"Azha North Coast – Luxury 4-Bedroom VillaBUA: 322 sqmBedrooms: 4Bathrooms: 5Finishing: Fully FinishedPayment Plan: Installments of up to 10 yearsAbout Azha North Coast {""fallbackMarkdown"":""Madaar Developments"",""reference"":{""alt"":""Madaar Developments"",""category"":""company"",""extra_params"":{""disambiguation"":""Egyptian real estate developer""},""name"":""Madaar Developments"",""prompt_text"":""Madaar Developments"",""status"":""done"",""type"":""entity""},""referenceKey"":""0"",""showLoginRequiredCard"":false} presents Azha North Coast, a high-end beachside resort located in the prestigious Ras El Hekma area. The resort offers a wide selection of upscale beach houses with different layouts, sizes, delivery dates, and price points. Designed to provide a luxurious summer lifestyle, Azha combines stunning natural surroundings with beautifully landscaped areas, water features, and a wide range of premium amenities. Azha North Coast is located at Kilo 214 of the International Coastal Road (Alexandria–Marsa Matrouh Road), offering convenient access to major destinations and attractions along the North Coast. Prime Location – Ras El HekmaAzha enjoys a strategic location in Ras El Hekma Bay, one of the most sought-after destinations on the North Coast. 10 minutes from Ras El Hekma Airport40 minutes from New Alamein and El Alamein International Airport50 minutes from Marsa Matrouh International AirportApproximately 2.5 hours from CairoKey HighlightsPremium location in Ras El HekmaFully finished 4-bedroom villaSpacious 322 sqm built-up area5 bathroomsFlexible payment plan of up to 10 yearsLandscaped surroundings and water featuresHigh-end resort amenitiesIdeal for both summer vacations and long-term investment","Azha, Ras Al Hekma, North Coast, Matruh Chalets, Matruh",49000000,EGP,4,5.0,Furnished,"Built in Kitchen Appliances, Furnished, Covered parking, Electricity Backup, Pets Allowed, Electricity Meter, Centrally Air-Conditioned, Sea view, Central Heating, Water Meter, Double Glazed Windows, Storage Areas, Natural Gas, Landline, Study Room, Central A/C & heating, Balcony or Terrace, Lobby in Building, Service Elevators, Prayer Room, Reception/Waiting Room, First Aid Medical Center, Gym or Health Club, Facilities for Disabled, Swimming Pool, Jacuzzi, Sauna, Steam Room, Day Care Center, Kids Play Area, Lawn or Garden, Barbeque Area, Cafeteria or Canteen, Waste Disposal, Maintenance Staff, Cleaning Services, Business Center, Conference Room, Security Staff, CCTV Security, Shared Kitchen, Laundry Room, Laundry Facility, Broadband Internet, Satellite/Cable TV, Intercom, ATM Facility, 24 Hours Concierge, Maids Room, Freehold",322 Sq. M.,Mayar Tarek,"[""https://images.bayut.eg/thumbnails/48858678-800x600.jpeg"", ""https://images.bayut.eg/thumbnails/48858679-800x600.jpeg"", ""https://images.bayut.eg/thumbnails/48858680-800x600.jpeg"", ""https://images.bayut.eg/thumbnails/48858681-800x600.jpeg"", ""https://images.bayut.eg/thumbnails/48858682-800x600.jpeg"", ""https://images.bayut.eg/thumbnails/48858683-800x600.jpeg"", ""https://images.bayut.eg/thumbnails/48858684-800x600.jpeg"", ""https://images.bayut.eg/thumbnails/48858685-800x600.jpeg"", ""https://images.bayut.eg/thumbnails/48858686-800x600.jpeg"", ""https://images.bayut.eg/thumbnails/48858687-800x600.jpeg"", ""https://images.bayut.eg/thumbnails/48858688-800x600.jpeg"", ""https://images.bayut.eg/thumbnails/48858689-800x600.jpeg"", ""https://images.bayut.eg/thumbnails/48858690-800x600.jpeg"", ""https://images.bayut.eg/thumbnails/48858691-800x600.jpeg"", ""https://images.bayut.eg/thumbnails/48858692-800x600.jpeg"", ""https://images.bayut.eg/thumbnails/48858693-800x600.jpeg"", ""https://images.bayut.eg/thumbnails/48858694-800x600.jpeg"", ""https://images.bayut.eg/thumbnails/48858695-800x600.jpeg"", ""https://images.bayut.eg/thumbnails/48858696-800x600.jpeg"", ""https://images.bayut.eg/thumbnails/48858697-800x600.jpeg"", ""https://images.bayut.eg/thumbnails/48858698-800x600.jpeg"", ""https://images.bayut.eg/thumbnails/48858699-800x600.jpeg"", ""https://images.bayut.eg/thumbnails/48858700-800x600.jpeg"", ""https://images.bayut.eg/thumbnails/48858701-800x600.jpeg"", ""https://images.bayut.eg/thumbnails/48858702-800x600.jpeg"", ""https://images.bayut.eg/thumbnails/48858703-800x600.jpeg"", ""https://images.bayut.eg/thumbnails/48858704-800x600.jpeg"", ""https://images.bayut.eg/thumbnails/48858705-800x600.jpeg"", ""https://images.bayut.eg/thumbnails/48858706-800x600.jpeg"", ""https://images.bayut.eg/thumbnails/48858707-800x600.jpeg"", ""https://images.bayut.eg/thumbnails/48858708-800x600.jpeg"", ""https://images.bayut.eg/thumbnails/48858709-800x600.jpeg"", ""https://images.bayut.eg/thumbnails/48858710-800x600.jpeg"", ""https://images.bayut.eg/thumbnails/48858711-800x600.jpeg""]",Off-Plan,Primary
https://www.bayut.eg/en/property/details-503863952.html,Bayut - 3-171,503863952,Mint Real estate,"Apartment for sale 171 sqm, 3-Bedroom open-view at 4ortysquare in the New Capital with 0% down payment and discount up to 30%.",Apartment,"Apartment for sale at 4ortysquare compound, New CapitalLocated in a prime location in the Investors’ area, directly overlooking the Diplomatic District. Own your 171 sqm apartment with an open, north-facing view and featuring:• 3 Bedrooms• 2 BathroomsEnjoy an exceptional lifestyle at 4ortysquare offering a wide range of recreational and social facilities including a 4-acre clubhouse, designed to provide residents with a fully integrated living experience. • Water Features• Gym• Kids’ Area• Padel Courts• 4-Acre club house• Commercial Strip• Underground Parking• Elevators• 24/7 Security and Surveillance Cameras• Nursery and more. SPECIAL LIMITED TIME OFFER VALID UNTIL AUG 14TH 2026 – 0% DOWNPAYMENT & AN EXCLUSIVE 30% DISCOUNT.","New Capital City, Cairo",4480000,EGP,3,2.0,Unfurnished,"First Aid Medical Center, Gym or Health Club, Swimming Pool, Day Care Center, Kids Play Area, Lawn or Garden, Barbeque Area, Cafeteria or Canteen",171 Sq. M.,Mariam Nabil,"[""https://images.bayut.eg/thumbnails/46812047-800x600.jpeg"", ""https://images.bayut.eg/thumbnails/46812049-800x600.jpeg"", ""https://images.bayut.eg/thumbnails/46812050-800x600.jpeg"", ""https://images.bayut.eg/thumbnails/46812052-800x600.jpeg"", ""https://images.bayut.eg/thumbnails/46812053-800x600.jpeg"", ""https://images.bayut.eg/thumbnails/46812055-800x600.jpeg"", ""https://images.bayut.eg/thumbnails/46812056-800x600.jpeg"", ""https://images.bayut.eg/thumbnails/46812057-800x600.jpeg"", ""https://images.bayut.eg/thumbnails/46812059-800x600.jpeg"", ""https://images.bayut.eg/thumbnails/46812060-800x600.jpeg""]",Off-Plan,Primary
https://www.bayut.eg/en/property/details-504018384.html,Bayut - 5000410-uzXXSp,504018384,Egypt Best Properties (EBP),Standalone Villa For Sale With Palm Hills In October,Villa,"Villa For Sale with Down Payment 1.5% ! and you can take discount up to 43% depend on installment sheetinstallments From 6 Years to 12 YearsPalm Hills Developments presents Badya Palm Hills — one of Egypt’s most ambitious smart and sustainable cities, designed to redefine modern living in West Cairo. BADYA is not just a residential compound… it is a fully integrated creative city built for people who seek innovation, luxury, wellness, and connection. Spread across more than 3,000 acres, the project combines smart infrastructure, green landscapes, world-class facilities, and contemporary architecture into one futuristic destination. Prime LocationStrategically located in the heart of New 6th of October City on Al Wahat Road, BADYA acts as the gateway connecting East and West Cairo. The project enjoys direct accessibility through major roads including:26th of July CorridorAl Wahat RoadMiddle Ring RoadZewail RoadNearby landmarks include:Grand Egyptian MuseumThe Pyramids of GizaSphinx International AirportMall of EgyptThis central positioning makes BADYA one of the most connected future cities in EgyptAbout the DeveloperPalm Hills Developments is one of the leading real estate developers in Egypt, established to create self-sufficient and integrated communities. The company has delivered landmark projects across:West CairoEast CairoNorth CoastRed SeaPalm Hills is known for:Premium quality constructionInnovative urban planningLuxury lifestyle communitiesStrong investment valueThe company is listed on both the Egyptian and London Stock Exchanges. The Vision Behind BADYABADYA was created around the philosophy of the “3Cs”:ConsciousA sustainable green city focused on reducing:Energy consumptionWater usageWaste productionCarbon footprintCognitiveEgypt’s first cognitive city using:Smart technologiesIntelligent lighting systemsAI-driven infrastructureSmart security and monitoring systemsConnectedA fully integrated city where residents can enjoy everything within minutes:EducationHealthcareSportsEntertainmentRetailBusiness hubsFacilities & AmenitiesBADYA delivers a complete lifestyle experience through exceptional facilities designed for every family member. Educational FacilitiesInternational schoolsNational schoolsInternational universityEducational hospitalSports & Wellness85-acre sports clubFootball & tennis courtsCycling lanesJogging tracksFitness centersHorse riding stablesSmart Living FeaturesSmart parking systemsIntelligent street lightingDigital community management appSustainable energy systemsEntertainment & LeisureClubhousesRetail districtsRestaurants & cafésGreen parksWater featuresFamily entertainment zonesHealthcare ServicesMedical centersEducational hospitalWellness clinicsResidential OptionsBADYA offers a wide range of residences including:ApartmentsPenthousesTownhousesTwin housesStandalone villasWhy BADYA?Because it is more than a home…It is a destination where creativity meets sustainability, and technology blends with luxury. BADYA was designed for future generations — a city that inspires innovation, healthy living, and a vibrant community lifestyle. Smart LivingGreen EnvironmentPremium LifestyleStrategic LocationStrong Investment Opportunity","Badya Palm Hills Compound, 6th of October, Giza Villas, Giza",12000000,EGP,4,4.0,Unfurnished,"Built in Kitchen Appliances, Furnished, Covered parking, Electricity Backup, Pets Allowed, Electricity Meter, Centrally Air-Conditioned, Sea view, Central Heating, Water Meter, Double Glazed Windows, Storage Areas, Natural Gas, Landline, Study Room, Central A/C & heating, Balcony or Terrace, Lobby in Building, Service Elevators, Prayer Room, First Aid Medical Center, Gym or Health Club, Facilities for Disabled, Swimming Pool, Jacuzzi, Sauna, Steam Room, Day Care Center, Kids Play Area, Lawn or Garden, Barbeque Area, Cafeteria or Canteen, Waste Disposal, Maintenance Staff, Cleaning Services, Business Center, Conference Room, Security Staff, CCTV Security, Shared Kitchen, Laundry Room, Laundry Facility, Broadband Internet, Satellite/Cable TV, Intercom, ATM Facility, 24 Hours Concierge, Maids Room, Freehold",255 Sq. M.,Bahaa Mohamed,"[""https://images.bayut.eg/thumbnails/48907062-800x600.jpeg"", ""https://images.bayut.eg/thumbnails/48907063-800x600.jpeg"", ""https://images.bayut.eg/thumbnails/48907064-800x600.jpeg"", ""https://images.bayut.eg/thumbnails/48907065-800x600.jpeg"", ""https://images.bayut.eg/thumbnails/48907066-800x600.jpeg"", ""https://images.bayut.eg/thumbnails/48907067-800x600.jpeg"", ""https://images.bayut.eg/thumbnails/48907105-800x600.jpeg"", ""https://images.bayut.eg/thumbnails/48907106-800x600.jpeg"", ""https://images.bayut.eg/thumbnails/48907107-800x600.jpeg"", ""https://images.bayut.eg/thumbnails/48907108-800x600.jpeg"", ""https://images.bayut.eg/thumbnails/48907109-800x600.jpeg"", ""https://images.bayut.eg/thumbnails/48907110-800x600.jpeg""]",Off-Plan,Primary
https://www.bayut.eg/en/property/details-504017795.html,Bayut - MK-PatioTownQuadro,504017795,Global holding,Get Quadro Villa Fully Finished In Patio Town New Cairo Next to Mivida and Auc By Discount 7 Million Now,Villa,"Villa Fully Finished By 7 million Off In PatioTownVilla for sale in El Patio Town, 5th Settlement CompoundsVilla for sale at a special price in La Vista, Patio Town, Fifth Settlement - Patio TownNear Hyde Park Compound , Mivida , and AUCArea: 240 sqmLand Area: 220 sqm( FULLY FINISHED )Villa-only compoundPrime location in the heart of Fifth SettlementDirectly next to the American University in Cairo (AUC)Directly behind Patio 7Fully serviced compound25% cash discount for a limited timeOr pay 3,700,000 EGP and the rest in installments over 7 years with no interestFor inquiries and viewing: [redacted phone number] (Calls + WhatsApp)","Patio Town Compound, 5th Settlement, New Cairo, Cairo",27000000,EGP,4,4.0,Unfurnished,"Covered parking, Balcony or Terrace, Gym or Health Club, Swimming Pool, Kids Play Area, Lawn or Garden, Barbeque Area, Security Staff",240 Sq. M.,Mariam Khaled,"[""https://images.bayut.eg/thumbnails/48901139-800x600.jpeg"", ""https://images.bayut.eg/thumbnails/48901140-800x600.jpeg"", ""https://images.bayut.eg/thumbnails/48901141-800x600.jpeg"", ""https://images.bayut.eg/thumbnails/48901142-800x600.jpeg"", ""https://images.bayut.eg/thumbnails/48901143-800x600.jpeg"", ""https://images.bayut.eg/thumbnails/48901144-800x600.jpeg"", ""https://images.bayut.eg/thumbnails/48901145-800x600.jpeg"", ""https://images.bayut.eg/thumbnails/48901146-800x600.jpeg"", ""https://images.bayut.eg/thumbnails/48901147-800x600.jpeg"", ""https://images.bayut.eg/thumbnails/48901148-800x600.jpeg"", ""https://images.bayut.eg/thumbnails/48901149-800x600.jpeg""]",Off-Plan,Primary
https://www.bayut.eg/en/property/details-504014686.html,Bayut - 5000144-dLJnXG,504014686,Realm Properties,family house finished 3%DP cash price with installments | palm hills new cairo,Villa,"Now's your chance! If you're looking for an ideal lifestyle and a rewarding investment in a prime, luxurious location with all services and amenities:- Easy and flexible payment plan- Competitive prices- Reputable developer- Proven track record- Lowest down payment for the lowest price- Prime and easily accessible location- Comprehensive services---------------------------------------------------Unit Details:4 room4 toiletnanny roomkitchenlivingreceptionterraceroof-------------------------------------------","Palm Hills New Cairo Compound, 5th Settlement, New Cairo, Cairo",18500000,EGP,4,4.0,Unfurnished,"Built in Kitchen Appliances, Furnished, Covered parking, Electricity Backup, Pets Allowed, Electricity Meter, Centrally Air-Conditioned, Sea view, Central Heating, Water Meter, Double Glazed Windows, Storage Areas, Natural Gas, Landline, Study Room, Central A/C & heating, Balcony or Terrace, Lobby in Building, Service Elevators, Prayer Room, Reception/Waiting Room, First Aid Medical Center, Gym or Health Club, Facilities for Disabled, Swimming Pool, Jacuzzi, Sauna, Steam Room, Day Care Center, Kids Play Area, Lawn or Garden, Barbeque Area, Cafeteria or Canteen, Waste Disposal, Maintenance Staff, Cleaning Services, Business Center, Conference Room, Security Staff, CCTV Security, Shared Kitchen, Laundry Room, Laundry Facility, Broadband Internet, Satellite/Cable TV, Intercom, ATM Facility, 24 Hours Concierge, Maids Room, Freehold",194 Sq. M.,Habiba Darwish,"[""https://images.bayut.eg/thumbnails/48861243-800x600.jpeg"", ""https://images.bayut.eg/thumbnails/48861244-800x600.jpeg"", ""https://images.bayut.eg/thumbnails/48861245-800x600.jpeg"", ""https://images.bayut.eg/thumbnails/48861246-800x600.jpeg"", ""https://images.bayut.eg/thumbnails/48861247-800x600.jpeg"", ""https://images.bayut.eg/thumbnails/48861248-800x600.jpeg"", ""https://images.bayut.eg/thumbnails/48861249-800x600.jpeg"", ""https://images.bayut.eg/thumbnails/48861250-800x600.jpeg"", ""https://images.bayut.eg/thumbnails/48861251-800x600.jpeg"", ""https://images.bayut.eg/thumbnails/48861252-800x600.jpeg"", ""https://images.bayut.eg/thumbnails/48861253-800x600.jpeg"", ""https://images.bayut.eg/thumbnails/48861254-800x600.jpeg"", ""https://images.bayut.eg/thumbnails/48861255-800x600.jpeg"", ""https://images.bayut.eg/thumbnails/48861256-800x600.jpeg"", ""https://images.bayut.eg/thumbnails/48861257-800x600.jpeg"", ""https://images.bayut.eg/thumbnails/48861258-800x600.jpeg"", ""https://images.bayut.eg/thumbnails/48861259-800x600.jpeg""]",Off-Plan,Primary
https://www.bayut.eg/en/property/details-504017033.html,Bayut - 1016-RG5Vnk,504017033,Falcon Real Estate,"amazing apartment 148 sqm for sale at Modon Ras El Hekma, North Coast. It features a spectacular view of the marina and the golf course and is e",Apartment,"A truly distinctive phase is now available at **Marina Water Residence**—Located at a prime tourism hotspot in Ras El Hekma, Egypt—Situated right by the water within Egypt and the North Coast’s premier international marina (part of the Emirati ""Modon"" project). 2 bedroom apartment is now available—""In a spectacular waterfront location "" Panoramic Marina View + Golf Course "" wow !!!unit area total area 148 (SQM)internal area : 136mteraace area 12.12 master bedroooms+ maids room + maids bathroomDimention details "" 2 balcony ( one in master bedrooom + one with living area ) = amazing view1 - master bedroom1 "" master walk-in closet + master bathroom ""2 - laundry + powder room3- corridor4 master bedroom 2 + master bathroom5 living areakitche with dinning roomFully finished unit featuring a panoramic terrace, including:• Air conditioning units• Water heaters• Kitchen cabinetry• Bedroom wardrobes• Private parking• Direct marina viewsFlexible payment plan + early handover + easy installment For inquiries and contact, call [redacted phone number] now.","Modon, Ras Al Hekma, North Coast, Matruh Apartments, Matruh",25000000,EGP,2,2.0,Furnished,"Built in Kitchen Appliances, Lobby in Building, Prayer Room, First Aid Medical Center, Gym or Health Club, Swimming Pool, Jacuzzi, Sauna, Steam Room, Day Care Center, Kids Play Area, Lawn or Garden, Barbeque Area, Cafeteria or Canteen, Shared Kitchen, Laundry Room, Laundry Facility",148 Sq. M.,Maryam Mohamed Abd Elaziz,"[""https://images.bayut.eg/thumbnails/48892506-800x600.jpeg"", ""https://images.bayut.eg/thumbnails/48892508-800x600.jpeg"", ""https://images.bayut.eg/thumbnails/48892509-800x600.jpeg"", ""https://images.bayut.eg/thumbnails/48892510-800x600.jpeg"", ""https://images.bayut.eg/thumbnails/48892511-800x600.jpeg"", ""https://images.bayut.eg/thumbnails/48892512-800x600.jpeg"", ""https://images.bayut.eg/thumbnails/48892513-800x600.jpeg"", ""https://images.bayut.eg/thumbnails/48892514-800x600.jpeg"", ""https://images.bayut.eg/thumbnails/48892515-800x600.jpeg"", ""https://images.bayut.eg/thumbnails/48892516-800x600.jpeg"", ""https://images.bayut.eg/thumbnails/48892517-800x600.jpeg"", ""https://images.bayut.eg/thumbnails/48892518-800x600.jpeg"", ""https://images.bayut.eg/thumbnails/48892519-800x600.jpeg"", ""https://images.bayut.eg/thumbnails/48892520-800x600.jpeg"", ""https://images.bayut.eg/thumbnails/48892521-800x600.jpeg"", ""https://images.bayut.eg/thumbnails/48892522-800x600.jpeg"", ""https://images.bayut.eg/thumbnails/48892523-800x600.jpeg"", ""https://images.bayut.eg/thumbnails/48892524-800x600.jpeg"", ""https://images.bayut.eg/thumbnails/48892525-800x600.jpeg"", ""https://images.bayut.eg/thumbnails/48892526-800x600.jpeg"", ""https://images.bayut.eg/thumbnails/48892527-800x600.jpeg"", ""https://images.bayut.eg/thumbnails/48892528-800x600.jpeg"", ""https://images.bayut.eg/thumbnails/48892529-800x600.jpeg"", ""https://images.bayut.eg/thumbnails/48892530-800x600.jpeg"", ""https://images.bayut.eg/thumbnails/48892531-800x600.jpeg"", ""https://images.bayut.eg/thumbnails/48892532-800x600.jpeg"", ""https://images.bayut.eg/thumbnails/48892533-800x600.jpeg"", ""https://images.bayut.eg/thumbnails/48892534-800x600.jpeg"", ""https://images.bayut.eg/thumbnails/48892535-800x600.jpeg"", ""https://images.bayut.eg/thumbnails/48892536-800x600.jpeg"", ""https://images.bayut.eg/thumbnails/48892537-800x600.jpeg"", ""https://images.bayut.eg/thumbnails/48892538-800x600.jpeg"", ""https://images.bayut.eg/thumbnails/48892539-800x600.jpeg"", ""https://images.bayut.eg/thumbnails/48892540-800x600.jpeg"", ""https://images.bayut.eg/thumbnails/48892541-800x600.jpeg""]",Off-Plan,Primary
https://www.bayut.eg/en/property/details-503723010.html,Bayut - 1016-g4OEIV,503723010,Falcon Real Estate,With 64% Discount Own a Fully Finished Townhouse Villa Walled With New Giza & Sodic East Beside Al Shourouk Carrefour in Talala New Heliopolis .,Townhouse,"64% Discount – Own a Fully Finished Townhouse Villa in New HeliopolisLocated next to New Giza and Sodic East, near Carrefour El Shorouk, the Middle Ring Road, and Nasr City — or pay in installments up to 15 yearsA project by Madinet Masr for Housing & Development (MMHD)Finishing video availableArea: 173 sqmLayout: 3 bedrooms + 3 bathrooms + living room + double reception + American kitchen + terrace + private gardenTotal price: EGP 6,120,000Cash discount: 64%Multiple payment plans available up to 15 years with a 5% down paymentFor more details and reservation, please call: [redacted phone number]Or leave your number and you will be contacted as soon as possible with full details.","Talala, New Heliopolis, Cairo",6120000,EGP,3,3.0,Unfurnished,"Built in Kitchen Appliances, Covered parking, Electricity Backup, Pets Allowed, Electricity Meter, Centrally Air-Conditioned, Central Heating, Water Meter, Double Glazed Windows, Storage Areas, Natural Gas, Landline, Central A/C & heating, Balcony or Terrace, Lobby in Building, Reception/Waiting Room, First Aid Medical Center, Gym or Health Club, Facilities for Disabled, Swimming Pool, Jacuzzi, Sauna, Steam Room, Day Care Center, Kids Play Area, Lawn or Garden, Barbeque Area, Cafeteria or Canteen, Waste Disposal, Maintenance Staff, Cleaning Services, Business Center, Conference Room, Security Staff, CCTV Security, Shared Kitchen, Laundry Room, Laundry Facility, Broadband Internet, Satellite/Cable TV, Intercom, 24 Hours Concierge, Maids Room, Freehold",173 Sq. M.,Youssef Kamel,"[""https://images.bayut.eg/thumbnails/47494730-800x600.jpeg"", ""https://images.bayut.eg/thumbnails/47494740-800x600.jpeg"", ""https://images.bayut.eg/thumbnails/47494817-800x600.jpeg"", ""https://images.bayut.eg/thumbnails/47494877-800x600.jpeg"", ""https://images.bayut.eg/thumbnails/47494912-800x600.jpeg"", ""https://images.bayut.eg/thumbnails/47494966-800x600.jpeg"", ""https://images.bayut.eg/thumbnails/47494987-800x600.jpeg"", ""https://images.bayut.eg/thumbnails/47495020-800x600.jpeg"", ""https://images.bayut.eg/thumbnails/47495045-800x600.jpeg"", ""https://images.bayut.eg/thumbnails/47495065-800x600.jpeg""]",Off-Plan,Primary
https://www.bayut.eg/en/property/details-504017829.html,Bayut - 5000410-cWwWdW,504017829,Egypt Best Properties (EBP),New Launch!! One Story Villa_3 Bedrooms_Prime Location_Full Lagoons & Sea View_Fully Finished+A. C's @ CAESER_SODIC_NORTH COAST,Villa,"Developer: SODICProject: CEASERUnit Details:Number of Bedrooms: 3 + Nanny's RoomNumber Of Bathrooms: 4Area: 190 msq+ 150m GardenTo More Informations: [redacted phone number]Caesar Sodic VillageIt is one of SODIC 's most prestigious luxury coastal projects , located in the heart of Ras El Hekma Bay on the North Coast . The project features a unique design based on a terraced system to ensure a full panoramic sea view for all units. Geographic locationLocation : Kilometer 200 on the Alexandria-Marsa Matrouh coastal road. Area : Ras El Hekma Bay. Nearby landmarks : It is located near the Dabaa Road, the new Fouka Road, and Alamein International AirportMaster plan and servicesThe beach : A sandy beachfront stretching 1.2 kilometers along the Mediterranean Sea. Water areas : It includes more than 20,000 square meters of swimmable crystal lagoons. MATCHA Zone : A commercial and entertainment center featuring restaurants, cafes, a supermarket, and co-working spaces. Good Days Hotel : Luxury hotel apartments offering outstanding accommodation services within the village. Sports activities : A 6-hole boutique golf course, cycling trails, and tennis courts. #CaesarSodic#SODIC#CaesarNorthCoast#NorthCoastEgypt#RasElHekma#RasElHekmaBay#LuxuryLiving#LuxuryRealEstate#SeaView#PanoramicSeaView#BeachfrontLiving#CrystalLagoons#MediterraneanLiving#CoastalLiving#LuxuryChalet#VacationHome#EgyptRealEstate#NorthCoastProperties#SodicProjects#InvestInEgypt","Caesar Island, Ras Al Hekma, North Coast, Matruh Villas, Matruh",26500000,EGP,3,4.0,Furnished,"Furnished, Covered parking, Electricity Backup, Pets Allowed, Electricity Meter, Centrally Air-Conditioned, Sea view, Central Heating, Water Meter, Double Glazed Windows, Storage Areas, Natural Gas, Landline, Study Room, Central A/C & heating, Balcony or Terrace, Lobby in Building, Service Elevators, Reception/Waiting Room, First Aid Medical Center, Gym or Health Club, Facilities for Disabled, Swimming Pool, Jacuzzi, Sauna, Steam Room, Day Care Center, Kids Play Area, Lawn or Garden, Barbeque Area, Cafeteria or Canteen, Waste Disposal, Maintenance Staff, Cleaning Services, Business Center, Conference Room, Security Staff, CCTV Security, Broadband Internet, Satellite/Cable TV, Intercom, ATM Facility, 24 Hours Concierge, Maids Room, Freehold",190 Sq. M.,Nourhan Saber Youssef,"[""https://images.bayut.eg/thumbnails/48901456-800x600.jpeg"", ""https://images.bayut.eg/thumbnails/48901457-800x600.jpeg"", ""https://images.bayut.eg/thumbnails/48901458-800x600.jpeg"", ""https://images.bayut.eg/thumbnails/48901459-800x600.jpeg"", ""https://images.bayut.eg/thumbnails/48901460-800x600.jpeg"", ""https://images.bayut.eg/thumbnails/48901461-800x600.jpeg"", ""https://images.bayut.eg/thumbnails/48901462-800x600.jpeg"", ""https://images.bayut.eg/thumbnails/48901463-800x600.jpeg"", ""https://images.bayut.eg/thumbnails/48901464-800x600.jpeg"", ""https://images.bayut.eg/thumbnails/48901465-800x600.jpeg"", ""https://images.bayut.eg/thumbnails/48901466-800x600.jpeg"", ""https://images.bayut.eg/thumbnails/48901467-800x600.jpeg"", ""https://images.bayut.eg/thumbnails/48901468-800x600.jpeg"", ""https://images.bayut.eg/thumbnails/48901469-800x600.jpeg"", ""https://images.bayut.eg/thumbnails/48901470-800x600.jpeg"", ""https://images.bayut.eg/thumbnails/48901471-800x600.jpeg"", ""https://images.bayut.eg/thumbnails/48901472-800x600.jpeg"", ""https://images.bayut.eg/thumbnails/48901473-800x600.jpeg"", ""https://images.bayut.eg/thumbnails/48901474-800x600.jpeg"", ""https://images.bayut.eg/thumbnails/48901475-800x600.jpeg"", ""https://images.bayut.eg/thumbnails/48901476-800x600.jpeg"", ""https://images.bayut.eg/thumbnails/48901477-800x600.jpeg"", ""https://images.bayut.eg/thumbnails/48901478-800x600.jpeg"", ""https://images.bayut.eg/thumbnails/48901479-800x600.jpeg"", ""https://images.bayut.eg/thumbnails/48901480-800x600.jpeg"", ""https://images.bayut.eg/thumbnails/48901481-800x600.jpeg"", ""https://images.bayut.eg/thumbnails/48901482-800x600.jpeg"", ""https://images.bayut.eg/thumbnails/48901483-800x600.jpeg"", ""https://images.bayut.eg/thumbnails/48901484-800x600.jpeg""]",Off-Plan,Primary
https://www.bayut.eg/en/property/details-504014559.html,Bayut - 6420-WOyGjN,504014559,Horizon Real Estate,A 67-meter seaside chalet in Porto Golf Marina with finishing,Chalet,"In the heart of New Alamein, Porto Golf MarinaNext to New Al-Mashaya and the New GateAvailability of parkingChalet of 67 meters with a distinctive layoutTwo bedrooms - reception - bathroom - kitchen - terraceTotal price of the unit: 3,220,00010% upfront: 322,000And comfortable installments over 4 yearsWith complete finishingProject advantages:Prime location within Porto Golf Resort. Direct and distinguished views of the golf course and green spaces. Modern designs and upscale finishes. Various areas suitable for residence and investment. Presence of integrated services and facilities within the project. Swimming pools and recreational areas. Wide green spaces, privacy, and tranquility. Restaurants, cafes, and commercial and service areas. Suitable for spending vacations and year-round residence. A good opportunity for investment, resale, or rental. Security and guard services around the clock. Proximity to the main roads and vital areas.","Golf Porto Marina, Alamein, North Coast, Matruh Chalets, Matruh",3220000,EGP,2,1.0,Unfurnished,"Covered parking, Electricity Meter, Balcony or Terrace, First Aid Medical Center, Gym or Health Club, Swimming Pool, Jacuzzi, Sauna, Steam Room, Day Care Center, Kids Play Area, Lawn or Garden, Barbeque Area, Cafeteria or Canteen",67 Sq. M.,Kholoud Ahmed,"[""https://images.bayut.eg/thumbnails/48859578-800x600.jpeg"", ""https://images.bayut.eg/thumbnails/48859579-800x600.jpeg"", ""https://images.bayut.eg/thumbnails/48859592-800x600.jpeg"", ""https://images.bayut.eg/thumbnails/48859593-800x600.jpeg"", ""https://images.bayut.eg/thumbnails/48859594-800x600.jpeg"", ""https://images.bayut.eg/thumbnails/48859595-800x600.jpeg"", ""https://images.bayut.eg/thumbnails/48859596-800x600.jpeg"", ""https://images.bayut.eg/thumbnails/48859597-800x600.jpeg"", ""https://images.bayut.eg/thumbnails/48859598-800x600.jpeg"", ""https://images.bayut.eg/thumbnails/48859599-800x600.jpeg"", ""https://images.bayut.eg/thumbnails/48859600-800x600.jpeg"", ""https://images.bayut.eg/thumbnails/48859601-800x600.jpeg"", ""https://images.bayut.eg/thumbnails/48859602-800x600.jpeg"", ""https://images.bayut.eg/thumbnails/48859603-800x600.jpeg"", ""https://images.bayut.eg/thumbnails/48859604-800x600.jpeg"", ""https://images.bayut.eg/thumbnails/48859605-800x600.jpeg"", ""https://images.bayut.eg/thumbnails/48859606-800x600.jpeg"", ""https://images.bayut.eg/thumbnails/48859607-800x600.jpeg"", ""https://images.bayut.eg/thumbnails/48859608-800x600.jpeg""]",Off-Plan,Primary
https://www.bayut.eg/en/property/details-503937172.html,Bayut - P/P138DWA9,503937172,New Avenue,Luxurious Twin House for Sale in Direction White Ras El Hekma by Arabella Developments 10% Down Payment,Twin House,"Twin House in Direction White – Ras El Hekma, Arabella DevelopmentsLocation: KM 192, Ras El Hekma, North CoastDelivery 2028Fully Finished | View: Panoramic View of Mediterranean Sea & Crystal LagoonsArea: 258 SQM + Garden Area: 180 SQM4 Bedrooms + 5 Bathrooms + Maid's RoomTotal Price: 61,000,000 EGP10% Down Payment & Installments over 7 Years-----------------------------------------------------------Direction White is an exclusive 290-acre coastal resort developed by Arabella Developments in the heart of Ras El Hekma. Built on elevated wave-like terraces, the project features a 600-meter private beachfront along with 80% dedicated greenery and water features. Residents enjoy panoramic Mediterranean sea views, world-class amenities, and luxury hospitality facilities. Project Highlights• Elevated wave-like terraces providing open sea views for all units• 600-meter private sandy beach with exclusive beach club facilities• Expansive crystal lagoons and 80% dedicated green landscape• 5-Star luxury boutique hotel and premium commercial district• Underground parking, clubhouse, and full sports facilitiesAll units are delivered fully finished including air conditioners and kitchen cabinets. --------------------------------About the DeveloperArabella Developments is a premier real estate developer in Egypt with over two decades of expertise. Renowned for signature luxury projects such as Arabella Plaza and Arabella Compound in New Cairo, the company delivers high construction quality, architectural elegance, and strong investment value.","Direction White, Ras Al Hekma, North Coast, Matruh Twin Houses, Matruh",61000000,EGP,4,5.0,Unfurnished,"Covered parking, Electricity Meter, Sea view, Water Meter, Landline, Central A/C & heating, Balcony or Terrace, First Aid Medical Center, Gym or Health Club, Swimming Pool, Day Care Center, Lawn or Garden, Cafeteria or Canteen, Waste Disposal, Maintenance Staff, Cleaning Services, Security Staff, CCTV Security, Broadband Internet, Satellite/Cable TV, Intercom, Maids Room",258 Sq. M.,Site settings,"[""https://images.bayut.eg/thumbnails/48345765-800x600.jpeg"", ""https://images.bayut.eg/thumbnails/48345766-800x600.jpeg"", ""https://images.bayut.eg/thumbnails/48345767-800x600.jpeg"", ""https://images.bayut.eg/thumbnails/48345768-800x600.jpeg"", ""https://images.bayut.eg/thumbnails/48345769-800x600.jpeg"", ""https://images.bayut.eg/thumbnails/48345770-800x600.jpeg"", ""https://images.bayut.eg/thumbnails/48345771-800x600.jpeg"", ""https://images.bayut.eg/thumbnails/48345772-800x600.jpeg"", ""https://images.bayut.eg/thumbnails/48345773-800x600.jpeg"", ""https://images.bayut.eg/thumbnails/48345774-800x600.jpeg"", ""https://images.bayut.eg/thumbnails/48345775-800x600.jpeg"", ""https://images.bayut.eg/thumbnails/48345776-800x600.jpeg"", ""https://images.bayut.eg/thumbnails/48345777-800x600.jpeg"", ""https://images.bayut.eg/thumbnails/48345778-800x600.jpeg"", ""https://images.bayut.eg/thumbnails/48345779-800x600.jpeg"", ""https://images.bayut.eg/thumbnails/48345780-800x600.jpeg"", ""https://images.bayut.eg/thumbnails/48345781-800x600.jpeg"", ""https://images.bayut.eg/thumbnails/48345782-800x600.jpeg"", ""https://images.bayut.eg/thumbnails/48345783-800x600.jpeg"", ""https://images.bayut.eg/thumbnails/48345784-800x600.jpeg"", ""https://images.bayut.eg/thumbnails/48345785-800x600.jpeg"", ""https://images.bayut.eg/thumbnails/48345786-800x600.jpeg"", ""https://images.bayut.eg/thumbnails/48345787-800x600.jpeg"", ""https://images.bayut.eg/thumbnails/48345788-800x600.jpeg"", ""https://images.bayut.eg/thumbnails/48345789-800x600.jpeg"", ""https://images.bayut.eg/thumbnails/48345790-800x600.jpeg""]",Off-Plan,Primary
https://www.bayut.eg/en/property/details-503481380.html,Bayut - 5000821-6WisAh,503481380,B Agency,"Furnished chalet in Sidi Abdel Rahman, North Coast, with a view of the swimming pool.",Chalet,"Chalet for sale (90 sq m + 50 sq m roof terrace) in the North CoastSidi Abdel Rahman- 2 bedrooms, small reception room, 2 bathrooms, kitchen- Delivery within one year- Fully furnished and finishedFor more details and floor plan, please contact us via the number provided (call or WhatsApp).","North Coast, Matruh Chalets, Matruh",7130000,EGP,2,2.0,Furnished,"Furnished, Sea view, Gym or Health Club, Swimming Pool, Jacuzzi, Sauna, Steam Room, Kids Play Area, Waste Disposal, Maintenance Staff, Cleaning Services, Security Staff",90 Sq. M.,Mona Mohamed,"[""https://images.bayut.eg/thumbnails/41986706-800x600.jpeg"", ""https://images.bayut.eg/thumbnails/41986707-800x600.jpeg"", ""https://images.bayut.eg/thumbnails/41986708-800x600.jpeg"", ""https://images.bayut.eg/thumbnails/41986709-800x600.jpeg"", ""https://images.bayut.eg/thumbnails/41986710-800x600.jpeg"", ""https://images.bayut.eg/thumbnails/41986711-800x600.jpeg"", ""https://images.bayut.eg/thumbnails/41986712-800x600.jpeg"", ""https://images.bayut.eg/thumbnails/41986713-800x600.jpeg"", ""https://images.bayut.eg/thumbnails/41986714-800x600.jpeg"", ""https://images.bayut.eg/thumbnails/41986715-800x600.jpeg""]",Off-Plan,Primary
https://www.bayut.eg/en/property/details-503722574.html,Bayut - 10345-xgP8ri,503722574,Capital Agency,Fully finished apartment for sale ready for immediate occupancy in the prestigious Mian Compound in Shorouk City Only 10% down payment,Apartment,"**STM Developments, a real estate development company, is re-entering the market after the success of its Mayan New Cairo project. Now, the company is launching Mayan El Shorouk compound. Since STM Developments announced its new project in El Shorouk, located on Mohamed Naguib Axis and the Suez Road, the news has been widely discussed on social media, as STM Developments offers highly competitive prices. **** Opposite Madinaty and Open Air Mall*** 36 acres - 68 buildings* Fully finished units__________________________________** Unit Specifications:**- Building area: 93 square meters- 2 bedrooms- 2 bathrooms- Large reception area- Kitchen__________________________________** Services and Features:*** Security personnel are deployed throughout the compound, especially at entrances and exits, in addition to advanced surveillance cameras that monitor all movements. * * Medical clinics in Mayan Compound, Suez Road, operate around the clock with a team of highly qualified specialist doctors. * Spacious underground parking garages beneath the project's buildings help prevent traffic congestion on main streets and provide charging for electric vehicles when needed. * A state-of-the-art maintenance center in Mayan Compound, Fifth Settlement, handles all repairs. * A fully equipped gym with a wide range of exercise equipment. * A large and vibrant social club offering fun recreational activities suitable for all ages. * A large food court in Mayan Compound, managed by STM, offers delicious and unique dishes to suit all tastes. * High-end retail outlets offering brands and labels to suit discerning tastes at competitive prices. __________________________________** Location:American University in Cairo (AUC) is just 15 minutes away. * Located on Mohamed Naguib Axis and the Suez Road, specifically opposite Rehab City Gate 13, Mayan New Cairo Compound is approximately 10 minutes away from the American University in Cairo. The New Administrative Capital is about 20 minutes from the STM Shorouk project. Cairo International Airport is located near your future home, less than 10 minutes away. __________________________________** Total Price:- Price: 5,100,000 EGP- Installments over the longest repayment period. __________________________________For more information, contact us at: [redacted phone number]","Mayan, Shorouk City, Cairo",5100000,EGP,2,2.0,Unfurnished,"Covered parking, Balcony or Terrace, Gym or Health Club, Swimming Pool, Jacuzzi, Sauna, Steam Room, Kids Play Area, Lawn or Garden",93 Sq. M.,Nourhan Mostafa,"[""https://images.bayut.eg/thumbnails/45364786-800x600.jpeg"", ""https://images.bayut.eg/thumbnails/45364791-800x600.jpeg"", ""https://images.bayut.eg/thumbnails/45364796-800x600.jpeg"", ""https://images.bayut.eg/thumbnails/45364802-800x600.jpeg"", ""https://images.bayut.eg/thumbnails/45364803-800x600.jpeg"", ""https://images.bayut.eg/thumbnails/45364804-800x600.jpeg"", ""https://images.bayut.eg/thumbnails/45364806-800x600.jpeg"", ""https://images.bayut.eg/thumbnails/45364810-800x600.jpeg"", ""https://images.bayut.eg/thumbnails/45364815-800x600.jpeg"", ""https://images.bayut.eg/thumbnails/45364817-800x600.jpeg"", ""https://images.bayut.eg/thumbnails/45364820-800x600.jpeg"", ""https://images.bayut.eg/thumbnails/45364823-800x600.jpeg"", ""https://images.bayut.eg/thumbnails/45364828-800x600.jpeg""]",Off-Plan,Primary
https://www.bayut.eg/en/property/details-503669612.html,Bayut - 1412-LUFyWL,503669612,Property Hills One 1,"3-bedroom apartment with a private garden, fully finished – Hyde Park – double view overlooking landscape – Fifth Settlement – New Cairo",Apartment,"Sea-facing apartment with a private garden, for sale with full ultra super lux finishing at below market price. { 3 bedrooms (including a master bedroom) + nanny room + 3 bathrooms + spacious reception }Double view overlooking landscape in a prime location in Hyde Park, New Cairo. for sale without furnitureDirect from the owner – brokers are not allowedFor more details, contact us: [redacted phone number]Videos available via WhatsApp","Hyde Park New Cairo Compound, 5th Settlement, New Cairo, Cairo",19270000,EGP,3,3.0,Unfurnished,"Built in Kitchen Appliances, Landline, Balcony or Terrace, First Aid Medical Center, Gym or Health Club, Swimming Pool, Jacuzzi, Sauna, Steam Room, Day Care Center, Kids Play Area, Lawn or Garden, Barbeque Area, Cafeteria or Canteen, Waste Disposal, Maintenance Staff, Cleaning Services, Security Staff, Shared Kitchen, Laundry Room, Laundry Facility, Broadband Internet, Satellite/Cable TV, Intercom, 24 Hours Concierge, Maids Room",161 Sq. M.,Aya Mahmoud,"[""https://images.bayut.eg/thumbnails/44373629-800x600.jpeg"", ""https://images.bayut.eg/thumbnails/44373628-800x600.jpeg"", ""https://images.bayut.eg/thumbnails/44373630-800x600.jpeg"", ""https://images.bayut.eg/thumbnails/44373631-800x600.jpeg"", ""https://images.bayut.eg/thumbnails/44373632-800x600.jpeg"", ""https://images.bayut.eg/thumbnails/44373633-800x600.jpeg"", ""https://images.bayut.eg/thumbnails/44373634-800x600.jpeg"", ""https://images.bayut.eg/thumbnails/44373635-800x600.jpeg"", ""https://images.bayut.eg/thumbnails/44373636-800x600.jpeg"", ""https://images.bayut.eg/thumbnails/44373637-800x600.jpeg""]",Off-Plan,Primary
https://www.bayut.eg/en/property/details-504033849.html,Bayut - 5001858-EytKDA,504033849,Joestate. Egy,"3-bedroom apartment for sale, a very good deal in Osman Towers with a view of the Corniche in Maadi and a sea view of the Nile.",Apartment,"A 3-bedroom apartment for sale, a very good deal in Osman Towers, with a view of the Corniche in Maadi, with a direct view of the Nile. The apartment is 180 square meters, 3 rooms, 2 bathrooms, and 3 reception areas. It is located on the 26th floor, not the last. The tower is very distinguished, fully equipped with facilities, and has 24-hour security and guards. There are 6 elevators in the tower. The finishing is ultra-super luxe with very high-quality standards. The price is very special and a deal for those who appreciate luxury and comfort.","Corniche El Maadi, Maadi, Cairo",7250000,EGP,3,2.0,Unfurnished,"Parking Spaces: 1, Water Meter, Natural Gas, Landline, Waste Disposal, Maintenance Staff, Cleaning Services, Broadband Internet, Satellite/Cable TV, Intercom, Freehold",180 Sq. M.,Yassin Montaser,"[""https://images.bayut.eg/thumbnails/49116285-800x600.jpeg"", ""https://images.bayut.eg/thumbnails/49116286-800x600.jpeg"", ""https://images.bayut.eg/thumbnails/49116287-800x600.jpeg"", ""https://images.bayut.eg/thumbnails/49116288-800x600.jpeg"", ""https://images.bayut.eg/thumbnails/49116289-800x600.jpeg"", ""https://images.bayut.eg/thumbnails/49116290-800x600.jpeg"", ""https://images.bayut.eg/thumbnails/49116291-800x600.jpeg"", ""https://images.bayut.eg/thumbnails/49116292-800x600.jpeg"", ""https://images.bayut.eg/thumbnails/49116293-800x600.jpeg"", ""https://images.bayut.eg/thumbnails/49116294-800x600.jpeg"", ""https://images.bayut.eg/thumbnails/49116295-800x600.jpeg"", ""https://images.bayut.eg/thumbnails/49116296-800x600.jpeg""]",Ready,Resale
https://www.bayut.eg/en/property/details-208752703.html,Bayut - ID208752703,208752703,youcan,شقة فى صن كابيتال ١٠٢ م٢ pinthouse لقطه,Penthouse,شقة استلام فورى نصف تشطيب فى كمبوند صن كابيتال بحدائق اكتوبر ، شقة بينت هاوس دورين ( الخامس و السادس ) وًمتاح جراج خاص للوحدة و غرفة تخزين و اشتراك نادى و الكمبوند جاهز للمعيشة و به جميع الخدماتيتميز موقع كمبوند صن كابيتال (Sun Capital) في قلب مدينة 6 أكتوبر بإطلالة مباشرة على أهرامات الجيزة وقربه الشديد من أهم المحاور الحيوية. أبرز مميزات الموقع الجغرافيإطلالة تاريخية: يمتلك المشروع فيو مباشر وساحر على الأهرامات. قريب من المعالم الكبرى: يبعد دقائق معدودة عن المتحف المصري الكبير ومول مصر. سهولة الوصول: يقع بالقرب من الطريق الدائري المعادى ومحور ٢٦ يوليو وطريق الواحات، وطريق الدائرى الاوسطى المتجة الي العاصمة الادارية مما يسهل الانتقال منه وإليه. التواصل علي رقم [redacted phone number]#[redacted phone number]#([redacted phone number]) اتصال او واتس اب .,"Sun Capital, Hadayek October, Giza Penthouses, Giza",8555000,EGP,2,2.0,Unfurnished,"Covered parking, Pets Allowed, Electricity Meter, Water Meter, Natural Gas, Balcony or Terrace, Elevators in Building, Completion Year: 5, Swimming Pool, Security Staff, Maids Room",102 Sq. M.,Mohamed Behery,"[""https://images.bayut.eg/thumbnails/48293402-800x600.jpeg"", ""https://images.bayut.eg/thumbnails/48293394-800x600.jpeg"", ""https://images.bayut.eg/thumbnails/48293395-800x600.jpeg"", ""https://images.bayut.eg/thumbnails/48293396-800x600.jpeg"", ""https://images.bayut.eg/thumbnails/48293397-800x600.jpeg"", ""https://images.bayut.eg/thumbnails/48293398-800x600.jpeg"", ""https://images.bayut.eg/thumbnails/48293399-800x600.jpeg"", ""https://images.bayut.eg/thumbnails/48293400-800x600.jpeg"", ""https://images.bayut.eg/thumbnails/48293401-800x600.jpeg"", ""https://images.bayut.eg/thumbnails/48293403-800x600.jpeg""]",Ready,Primary
https://www.bayut.eg/en/property/details-503757408.html,Bayut - 5790-BloWQT,503757408,Sales spot Real Estate,"Apartment 115 meters (3 large rooms) for sale, immediate delivery, fully finished, with a distinctive layout in the New Administrative Capital, in Al",Apartment,"A Prime Apartment for Sale at a Price Below Price3 large roomsIn the Heart of the New Administrative CapitalIn Al Maqsad CompoundWith a Special DiscountCash Price: 2,998,000For more details, contact the number provided in the adOr send a message on WhatsApp to receive the installment schedule and layout details","Al Maqsad, New Capital City, Cairo",2998000,EGP,3,2.0,Unfurnished,"Balcony or Terrace, First Aid Medical Center, Gym or Health Club, Facilities for Disabled, Lawn or Garden, Waste Disposal, Maintenance Staff, Cleaning Services, Security Staff, CCTV Security, Freehold",115 Sq. M.,Passant Mohamed,"[""https://images.bayut.eg/thumbnails/45533396-800x600.jpeg"", ""https://images.bayut.eg/thumbnails/45533397-800x600.jpeg"", ""https://images.bayut.eg/thumbnails/45533398-800x600.jpeg"", ""https://images.bayut.eg/thumbnails/45533399-800x600.jpeg"", ""https://images.bayut.eg/thumbnails/45533400-800x600.jpeg"", ""https://images.bayut.eg/thumbnails/45533401-800x600.jpeg"", ""https://images.bayut.eg/thumbnails/45533402-800x600.jpeg"", ""https://images.bayut.eg/thumbnails/45533403-800x600.jpeg"", ""https://images.bayut.eg/thumbnails/45533404-800x600.jpeg"", ""https://images.bayut.eg/thumbnails/45533405-800x600.jpeg"", ""https://images.bayut.eg/thumbnails/45533406-800x600.jpeg""]",Ready,Primary
https://www.bayut.eg/en/property/details-504029715.html,Bayut - HG-606,504029715,Retaj Real Estate Consultancy,"A great deal on an apartment for sale in the Golden Square, Nasr City, near Al Ahly Club and City Stars Mall. Includes a share of the land and two par",Apartment,"A great deal on an apartment for sale in the Golden Square, Nasr City, near Al Ahly Club and City Stars Mall. Includes a share of the land and two parking spaces. Modern building. An attractive opportunity for a quick sale. * Unit Type: Apartment for Sale* Unit Area: 275 sq m* Number of Floors: 8/10 floors - 2 elevators* Internal Layout* Number of Rooms: 4 rooms - Large reception area - 3 bathrooms - High-end finished kitchen - Large balcony facing the street* Finishing: Ultra Super Lux (Kitchen included)* Modern building - Two parking spaces* Unit Price: 8,000,000 EGP (including kitchen)For unit inquiries, please refer to reference number: (606-HG)For viewing, please call: [redacted phone number] - [redacted phone number]* Unit Features: - All windows are Turkish aluminum - Soundproof and dustproof glass - Beech wood doors - Gypsum board - Close to all services and malls - A quiet and upscale area* Nearest location to the unit: Ahmed Fakhry Street - Al Ahly Club - City Stars - Nasr City","Makram Ebeid St., Nasr City, Cairo",8000000,EGP,4,3.0,Unfurnished,"Covered parking, Pets Allowed, Parking Spaces: 2, Electricity Meter, Water Meter, Storage Areas, Balcony or Terrace, Elevators in Building: 2, Service Elevators, Completion Year: 8, Total Floors: 10, Waste Disposal, Security Staff, CCTV Security, Satellite/Cable TV, 24 Hours Concierge, Pet Policy, Freehold",275 Sq. M.,Heba G,"[""https://images.bayut.eg/thumbnails/49067206-800x600.jpeg"", ""https://images.bayut.eg/thumbnails/49067255-800x600.jpeg"", ""https://images.bayut.eg/thumbnails/49067256-800x600.jpeg"", ""https://images.bayut.eg/thumbnails/49067257-800x600.jpeg"", ""https://images.bayut.eg/thumbnails/49067258-800x600.jpeg"", ""https://images.bayut.eg/thumbnails/49067259-800x600.jpeg"", ""https://images.bayut.eg/thumbnails/49067260-800x600.jpeg"", ""https://images.bayut.eg/thumbnails/49067261-800x600.jpeg"", ""https://images.bayut.eg/thumbnails/49067262-800x600.jpeg"", ""https://images.bayut.eg/thumbnails/49067263-800x600.jpeg"", ""https://images.bayut.eg/thumbnails/49067264-800x600.jpeg"", ""https://images.bayut.eg/thumbnails/49067265-800x600.jpeg"", ""https://images.bayut.eg/thumbnails/49067266-800x600.jpeg"", ""https://images.bayut.eg/thumbnails/49067267-800x600.jpeg"", ""https://images.bayut.eg/thumbnails/49067268-800x600.jpeg"", ""https://images.bayut.eg/thumbnails/49067269-800x600.jpeg""]",Ready,Resale
https://www.bayut.eg/en/property/details-503334507.html,Bayut - 10380-tiKixS,503334507,Property hills star,"Apartment for Sale – Fully Finished, Immediate Delivery, Ready for Viewing in Allegria Compound (Beverly Hills) by SODIC",Apartment,"Apartment for Sale – Fully Finished, Immediate Delivery, Ready for Viewing in Allegria Compound (Beverly Hills) by SODIC____________________________________________________________________________________________________________________Property Details:Area: 199 m²3 Bedrooms3 Bathrooms____________________________________________________________________________________________________________________Project Location:The project is in the heart of Sheikh Zayed on the Desert Road, inside Beverly Hills, close to Sphinx Airport. Project Features:Sports clubInternational golf courseClubhouseSwimming poolsRunning tracks24/7 security and guarding","Allegria Residence, Sheikh Zayed, Giza Apartments, Giza",5000000,EGP,3,2.0,Unfurnished,"Built in Kitchen Appliances, Covered parking, Pets Allowed, Electricity Meter, Water Meter, Natural Gas, Landline, Balcony or Terrace, First Aid Medical Center, Gym or Health Club, Facilities for Disabled, Swimming Pool, Jacuzzi, Sauna, Steam Room, Day Care Center, Kids Play Area, Lawn or Garden, Barbeque Area, Cafeteria or Canteen, Business Center, Conference Room, Security Staff, CCTV Security",199 Sq. M.,Nouran el mahdy,"[""https://images.bayut.eg/thumbnails/40078917-800x600.jpeg"", ""https://images.bayut.eg/thumbnails/40078918-800x600.jpeg"", ""https://images.bayut.eg/thumbnails/40078919-800x600.jpeg"", ""https://images.bayut.eg/thumbnails/40078920-800x600.jpeg"", ""https://images.bayut.eg/thumbnails/40078921-800x600.jpeg"", ""https://images.bayut.eg/thumbnails/40078922-800x600.jpeg"", ""https://images.bayut.eg/thumbnails/40078923-800x600.jpeg"", ""https://images.bayut.eg/thumbnails/40078924-800x600.jpeg"", ""https://images.bayut.eg/thumbnails/40078925-800x600.jpeg""]",Ready,Primary
https://www.bayut.eg/en/property/details-504033876.html,Bayut - 5001343-BkTfHt,504033876,Catchers investment,Fully finished apartment available for immediate delivery in El Patio Oro—one of the most prestigious compounds in New Cairo by La Vista Developments.,Apartment,"Prime Location: El Patio Oro Compound, in the heart of the Golden Square area in New Cairo (Fifth Settlement), near the American University (AUC) and 90th Street. A fully serviced, integrated compound. Apartment Area: 168 sqm(3 bedrooms, 3 bathrooms, reception area, kitchen)Installment plans with extended payment periods are available. For more details, contact via WhatsApp:[redacted phone number]","EL Patio ORO Compound, 5th Settlement, New Cairo, Cairo",14200000,EGP,3,3.0,Unfurnished,"Balcony or Terrace, Gym or Health Club, Swimming Pool, Jacuzzi, Sauna, Steam Room, Day Care Center, Kids Play Area, Lawn or Garden, Barbeque Area, Cafeteria or Canteen, Conference Room, Security Staff, CCTV Security",168 Sq. M.,AHMEDD ATEF,"[""https://images.bayut.eg/thumbnails/49116772-800x600.jpeg"", ""https://images.bayut.eg/thumbnails/49116773-800x600.jpeg"", ""https://images.bayut.eg/thumbnails/49116774-800x600.jpeg"", ""https://images.bayut.eg/thumbnails/49116775-800x600.jpeg"", ""https://images.bayut.eg/thumbnails/49116776-800x600.jpeg"", ""https://images.bayut.eg/thumbnails/49116777-800x600.jpeg"", ""https://images.bayut.eg/thumbnails/49116778-800x600.jpeg"", ""https://images.bayut.eg/thumbnails/49116779-800x600.jpeg"", ""https://images.bayut.eg/thumbnails/49116780-800x600.jpeg"", ""https://images.bayut.eg/thumbnails/49116781-800x600.jpeg""]",Ready,Primary
https://www.bayut.eg/en/property/details-504002662.html,Bayut - villette-palm-twin,504002662,Realm Properties,FINISHED VILLA with only 2.8% dp | palm hills,Villa,"Now's your chance! If you're looking for the perfect lifestyle and a rewarding investment in a prime, luxurious location with all services and amenities. BY PALM HILLS- Easy and flexible payment plan- Competitive prices- Reputable developer- Proven track record- Lowest down payment for the lowest price- Prime, easily accessible location- Comprehensive servicesfor more : [redacted phone number]---------------------------------------------------Unit Details:3 bedroom3 bathroomsnanny roomkitchenliving roomreception areadining areaterraceroofgarden-------------------------------------------","Villette Compound, 5th Settlement, New Cairo, Cairo",25800000,EGP,4,4.0,Unfurnished,"Built in Kitchen Appliances, Furnished, Covered parking, Electricity Backup, Pets Allowed, Electricity Meter, Centrally Air-Conditioned, Sea view, Central Heating, Water Meter, Double Glazed Windows, Storage Areas, Natural Gas, Landline, Study Room, Central A/C & heating, Balcony or Terrace, Lobby in Building, Service Elevators, Prayer Room, Reception/Waiting Room, First Aid Medical Center, Gym or Health Club, Facilities for Disabled, Swimming Pool, Jacuzzi, Sauna, Steam Room, Day Care Center, Kids Play Area, Lawn or Garden, Barbeque Area, Cafeteria or Canteen, Waste Disposal, Maintenance Staff, Cleaning Services, Business Center, Conference Room, Security Staff, CCTV Security, Shared Kitchen, Laundry Room, Laundry Facility, Broadband Internet, Satellite/Cable TV, Intercom, ATM Facility, 24 Hours Concierge, Maids Room, Freehold",226 Sq. M.,Habiba Darwish,"[""https://images.bayut.eg/thumbnails/48600423-800x600.jpeg"", ""https://images.bayut.eg/thumbnails/48600424-800x600.jpeg"", ""https://images.bayut.eg/thumbnails/48600425-800x600.jpeg"", ""https://images.bayut.eg/thumbnails/48600426-800x600.jpeg"", ""https://images.bayut.eg/thumbnails/48600427-800x600.jpeg"", ""https://images.bayut.eg/thumbnails/48600428-800x600.jpeg"", ""https://images.bayut.eg/thumbnails/48600429-800x600.jpeg"", ""https://images.bayut.eg/thumbnails/48600430-800x600.jpeg"", ""https://images.bayut.eg/thumbnails/48600431-800x600.jpeg"", ""https://images.bayut.eg/thumbnails/48600432-800x600.jpeg""]",Off-Plan,Primary
https://www.bayut.eg/en/property/details-503575504.html,Bayut - 19425-ZQynuz,503575504,Emad,"Without an offer, a rare opportunity and for quick sale in Zayed West Towers, Sheikh Zayed.",Apartment,Without overpricing for quick saleApartment for sale in apartments Zed West Sheikh ZayedI am the owner of the unitUnique opportunity at Zed West Sheikh ZayedApartment 76 metersRoomAnd hallAnd bathroomAnd terraceFifth floor with unobstructed open viewSuper Lux finishing with air conditioningDelivery by the first year of 2028 according to the contractRequired down payment 2 million 750 thousandRemaining 4 million 170 thousand in installments until November 2031 excluding maintenance depositDirectly from the owner,"ZED West Compound, Sheikh Zayed, Giza Apartments, Giza",6920000,EGP,1,1.0,Unfurnished,"Covered parking, Pets Allowed, Electricity Meter, Balcony or Terrace, Service Elevators, First Aid Medical Center, Gym or Health Club, Day Care Center, Kids Play Area, Lawn or Garden, Barbeque Area, Cafeteria or Canteen, Waste Disposal, Maintenance Staff, Cleaning Services, Security Staff, CCTV Security, 24 Hours Concierge",76 Sq. M.,عماد ثروت,"[""https://images.bayut.eg/thumbnails/46225086-800x600.jpeg"", ""https://images.bayut.eg/thumbnails/46225087-800x600.jpeg"", ""https://images.bayut.eg/thumbnails/46225088-800x600.jpeg"", ""https://images.bayut.eg/thumbnails/46225089-800x600.jpeg"", ""https://images.bayut.eg/thumbnails/46225090-800x600.jpeg"", ""https://images.bayut.eg/thumbnails/46225091-800x600.jpeg""]",Off-Plan,Resale
https://www.bayut.eg/en/property/details-504003934.html,Bayut - 5000410-FQTBdb,504003934,Egypt Best Properties (EBP),LOWEST PRICE DELIVERY SOON CHALET 2 BEDROOMS FOR SALE FINISHED WITH LAGOON VIEW WITH LOWEST DP 5% ONLY IN MARSA BAGHUSH IN NORTH COAST,Chalet,"-Detail-Chalet-Fully Finished-Area: 130 meters-2 Bedrooms-2 Bathrooms-Kitchen-Terrace-Reception-Payment Plan: 5% Down Payment and Installments over 8 Years-For more information and to watch the video, contact us at [redacted phone number]The project offers integrated services, making it more like a mini-city:Private Beach + Artificial LagoonsMultiple Swimming PoolsHealth Club (Gym - Spa - Sauna)Restaurants and CafesKids' AreasJogging and Cycling TracksClubhouse and Recreational ActivitiesPrime Location in a Prestigious and Quiet AreaUnique DesignSuitable for Investment Due to Increased Demand on the North CoastDirect Sea Views","Marsa Baghush, North Coast, Matruh Chalets, Matruh",19000000,EGP,2,2.0,Unfurnished,"Built in Kitchen Appliances, First Aid Medical Center, Gym or Health Club, Swimming Pool, Jacuzzi, Sauna, Steam Room, Day Care Center, Kids Play Area, Lawn or Garden, Barbeque Area, Cafeteria or Canteen",130 Sq. M.,Nourhan Abdelhady,"[""https://images.bayut.eg/thumbnails/48741437-800x600.jpeg"", ""https://images.bayut.eg/thumbnails/48741438-800x600.jpeg"", ""https://images.bayut.eg/thumbnails/48741439-800x600.jpeg"", ""https://images.bayut.eg/thumbnails/48741440-800x600.jpeg"", ""https://images.bayut.eg/thumbnails/48741441-800x600.jpeg"", ""https://images.bayut.eg/thumbnails/48741442-800x600.jpeg"", ""https://images.bayut.eg/thumbnails/48741443-800x600.jpeg"", ""https://images.bayut.eg/thumbnails/48741444-800x600.jpeg"", ""https://images.bayut.eg/thumbnails/48741445-800x600.jpeg"", ""https://images.bayut.eg/thumbnails/48741446-800x600.jpeg"", ""https://images.bayut.eg/thumbnails/48741447-800x600.jpeg"", ""https://images.bayut.eg/thumbnails/48741448-800x600.jpeg"", ""https://images.bayut.eg/thumbnails/48741449-800x600.jpeg""]",Off-Plan,Primary
https://www.bayut.eg/en/property/details-504002763.html,Bayut - 5000443-aA2usc,504002763,Deal,Own an Alto Caza Double Height in a prime location in R8 on the Central Axis and next to the International University with the biggest discount,Duplex,"New Administrative Capital – R8 | Hava CompoundDirectly next to the International University and the largest service area on the Central AxisOwn an Alto Caza Double Height unit of 255 sqm on the 7th & 8th floors, featuring 3 bedrooms (2 master), 3 bathrooms, and a spacious receptionDelivery in 4 years within a fully integrated communityEnjoy a clubhouse, swimming pools, a gym, landscaped areas, a retail zone, and 24/7 securityContact us now to discover the exclusive 50% discount and flexible payment plans","Hava, R8, New Capital City, Cairo Duplexes, Cairo",4025000,EGP,3,3.0,Unfurnished,"Built in Kitchen Appliances, Landline, Gym or Health Club, Swimming Pool, Jacuzzi, Sauna, Kids Play Area, Lawn or Garden, Barbeque Area, Cafeteria or Canteen, Waste Disposal, Maintenance Staff, Cleaning Services, Security Staff, CCTV Security, Shared Kitchen, Laundry Room, Laundry Facility, Satellite/Cable TV, 24 Hours Concierge",255 Sq. M.,Inas,"[""https://images.bayut.eg/thumbnails/48602141-800x600.jpeg"", ""https://images.bayut.eg/thumbnails/48602142-800x600.jpeg"", ""https://images.bayut.eg/thumbnails/48602143-800x600.jpeg"", ""https://images.bayut.eg/thumbnails/48602144-800x600.jpeg"", ""https://images.bayut.eg/thumbnails/48602145-800x600.jpeg"", ""https://images.bayut.eg/thumbnails/48602146-800x600.jpeg"", ""https://images.bayut.eg/thumbnails/48602147-800x600.jpeg"", ""https://images.bayut.eg/thumbnails/48602148-800x600.jpeg"", ""https://images.bayut.eg/thumbnails/48602149-800x600.jpeg"", ""https://images.bayut.eg/thumbnails/48602150-800x600.jpeg""]",Off-Plan,Primary
https://www.bayut.eg/en/property/details-503700545.html,Bayut - 10345-weYOaX,503700545,Capital Agency,"Apartment for sale in Hyde Park, Fifth Settlement, minutes from the American University in Cairo. Cash price or pay a 5% down payment and installments",Apartment,"** Project name: Hyde Park In the heart of the Fifth Settlement in New Cairo. ** Prime Location | An integrated residential complex located near the ring road on the main 90thStreet. ** Hyde Park Real Estate Development Company: It is the developer of Hyde Park Compound, FifthSettlement. One of the most important companies in the real estate market. - Hyde Park Real Estate Company was established in 2007 AD by Eng. Mohamed Siraj. - Hyde Park Company owns many successful projects, including: (Coast 82 North Coast Resort),(Towny Hyde Park 6th of October)(Hyde Park North Coast). ** Unit specifications:- Building area: 120 meters. - 2 bedroom. - 2 bathroom. - Large reception. - Kitchen. _______________________________** Services and features:• 141 acres of green spaces and water bodies. • An area designated for cafes and restaurants with international names. • Providing a 24-hour security and guarding team to secure the compound. • The units inside the compound are fully secured by deploying a number of surveillance cameras. • A dedicated garage for the residents of the compound, especially for each building. • A group of equipped gyms. • Various swimming pools suitable for adults and children. • Each building contains 2 elevators and two entrances for each building. • Establishing a number of maintenance centers staffed with technicians specialized in all differentfields. • International cultural club. • A large, fully equipped commercial mall. ______________________________________** Location:• It is only 5 minutes away from the American University. • Hyde Park Compound is only 15 minutes away from Madinaty. • It is only about 20 minutes away from the ring road, which is the most important axis in Cairo. ______________________________________** Total price:- Price: 6,110,000 pounds. _____________________________________For more information, contact us on: [redacted phone number].","Hyde Park Central, 6th Settlement, New Cairo, Cairo",6110000,EGP,2,2.0,Unfurnished,"Covered parking, Electricity Meter, Natural Gas, Gym or Health Club, Swimming Pool, Kids Play Area, Lawn or Garden, Barbeque Area, Business Center, Conference Room, Security Staff, Broadband Internet, Satellite/Cable TV",120 Sq. M.,Rana Ibrahim,"[""https://images.bayut.eg/thumbnails/45345976-800x600.jpeg"", ""https://images.bayut.eg/thumbnails/45345987-800x600.jpeg"", ""https://images.bayut.eg/thumbnails/45345991-800x600.jpeg"", ""https://images.bayut.eg/thumbnails/45345996-800x600.jpeg"", ""https://images.bayut.eg/thumbnails/45346001-800x600.jpeg"", ""https://images.bayut.eg/thumbnails/45346007-800x600.jpeg"", ""https://images.bayut.eg/thumbnails/45346015-800x600.jpeg"", ""https://images.bayut.eg/thumbnails/45346019-800x600.jpeg"", ""https://images.bayut.eg/thumbnails/45346025-800x600.jpeg""]",Off-Plan,Primary
https://www.bayut.eg/en/property/details-504005980.html,Bayut - 5001963-51NK36,504005980,Property Hills One,"Independent villa for sale, 5 finished rooms on the lagoon, just minutes to Almazah Bay in Marsa Baghous, Sidi Hanish next to Silver Sands.",Villa,"Standalone villa for sale in Sidi Henish with an open view of the lagoon, available for viewing daily. With an area of 245 meters, its internal division includes (5 rooms, three of which are master suites - 5 bathrooms). Prime location, minutes to El-Maamora Bay, in a very vibrant location next to Silver Sands. Fully finished with hotel-style decor. Price can be paid in installments over the longest repayment period. All services are available including pools, kids area, outdoor gym, and 24/7 security and guarding. For contact and to know more details, WhatsApp or call.","Marsa Baghush, North Coast, Matruh Villas, Matruh",26000000,EGP,5,5.0,Unfurnished,"First Aid Medical Center, Gym or Health Club, Swimming Pool, Jacuzzi, Sauna, Steam Room, Day Care Center, Kids Play Area, Lawn or Garden, Barbeque Area, Cafeteria or Canteen",245 Sq. M.,Sohayla Abdelmenem,"[""https://images.bayut.eg/thumbnails/48768945-800x600.jpeg"", ""https://images.bayut.eg/thumbnails/48768946-800x600.jpeg"", ""https://images.bayut.eg/thumbnails/48768947-800x600.jpeg"", ""https://images.bayut.eg/thumbnails/48768948-800x600.jpeg"", ""https://images.bayut.eg/thumbnails/48768967-800x600.jpeg"", ""https://images.bayut.eg/thumbnails/48768968-800x600.jpeg"", ""https://images.bayut.eg/thumbnails/48768969-800x600.jpeg"", ""https://images.bayut.eg/thumbnails/48768970-800x600.jpeg"", ""https://images.bayut.eg/thumbnails/48768971-800x600.jpeg"", ""https://images.bayut.eg/thumbnails/48768972-800x600.jpeg""]",Off-Plan,Primary
https://www.bayut.eg/en/property/details-504032906.html,Bayut - 602-9ZcZD9,504032906,Gate Real Estate,**Fully Finished Twin House | Prime Lagoon & Sea View | A/Cs Included | Azha North Coast**,Twin House,"HOT DEAL | Twin House for Sale | Direct Lagoon & Sea View | Azha North Type: Twin HouseLocation: 7th Row from the SeaView: Direct Lagoon + Sea ViewFinal Delivery: December 2026BUA: 215 SQMLand Area: 265 SQMGarden: 176 SQMDown Payment: EGP 18,500,000Including MaintenanceRemaining: EGP 4,629,000Quarterly Installment: EGP 312,000Next Installment: September 26, 2026Total Price: EGP 23,129,000","Azha, Ras Al Hekma, North Coast, Matruh Twin Houses, Matruh",22629000,EGP,3,4.0,Unfurnished,"Built in Kitchen Appliances, Central A/C & heating, Balcony or Terrace, Lawn or Garden, Maintenance Staff, Security Staff, CCTV Security",215 Sq. M.,Sherif Ashraf,"[""https://images.bayut.eg/thumbnails/49104393-800x600.jpeg"", ""https://images.bayut.eg/thumbnails/49104394-800x600.jpeg"", ""https://images.bayut.eg/thumbnails/49104395-800x600.jpeg"", ""https://images.bayut.eg/thumbnails/49104396-800x600.jpeg"", ""https://images.bayut.eg/thumbnails/49104397-800x600.jpeg"", ""https://images.bayut.eg/thumbnails/49104398-800x600.jpeg"", ""https://images.bayut.eg/thumbnails/49104399-800x600.jpeg"", ""https://images.bayut.eg/thumbnails/49104410-800x600.jpeg"", ""https://images.bayut.eg/thumbnails/49104411-800x600.jpeg"", ""https://images.bayut.eg/thumbnails/49104412-800x600.jpeg"", ""https://images.bayut.eg/thumbnails/49104413-800x600.jpeg"", ""https://images.bayut.eg/thumbnails/49104414-800x600.jpeg"", ""https://images.bayut.eg/thumbnails/49104415-800x600.jpeg"", ""https://images.bayut.eg/thumbnails/49104416-800x600.jpeg""]",Off-Plan,Resale
https://www.bayut.eg/en/property/details-504003055.html,Bayut - M302,504003055,Cayan Egypt,Luxury Townhouse 197m in Hyde Park New Cairo - 5% DP & 8 Years,Townhouse,"Experience ultimate luxury and privacy in the heart of New Cairo. Own your premium Townhouse in Hyde Park Compound, featuring a smart layout designed for your family's comfort. Property Details:Unit Type: Townhouse (Ground + First + Penthouse). Area: 197 sqm. Layout: 5 Bedrooms (including 2 master rooms) • 4 Bathrooms • 3-Piece Reception • Large Kitchen • Living Room • Terrace overlooking scenic landscapes. Pricing & Payment Plan:Total Price: 26,000,000 EGP. Down Payment: 5% only. Installments: Over 8 years with zero interest. Prime Location:5 minutes from the American University in Cairo (AUC). 15 minutes from Sokhna, Suez, and Ring Roads. 25 minutes from Cairo International Airport & 30 minutes from the New Capital. Compound Amenities:Enjoy Egypt’s largest landscaped central park (141 acres). Fully-equipped sporting club, clubhouses, and Hyde Out. International schools, a medical center, and a vibrant commercial district. For inquiries and viewings (Call or WhatsApp): [redacted phone number]","Hyde Park New Cairo Compound, 5th Settlement, New Cairo, Cairo",26000000,EGP,4,4.0,Unfurnished,"First Aid Medical Center, Gym or Health Club, Swimming Pool, Jacuzzi, Steam Room, Day Care Center, Kids Play Area, Lawn or Garden, Barbeque Area, Cafeteria or Canteen, Business Center, Conference Room, Security Staff, CCTV Security, Broadband Internet, 24 Hours Concierge",197 Sq. M.,Mohamed nafea,"[""https://images.bayut.eg/thumbnails/48605094-800x600.jpeg"", ""https://images.bayut.eg/thumbnails/48605095-800x600.jpeg"", ""https://images.bayut.eg/thumbnails/48605096-800x600.jpeg"", ""https://images.bayut.eg/thumbnails/48605097-800x600.jpeg"", ""https://images.bayut.eg/thumbnails/48605098-800x600.jpeg"", ""https://images.bayut.eg/thumbnails/48605099-800x600.jpeg"", ""https://images.bayut.eg/thumbnails/48605100-800x600.jpeg"", ""https://images.bayut.eg/thumbnails/48605106-800x600.jpeg"", ""https://images.bayut.eg/thumbnails/48605107-800x600.jpeg"", ""https://images.bayut.eg/thumbnails/48605108-800x600.jpeg"", ""https://images.bayut.eg/thumbnails/48605109-800x600.jpeg"", ""https://images.bayut.eg/thumbnails/48605110-800x600.jpeg"", ""https://images.bayut.eg/thumbnails/48605111-800x600.jpeg"", ""https://images.bayut.eg/thumbnails/48605112-800x600.jpeg"", ""https://images.bayut.eg/thumbnails/48605113-800x600.jpeg""]",Off-Plan,Primary
https://www.bayut.eg/en/property/details-503991743.html,Bayut - 5003557-2fXpLv,503991743,Jusq Real Estate,Fully Finished Villa in Fifth Settlement Near AUC – El Patio Town (Fully Built Compound & Upcoming Delivery),Twin House,"Fully Finished Villa in El Patio Town – Fifth Settlement (Fully Built Compound)Location: El Patio Town – Adjacent to the American University in Cairo (AUC)Unit Area: 225 m²Layout: 3 Bedrooms, 3 BathroomsFeatures: Private Garden, Fully FinishedStatus: Fully Built CompoundContact us for details, prices, and to schedule a viewing:[redacted phone number]Payment Plans:5% Down Payment with long-term installments availableMultiple flexible payment plans tailored to your needsSignificant discount on cash payment","Patio Town Compound, 5th Settlement, New Cairo, Cairo Twin Houses, Cairo",31000000,EGP,3,3.0,Unfurnished,"Built in Kitchen Appliances, Covered parking, Electricity Backup, Electricity Meter, Centrally Air-Conditioned, Central Heating, Water Meter, Double Glazed Windows, Storage Areas, Natural Gas, Landline, Study Room, Central A/C & heating, Balcony or Terrace, Lobby in Building, Service Elevators, Prayer Room, Reception/Waiting Room, First Aid Medical Center, Gym or Health Club, Facilities for Disabled, Swimming Pool, Jacuzzi, Sauna, Steam Room, Day Care Center, Kids Play Area, Lawn or Garden, Barbeque Area, Cafeteria or Canteen, Waste Disposal, Maintenance Staff, Cleaning Services, Business Center, Conference Room, Security Staff, CCTV Security, Shared Kitchen, Laundry Room, Laundry Facility, Broadband Internet, Satellite/Cable TV, Intercom, 24 Hours Concierge, Maids Room, Freehold",225 Sq. M.,Jasmen Khaled,"[""https://images.bayut.eg/thumbnails/48581798-800x600.jpeg"", ""https://images.bayut.eg/thumbnails/48581799-800x600.jpeg"", ""https://images.bayut.eg/thumbnails/48581800-800x600.jpeg"", ""https://images.bayut.eg/thumbnails/48581801-800x600.jpeg"", ""https://images.bayut.eg/thumbnails/48581802-800x600.jpeg"", ""https://images.bayut.eg/thumbnails/48581803-800x600.jpeg"", ""https://images.bayut.eg/thumbnails/48581804-800x600.jpeg"", ""https://images.bayut.eg/thumbnails/48581805-800x600.jpeg"", ""https://images.bayut.eg/thumbnails/48581806-800x600.jpeg"", ""https://images.bayut.eg/thumbnails/48582580-800x600.jpeg""]",Off-Plan,Primary
https://www.bayut.eg/en/property/details-504001601.html,Bayut - 5002152-AqSpEy,504001601,Mohamed Saad,One bedroom 52 m2 for sale in airport resort,Apartment,"UNIT FOR SALE – AIRPORT RESORT HURGHADA Great opportunity to own a 1-bedroom apartment in a prime location with a direct airport view!Unit DetailsType: 1 Bedroom + Living RoomSize: 52 m²Floor: 3rd & 4th FloorView: Direct Airport ViewPRICEPrice per m²: EGP 49,000Original Price: EGP 2,548,000FLEXIBLE PAYMENT PLAN25% Down Payment: EGP 637,000Remaining 75%: EGP 1,911,000Payment Period: 48 Months16 Quarterly InstallmentsPayment Every 3 MonthsEach Installment: EGP 119,437.5015% CASH DISCOUNTDiscount: EGP 382,200Cash Price After Discount: EGP 2,165,800MAINTENANCE DEPOSIT10% upon handover: EGP 254,800TOTAL CASH COMMITMENTCash Price: EGP 2,165,800Maintenance Deposit: EGP 254,800Total: EGP 2,420,600WHY THIS UNIT?Practical 52 m² layout1 Bedroom + Living Room3rd & 4th Floor optionsDirect Airport View 4-year payment plan15% discount for cash paymentExcellent for living, holiday use or investmentUnit Layout & Floor Plan AvailableFor more details, payment schedule or to arrange a viewing:Mohamed SaadReal Estate Consultant | Law & Property Deals[redacted phone number]Legal Expertise. Trusted Guidance. Your Property, Our Priority. #AirportResort #Hurghada #HurghadaRealEstate #PropertyForSale #ApartmentForSale #EgyptRealEstate #RedSea #InvestmentInEgypt #HurghadaInvestment #MohamedSaad #LawAndPropertyDeals","Hurghada International Airport, Hurghada, Red Sea Apartments, Red Sea",2548000,EGP,1,1.0,Unfurnished,"Covered parking, Pets Allowed, Electricity Meter, Balcony or Terrace, Lobby in Building, Elevators in Building: 3, Service Elevators, Completion Year: 3.4, Flooring, Total Floors: 5, First Aid Medical Center, Gym or Health Club, Swimming Pool, Jacuzzi, Sauna, Day Care Center, Kids Play Area, Lawn or Garden, Barbeque Area, Cafeteria or Canteen, Waste Disposal, Maintenance Staff, Cleaning Services, Business Center, Security Staff, CCTV Security, Satellite/Cable TV, 24 Hours Concierge, Pet Policy, Nearby Shopping Malls, View",52 Sq. M.,Site settings,"[""https://images.bayut.eg/thumbnails/48588109-800x600.jpeg"", ""https://images.bayut.eg/thumbnails/48588110-800x600.jpeg"", ""https://images.bayut.eg/thumbnails/48588111-800x600.jpeg"", ""https://images.bayut.eg/thumbnails/48588112-800x600.jpeg"", ""https://images.bayut.eg/thumbnails/48588113-800x600.jpeg"", ""https://images.bayut.eg/thumbnails/48588114-800x600.jpeg"", ""https://images.bayut.eg/thumbnails/48588115-800x600.jpeg"", ""https://images.bayut.eg/thumbnails/48588116-800x600.jpeg"", ""https://images.bayut.eg/thumbnails/48588117-800x600.jpeg"", ""https://images.bayut.eg/thumbnails/48588118-800x600.jpeg"", ""https://images.bayut.eg/thumbnails/48588119-800x600.jpeg"", ""https://images.bayut.eg/thumbnails/48588120-800x600.jpeg"", ""https://images.bayut.eg/thumbnails/49105872-800x600.jpeg""]",Off-Plan,Primary
https://www.bayut.eg/en/property/details-503131201.html,Bayut - Q115M,503131201,quality for real estate,Apartment For Sale 115 Sqm Diyarana New Cairo | Corner North West | Fully Finished | Commerical Price | 5 Years Installments | Old Price Opportunity,Apartment,Own Your Luxury Corner Unit In Diyarana Phase 1 Featuring A Sovereign West North Facing PositionBook Your Future At Old Prices In New Cairo Fast Growing Area Near AUC And Modern MallsOptimize Your Liquidity With Only 1.1 Million EGP Downpayment And 5 Years Flexible InstallmentsElite Corner Position With An Open View Directly Overlooking The Inhabited Sakan Misr NeighborhoodUltra Super Lux Finishing Standard Ready For Handover In December 2027 For Premium LivingIntelligent 115sqm First Floor Layout Featuring 3 Bedrooms Including A Private Master SuiteStrategic Location Directly Near AUC University And The Main Axis Linking To New Administrative CapitalGated High End Community Surrounded By Greenery And Immediate Access To Established Commercial ServicesHigh Yield Investment Asset Guaranteeing Daily Capital Appreciation Before Official Handover DateProfessional Legal Supervision By Quality Real Estate Ensuring A 100 Percent Secure Investment TransactionManaged By Trusted Real Estate ExpertsQuality Company For Real Estate Asset Management & InvestmentOver 15 Years Of Proven Success Delivering Safe And Profitable InvestmentsFull Support From First Step To Final Documentation With 100% Legal GuaranteeAfter-Sales Services And Continuous Investment Support You Can TrustQuality In Every Detail – Our Logo That Builds TrustCompany Location10th Of Ramadan City – City Center 2 – Quality MallTo Contact[redacted phone number][redacted phone number][redacted phone number][redacted phone number]Apartment For Sale New Cairo - Diyarana Compound Properties - Flat Near AUC Egypt - 115 Sqm Apartment New Cairo - Installment Apartments 5 Years - Fully Finished Apartment Sale - Real Estate Investment Cairo - Corner Apartment North Facing - New Cairo Housing Deals - Property Near American University Cairo - 2 Bedroom Flat New Cairo - Secure Gated Community Egypt - High ROI Apartment Cairo - Diyarana Residence 5th Settlement - Modern Apartment For Sale Egypt - New Cairo Real Estate Market - Luxury Living Cairo - 3rd Settlement Properties - Property Near New Administrative Capital - Middle Ring Road Real Estate - Commercial Price Apartment Cairo - Investment In New Cairo 2026,"3rd Settlement, New Cairo, Cairo",3166000,EGP,2,2.0,Unfurnished,"Parking Spaces: 3, Electricity Meter, Water Meter, Balcony or Terrace, Lobby in Building, Elevators in Building: 2, Service Elevators, Completion Year: 1, Flooring, Total Floors: 5, Facilities for Disabled, Kids Play Area, Lawn or Garden, Waste Disposal, Maintenance Staff, Cleaning Services, Security Staff, CCTV Security, Nearby Shopping Malls, View",115 Sq. M.,Site settings,"[""https://images.bayut.eg/thumbnails/44197831-800x600.jpeg"", ""https://images.bayut.eg/thumbnails/44197832-800x600.jpeg"", ""https://images.bayut.eg/thumbnails/44282102-800x600.jpeg"", ""https://images.bayut.eg/thumbnails/37289625-800x600.jpeg"", ""https://images.bayut.eg/thumbnails/37289617-800x600.jpeg"", ""https://images.bayut.eg/thumbnails/37289619-800x600.jpeg"", ""https://images.bayut.eg/thumbnails/37289622-800x600.jpeg"", ""https://images.bayut.eg/thumbnails/37289623-800x600.jpeg"", ""https://images.bayut.eg/thumbnails/37289624-800x600.jpeg"", ""https://images.bayut.eg/thumbnails/37289626-800x600.jpeg""]",Off-Plan,Resale
https://www.bayut.eg/en/property/details-504004497.html,Bayut - 5000410-ic7RyJ,504004497,Egypt Best Properties (EBP),HOT OFFER FIRST PRICE IN NEW LAUNCH APARTMENT 2 BEDROOM FOR SALE WITH LOWEST DP OVER 8 YRS IN HYDE PARK IN NEW CAIRO,Apartment,"Unit Details:- Apartment- Built-up Area: 105 sqm- 2 Bedroom- 2 Bathroom- Kitchen- Terrace- Reception- 5% Down Payment and Installments up to 8 Years- For more information, payment methods, and videos: [redacted phone number]Project FeatureExtensive Green SpacesPrime Location in the Heart of New Cairo: Its location in Fifth Settlement and close to main roads provides easy access to and from the area. Diverse Unit Types: The project offers a variety of unit types, including apartments, townhouses, twin houses, and villas, providing a wide range of choices to suit different family needs and budgets. Walk-Friendly Lifestyle: The project's design prioritizes walkways and open spaces, with areas suitable for walking and outdoor activities. Sports and Recreational Facilities: Among the advertised services are a gym, clubhouse, and swimming pools. Restaurants, Cafes, and Commercial Services: The presence of commercial and recreational areas within the project reduces the need to leave the premises for every service or outing. Family-friendly: Featuring children's play areas and open spaces, the project is designed to be a fully integrated residential community. Security: Gates, surveillance systems, and security personnel are in place, along with project management services. Hyde Park DevelopmentsA complete project, not just a residential compound: In addition to residential units, there are commercial areas, offices, and services, giving the project a dynamic and vibrant atmosphere throughout the day.","Hyde Park New Cairo Compound, 5th Settlement, New Cairo, Cairo",9000000,EGP,2,2.0,Unfurnished,"Built in Kitchen Appliances, Covered parking, Balcony or Terrace, Gym or Health Club, Swimming Pool, Steam Room, Day Care Center, Kids Play Area, Lawn or Garden, Barbeque Area, Cafeteria or Canteen, Shared Kitchen, Laundry Room, Laundry Facility",105 Sq. M.,Nourhan Abdelhady,"[""https://images.bayut.eg/thumbnails/48751092-800x600.jpeg"", ""https://images.bayut.eg/thumbnails/48751093-800x600.jpeg"", ""https://images.bayut.eg/thumbnails/48751094-800x600.jpeg"", ""https://images.bayut.eg/thumbnails/48751095-800x600.jpeg"", ""https://images.bayut.eg/thumbnails/48751096-800x600.jpeg"", ""https://images.bayut.eg/thumbnails/48751097-800x600.jpeg"", ""https://images.bayut.eg/thumbnails/48751098-800x600.jpeg"", ""https://images.bayut.eg/thumbnails/48751099-800x600.jpeg"", ""https://images.bayut.eg/thumbnails/48751100-800x600.jpeg"", ""https://images.bayut.eg/thumbnails/48751101-800x600.jpeg"", ""https://images.bayut.eg/thumbnails/48751102-800x600.jpeg"", ""https://images.bayut.eg/thumbnails/48751103-800x600.jpeg""]",Off-Plan,Primary
https://www.bayut.eg/en/property/details-504004367.html,Bayut - 5000410-boeEMz,504004367,Egypt Best Properties (EBP),"40% Price Offer For 4BR Fully Finished Apartment With Penthouse , Up To 6 Years Plan By Palm Hills In New Cairo",Apartment,"Limited-Time Offer 40% Discount !! Fully Finished 4 Bedrooms Apartment With Penthouse & Roof By Palm Hills Developments | Flexible Installments Plan Up To 6 YearsTo Receive The Full Details Or The Best Offer, Contact Us Today [redacted phone number]Apartment Details:4 Bedrooms4 Bathrooms200 BUAPrivate Roof 120 sqmPenthouse 50 SqmFully FinishedWide TerracePremium Finishing StandardsDesigned To Maximize Natural LightPrime LocationHigh Privacy LayoutEasy Access To The Clubhouse & All FacilitiesModern Family LivingIdeal For End Users & Investors---LocationPrime Location In New CairoEasy Access Via:South 90th StreetSuez RoadRing RoadMohamed Bin Zayed AxisApproximately 10 Minutes From AUCApproximately 20 Minutes From Cairo International Airport---About The Project97 Hills by Palm Hills Developments is one of New Cairo's newest premium residential communities, offering an elevated lifestyle surrounded by expansive green landscapes, beautifully designed open spaces, and integrated world-class amenities. Designed with contemporary architecture and thoughtfully planned living spaces, the community combines luxury, comfort, privacy, and exceptional connectivity, making it an ideal destination for family living and long-term investment. ---About The DeveloperDeveloped By Palm Hills Developments, one of Egypt's leading real estate developers, renowned for delivering landmark residential communities distinguished by exceptional quality, innovative design, and outstanding long-term investment value. ---#97Hills #PalmHills #NewCairo #ApartmentForSale #GroundApartment #PrivateGarden #FullyFinished #LuxuryLiving #LimitedTimeOffer #Installments #RealEstateEgypt #InvestmentOpportunity","Palm Hills New Cairo Compound, 5th Settlement, New Cairo, Cairo",18464000,EGP,4,4.0,Unfurnished,"Built in Kitchen Appliances, Furnished, Covered parking, Electricity Backup, Pets Allowed, Electricity Meter, Centrally Air-Conditioned, Sea view, Central Heating, Water Meter, Double Glazed Windows, Natural Gas, Landline, Study Room, Central A/C & heating, Balcony or Terrace, Lobby in Building, Service Elevators, Prayer Room, Reception/Waiting Room, First Aid Medical Center, Gym or Health Club, Facilities for Disabled, Swimming Pool, Jacuzzi, Sauna, Steam Room, Day Care Center, Kids Play Area, Lawn or Garden, Barbeque Area, Cafeteria or Canteen, Waste Disposal, Maintenance Staff, Cleaning Services, Business Center, Conference Room, Security Staff, CCTV Security, Shared Kitchen, Laundry Room, Laundry Facility, Broadband Internet, Satellite/Cable TV, Intercom, 24 Hours Concierge, Maids Room, Freehold",200 Sq. M.,Seif Mahmoud,"[""https://images.bayut.eg/thumbnails/48748466-800x600.jpeg"", ""https://images.bayut.eg/thumbnails/48748469-800x600.jpeg"", ""https://images.bayut.eg/thumbnails/48748569-800x600.jpeg"", ""https://images.bayut.eg/thumbnails/48748467-800x600.jpeg"", ""https://images.bayut.eg/thumbnails/48748472-800x600.jpeg"", ""https://images.bayut.eg/thumbnails/48748570-800x600.jpeg"", ""https://images.bayut.eg/thumbnails/48748478-800x600.jpeg"", ""https://images.bayut.eg/thumbnails/48748473-800x600.jpeg"", ""https://images.bayut.eg/thumbnails/48748474-800x600.jpeg"", ""https://images.bayut.eg/thumbnails/48748476-800x600.jpeg""]",Off-Plan,Primary
https://www.bayut.eg/en/property/details-504030734.html,Bayut - 5005593-M6jwr6,504030734,SOUL,Apartment for Sale in Mivida Boulevard with prime location overlooking side boulevard street,Apartment,Apartment for sale @ Mivida Boulevard open view - prime location with AC’s & Kitchen cabinets fully finished area : 214 Meter square 3 Bedroom + 3 bathroom + nanny room + kitchen + reception + terrace ready to move call us for more details & visit Apartment for sale @ Mivida Boulevardopen view - prime locationwith AC’s & Kitchen cabinetsfully finishedarea : 214 Meter square3 Bedroom + 3 bathroom + nanny room + kitchen + reception + terraceready to movecall us for more details & visit,"Mivida Compound, 5th Settlement, New Cairo, Cairo",26500000,EGP,3,3.0,Unfurnished,"Built in Kitchen Appliances, Covered parking, Central A/C & heating, Balcony or Terrace, Lobby in Building, Gym or Health Club, Swimming Pool, Business Center, Security Staff, CCTV Security, Laundry Room, Maids Room",214 Sq. M.,Adam omar ahmed,"[""https://images.bayut.eg/thumbnails/49078185-800x600.jpeg"", ""https://images.bayut.eg/thumbnails/49078215-800x600.jpeg"", ""https://images.bayut.eg/thumbnails/49078216-800x600.jpeg"", ""https://images.bayut.eg/thumbnails/49078217-800x600.jpeg"", ""https://images.bayut.eg/thumbnails/49078218-800x600.jpeg"", ""https://images.bayut.eg/thumbnails/49078219-800x600.jpeg"", ""https://images.bayut.eg/thumbnails/49078220-800x600.jpeg"", ""https://images.bayut.eg/thumbnails/49078221-800x600.jpeg"", ""https://images.bayut.eg/thumbnails/49078222-800x600.jpeg"", ""https://images.bayut.eg/thumbnails/49078223-800x600.jpeg"", ""https://images.bayut.eg/thumbnails/49078224-800x600.jpeg"", ""https://images.bayut.eg/thumbnails/49078225-800x600.jpeg"", ""https://images.bayut.eg/thumbnails/49078226-800x600.jpeg"", ""https://images.bayut.eg/thumbnails/49078227-800x600.jpeg""]",Ready,Resale
https://www.bayut.eg/en/property/details-504030442.html,Bayut - 5001507-HJNUTl,504030442,Rama Reda,The most beautiful 82 meter apartment at an excellent price in B7,Apartment,"An apartment for sale at a bargain price in Madinaty, 82 meters in B7, the most requested model. Directly next to the services and the Madinaty Sports Club. Sea view. Fully custom finishes, no expenses needed. 2 bedrooms, a bathroom, a reception area, a kitchen, and 3 balconies. The apartment is Talaat Moustafa. Price is cash-only, no installments. For contact and viewing:[redacted phone number]","Madinaty, Cairo",4400000,EGP,2,1.0,Unfurnished,"Built in Kitchen Appliances, Covered parking, Electricity Meter, Balcony or Terrace, Lobby in Building, Service Elevators, Prayer Room, Reception/Waiting Room, Day Care Center, Kids Play Area, Lawn or Garden, Barbeque Area, Cafeteria or Canteen, Business Center, Conference Room, Security Staff, CCTV Security, Shared Kitchen, Laundry Room, Laundry Facility, 24 Hours Concierge",82 Sq. M.,Site settings,"[""https://images.bayut.eg/thumbnails/49075094-800x600.jpeg"", ""https://images.bayut.eg/thumbnails/49075095-800x600.jpeg"", ""https://images.bayut.eg/thumbnails/49075097-800x600.jpeg"", ""https://images.bayut.eg/thumbnails/49075098-800x600.jpeg"", ""https://images.bayut.eg/thumbnails/49075099-800x600.jpeg"", ""https://images.bayut.eg/thumbnails/49075101-800x600.jpeg"", ""https://images.bayut.eg/thumbnails/49075104-800x600.jpeg"", ""https://images.bayut.eg/thumbnails/49075105-800x600.jpeg""]",Ready,Resale
https://www.bayut.eg/en/property/details-504030374.html,Bayut - 1016-PQmiNI,504030374,Falcon Real Estate,"Move in now, 43% off, 190m villa-style apartment, 100% privacy, for sale in District 5 New Cairo, minutes from Mivida,Hyde Park & Mountain view,ville",Apartment,"Luxury Apartment with a Special Discount in a Prime Location with an Open Water ViewReady to move in - Fully Sea-facing - Prime Location & ViewArea: 190 square meters with a distinctive layout (3 master bedrooms + 3-piece reception + American kitchen)The apartment is semi-finished, and finished apartments are also available. For details, contact us now via WhatsApp & phone: [redacted phone number]Cash 14,500,000--------------------------------------------------------------------------------------------","District 5 Compound, 5th Settlement, New Cairo, Cairo",14500000,EGP,3,3.0,Unfurnished,"First Aid Medical Center, Gym or Health Club, Swimming Pool, Jacuzzi, Sauna, Steam Room, Day Care Center, Kids Play Area, Barbeque Area, Cafeteria or Canteen",190 Sq. M.,محمد على,"[""https://images.bayut.eg/thumbnails/49074576-800x600.jpeg"", ""https://images.bayut.eg/thumbnails/49074577-800x600.jpeg"", ""https://images.bayut.eg/thumbnails/49074578-800x600.jpeg"", ""https://images.bayut.eg/thumbnails/49074579-800x600.jpeg"", ""https://images.bayut.eg/thumbnails/49074580-800x600.jpeg"", ""https://images.bayut.eg/thumbnails/49074581-800x600.jpeg"", ""https://images.bayut.eg/thumbnails/49074582-800x600.jpeg"", ""https://images.bayut.eg/thumbnails/49074583-800x600.jpeg"", ""https://images.bayut.eg/thumbnails/49074584-800x600.jpeg"", ""https://images.bayut.eg/thumbnails/49074585-800x600.jpeg""]",Ready,Primary
https://www.bayut.eg/en/property/details-504030058.html,Bayut - 1016-AuBTek,504030058,Falcon Real Estate,"Prime villa (35% discount+3 floors)sale in 5th settlement Creek Town, New Cairo, opposite Rehab, minutes from Shorouk,Madinaty, Sarai,Hyde Park&Mivida",Villa,"Ready for viewing now - Immediate occupancyThe ultimate in luxury – your villa in a prime location and stunning views within the compound, at a competitive price, with comprehensive services and an open view of the landscape. Area: 210 square meters3 floors with a smart layout, spacious terraces, a naturally lit reception area, and a kitchen and bathrooms built to the highest standards of luxury. Cash price = 18,500,000For more details, contact us now: [redacted phone number] (WhatsApp/Phone)","Creek Town Compound, 5th Settlement, New Cairo, Cairo",18500000,EGP,5,5.0,Unfurnished,"Covered parking, Pets Allowed, Electricity Meter, Water Meter, Natural Gas, Landline, First Aid Medical Center, Gym or Health Club, Facilities for Disabled, Swimming Pool, Jacuzzi, Sauna, Steam Room, Day Care Center, Kids Play Area, Lawn or Garden, Barbeque Area, Cafeteria or Canteen",210 Sq. M.,محمد على,"[""https://images.bayut.eg/thumbnails/49071970-800x600.jpeg"", ""https://images.bayut.eg/thumbnails/49071971-800x600.jpeg"", ""https://images.bayut.eg/thumbnails/49071972-800x600.jpeg"", ""https://images.bayut.eg/thumbnails/49071973-800x600.jpeg"", ""https://images.bayut.eg/thumbnails/49071974-800x600.jpeg"", ""https://images.bayut.eg/thumbnails/49071975-800x600.jpeg"", ""https://images.bayut.eg/thumbnails/49071976-800x600.jpeg"", ""https://images.bayut.eg/thumbnails/49071977-800x600.jpeg"", ""https://images.bayut.eg/thumbnails/49071978-800x600.jpeg"", ""https://images.bayut.eg/thumbnails/49071979-800x600.jpeg"", ""https://images.bayut.eg/thumbnails/49071980-800x600.jpeg""]",Ready,Primary
https://www.bayut.eg/en/property/details-504005732.html,Bayut - 27090-Z04dP7,504005732,Massar,3-Bedroom Apartment in New Capital R8 with Less Than EGP 250K Down Payment & Only EGP 26K Monthly!,Apartment,"Own your apartment in the New Administrative Capital with a down payment of less than a quarter million EGP and monthly installments of only EGP 26,000!If you’re looking for an apartment in the New Administrative Capital that combines a prime location, practical space, and a highly flexible payment plan, Kardia Compound in R8 is an opportunity worth considering. Unit DetailsArea: 148 sqm3 Bedrooms2 BathroomsSmart, well-designed layout for efficient use of spaceOnly 5% down paymentUp to 14 years installment planMonthly installment of approximately EGP 26,000Total price under the payment plan: EGP 4,662,000Kardia Compound LocationThe project is located in the heart of R8, New Administrative Capital, directly in front of the services area and Central Park, with easy access to some of the capital’s key destinations. Prime location near the Diplomatic District and Green River500 meters from clubs and hotels200 meters from an international universityClose to the services area and Central ParkEngineering Consultant: Hafez ConsultancyAbout the ProjectProject area: 23 acresBuilt-up ratio: Only 20%Extensive green and open spacesLakes and water featuresStrategically positioned on two major streetsAmenities & Facilities3 swimming pools + an indoor swimming poolPadel Tennis & Squash courtsGym – Spa – JacuzziCo-Working SpacesYoga & CrossFit AreasRunning & Cycling TrackKids’ AreaSocial Gathering AreaDouble-Height DuplexesFountains & water featuresConstruction StatusConstruction work has already started. About Capital Link DevelopmentsCapital Link Developments – 5 projects in the New Administrative CapitalMaster Link Construction – 20 years of experienceGanaklis Contracting – 15 years of experience5% Down Payment | EGP 26K Monthly | Up to 14 Years | 3 Bedrooms | R8For full unit details, payment plan, and reservation information, contact us now.","Kardia, R8, New Capital City, Cairo",4662000,EGP,3,2.0,Unfurnished,"Covered parking, Pets Allowed, Electricity Meter, Water Meter, Natural Gas, Landline, First Aid Medical Center, Swimming Pool, Sauna, Steam Room, Day Care Center, Kids Play Area, Lawn or Garden, Barbeque Area, Cafeteria or Canteen, Waste Disposal, Maintenance Staff, Cleaning Services, Security Staff",148 Sq. M.,‪Ali Abuomairah‬‏,"[""https://images.bayut.eg/thumbnails/48766521-800x600.jpeg"", ""https://images.bayut.eg/thumbnails/48766522-800x600.jpeg"", ""https://images.bayut.eg/thumbnails/48766523-800x600.jpeg"", ""https://images.bayut.eg/thumbnails/48766524-800x600.jpeg"", ""https://images.bayut.eg/thumbnails/48766525-800x600.jpeg"", ""https://images.bayut.eg/thumbnails/48766526-800x600.jpeg"", ""https://images.bayut.eg/thumbnails/48766527-800x600.jpeg"", ""https://images.bayut.eg/thumbnails/48766528-800x600.jpeg"", ""https://images.bayut.eg/thumbnails/48766529-800x600.jpeg"", ""https://images.bayut.eg/thumbnails/48766530-800x600.jpeg"", ""https://images.bayut.eg/thumbnails/48766531-800x600.jpeg"", ""https://images.bayut.eg/thumbnails/48766532-800x600.jpeg""]",Off-Plan,Primary
https://www.bayut.eg/en/property/details-503996072.html,Bayut - 5000144-XfhsGD,503996072,Realm Properties,only 3%dp to own your townhouse in badya BY CASH PRICE,Townhouse,"Now's your chance! If you're looking for the perfect lifestyle and a rewarding investment in a prime, luxurious location with all services and amenities. - Easy and flexible payment plan- Competitive prices- Reputable developer- Proven track record- Lowest down payment for the lowest price- Prime, easily accessible location- Comprehensive servicesfor more : [redacted phone number]---------------------------------------------------Unit Details:3 bedroom3 bathroomsnanny roomkitchenliving roomreception areadining areaterracegardenroof-------------------------------------------","Badya Palm Hills Compound, 6th of October, Giza Townhouses, Giza",12500000,EGP,3,3.0,Unfurnished,"Built in Kitchen Appliances, Furnished, Covered parking, Electricity Backup, Pets Allowed, Electricity Meter, Centrally Air-Conditioned, Sea view, Central Heating, Water Meter, Double Glazed Windows, Storage Areas, Natural Gas, Landline, Study Room, Central A/C & heating, Balcony or Terrace, Lobby in Building, Service Elevators, Prayer Room, Reception/Waiting Room, First Aid Medical Center, Gym or Health Club, Facilities for Disabled, Swimming Pool, Jacuzzi, Sauna, Steam Room, Day Care Center, Kids Play Area, Lawn or Garden, Barbeque Area, Cafeteria or Canteen, Waste Disposal, Maintenance Staff, Cleaning Services, Business Center, Conference Room, Security Staff, CCTV Security, Shared Kitchen, Laundry Room, Laundry Facility, Broadband Internet, Satellite/Cable TV, Intercom, ATM Facility, 24 Hours Concierge, Maids Room, Freehold",230 Sq. M.,Habiba Darwish,"[""https://images.bayut.eg/thumbnails/48527504-800x600.jpeg"", ""https://images.bayut.eg/thumbnails/48527505-800x600.jpeg"", ""https://images.bayut.eg/thumbnails/48527506-800x600.jpeg"", ""https://images.bayut.eg/thumbnails/48527507-800x600.jpeg"", ""https://images.bayut.eg/thumbnails/48527508-800x600.jpeg"", ""https://images.bayut.eg/thumbnails/48527509-800x600.jpeg"", ""https://images.bayut.eg/thumbnails/48527510-800x600.jpeg"", ""https://images.bayut.eg/thumbnails/48527511-800x600.jpeg"", ""https://images.bayut.eg/thumbnails/48527512-800x600.jpeg"", ""https://images.bayut.eg/thumbnails/48527513-800x600.jpeg"", ""https://images.bayut.eg/thumbnails/48527514-800x600.jpeg"", ""https://images.bayut.eg/thumbnails/48527515-800x600.jpeg"", ""https://images.bayut.eg/thumbnails/48527516-800x600.jpeg""]",Off-Plan,Primary
https://www.bayut.eg/en/property/details-503997217.html,Bayut - 5000443-7oEBu9,503997217,Deal,"With a 12-Year Payment Plan, Own a Premium Lagoon-View Apartment in the New Administrative Capital, Just Minutes from Capital International",Apartment,"Own Your Apartment – New Administrative Capital, with a Direct Lagoon ViewEnjoy a lifestyle that combines luxury, tranquility, and a premium open view. • Strategic location near major roads, the Diplomatic District, Capital International Airport, and Downtown. • Modern architectural designs with various apartment sizes and an open Lagoon View offering a stunning daily view. • A fully integrated residential community with landscaped green spaces and advanced amenities providing the highest levels of comfort and privacy. • An ideal opportunity for both living and investment, with a prime location, unique views, and strong investment potential. • Contact us now for the latest prices and available units, and reserve your Lagoon-View apartment .","R8, New Capital City, Cairo",5300000,EGP,4,3.0,Unfurnished,"Gym or Health Club, Swimming Pool, Jacuzzi, Sauna, Kids Play Area, Lawn or Garden, Barbeque Area, Cafeteria or Canteen",169 Sq. M.,basant samy,"[""https://images.bayut.eg/thumbnails/48550118-800x600.jpeg"", ""https://images.bayut.eg/thumbnails/48550119-800x600.jpeg"", ""https://images.bayut.eg/thumbnails/48550120-800x600.jpeg"", ""https://images.bayut.eg/thumbnails/48550121-800x600.jpeg"", ""https://images.bayut.eg/thumbnails/48550122-800x600.jpeg"", ""https://images.bayut.eg/thumbnails/48550123-800x600.jpeg"", ""https://images.bayut.eg/thumbnails/48550124-800x600.jpeg"", ""https://images.bayut.eg/thumbnails/48550125-800x600.jpeg"", ""https://images.bayut.eg/thumbnails/48550126-800x600.jpeg"", ""https://images.bayut.eg/thumbnails/48550127-800x600.jpeg""]",Off-Plan,Primary
https://www.bayut.eg/en/property/details-503995064.html,Bayut - EOH-ElMeria-C401,503995064,EOH-Emerald,One Bedroom 84 SQM-Heart Of Hurghada,Apartment,"Location:Al Maria Resort is situated in the Al-Hadaba area, near the vibrant Sheraton district and 16 km from Hurghada International Airport (a 20-minute drive). Al Maria Facilities:• 1,200-square-meter Olympic-sized swimming pool• Health club featuring a gym and spa• Club• Children's play area• Poolside café• 160-square-meter commercial center• 24-hour security• Covered parking for over 400 vehicles• Lush green spaces• Hotel and property management services• One elevator and one staircase per 6 apartments for safety, plus space for furniture transport• Wide corridors to ensure safetyAl-Maria Features:• Sheraton Area: A wide range of shops and restaurants nearby• Public beaches• Banking district• Shopping: Wholesale markets, Best Way, Kheir Zaman, and Carrefour• Hospitals: Numerous private hospitals, including AMC Hospital• Private schools: Futures Language School, The German School, St. Joseph School, and Hurghada International School","Hurghada, Red Sea Apartments, Red Sea",4872000,EGP,1,1.0,Unfurnished,"Built in Kitchen Appliances, Covered parking, Electricity Backup, Parking Spaces: 2, Electricity Meter, Central Heating, Water Meter, Double Glazed Windows, Landline, Balcony or Terrace, Lobby in Building, Elevators in Building: 10, Completion Year: 4, Reception/Waiting Room, Flooring, Total Floors: 6, First Aid Medical Center, Gym or Health Club, Facilities for Disabled, Swimming Pool, Jacuzzi, Sauna, Steam Room, Day Care Center, Kids Play Area, Lawn or Garden, Barbeque Area, Cafeteria or Canteen, Business Center, Conference Room, Security Staff, CCTV Security, Shared Kitchen, Laundry Room, Laundry Facility, Broadband Internet, Satellite/Cable TV, Intercom, ATM Facility, 24 Hours Concierge, Nearby Shopping Malls, View, Freehold",84 Sq. M.,"EOH- Emerald - Real estate, Consulting and investment","[""https://images.bayut.eg/thumbnails/48513846-800x600.jpeg"", ""https://images.bayut.eg/thumbnails/48513847-800x600.jpeg"", ""https://images.bayut.eg/thumbnails/48513848-800x600.jpeg"", ""https://images.bayut.eg/thumbnails/48513849-800x600.jpeg"", ""https://images.bayut.eg/thumbnails/48513850-800x600.jpeg"", ""https://images.bayut.eg/thumbnails/48513851-800x600.jpeg"", ""https://images.bayut.eg/thumbnails/48513852-800x600.jpeg"", ""https://images.bayut.eg/thumbnails/48513853-800x600.jpeg"", ""https://images.bayut.eg/thumbnails/48513854-800x600.jpeg""]",Off-Plan,Primary
https://www.bayut.eg/en/property/details-503997070.html,Bayut - 319-aQrEXW,503997070,Abrag One,"Fully finished Townhouse for sale in Grova East (Hassan Allam), New Cairo",Townhouse,"Townhouse for sale in Grova East (Hassan Allam), New CairoFully finishedBuilding area:263 m, Land area: 350 mFeatures: 3 bedrooms, 3 bathrooms8years payment plan availableDelivery: 2029","Grova, 3rd Settlement, New Cairo, Cairo",35441000,EGP,3,3.0,Unfurnished,"Pets Allowed, Electricity Meter, Water Meter, Double Glazed Windows, Balcony or Terrace, Total Floors: 2, Kids Play Area, Lawn or Garden, Maintenance Staff, Cleaning Services, Security Staff, CCTV Security, 24 Hours Concierge, Pet Policy, Freehold",350 Sq. M.,Ahmed Eldeeb,"[""https://images.bayut.eg/thumbnails/48534876-800x600.jpeg"", ""https://images.bayut.eg/thumbnails/48534877-800x600.jpeg"", ""https://images.bayut.eg/thumbnails/48534879-800x600.jpeg"", ""https://images.bayut.eg/thumbnails/48534880-800x600.jpeg"", ""https://images.bayut.eg/thumbnails/48534881-800x600.jpeg"", ""https://images.bayut.eg/thumbnails/48534882-800x600.jpeg"", ""https://images.bayut.eg/thumbnails/48534884-800x600.jpeg"", ""https://images.bayut.eg/thumbnails/48534885-800x600.jpeg"", ""https://images.bayut.eg/thumbnails/48540006-800x600.jpeg"", ""https://images.bayut.eg/thumbnails/48540007-800x600.jpeg"", ""https://images.bayut.eg/thumbnails/48540008-800x600.jpeg""]",Off-Plan,Primary
https://www.bayut.eg/en/property/details-503995266.html,Bayut - 1412-q7ymDt,503995266,Property Hills One 1,Villa Ali Al-Lagoon directly with a direct sea view in Mountain View with a down payment of 8 million and the possibility of installment for the remaining amount.,Villa,"Villa in a prime location in Mountain View Ras Al Hikma, close to lavista and Ceasar BayFully finished, minutes to the beach and ClubhouseVilla detailsGround floor / First floor / Terrace 3 rooms / 3 bathroomsDistinctive sandy beach and one of the strongest investment areas currentlyLarge landscape and swimming pool and lagoons suitable for swimming, distinctiveAvailable distinguished restaurants, cafes, malls, Gym, and SpaAvailable for daily viewing by prior appointmentA video of the villa from the inside and outside is available upon request via WhatsAppFor contact[redacted phone number]Location / Ras Al HikmaType of unit / VillaPrice / 26 million","Mountain View Ras Al Hekma, Ras Al Hekma, North Coast, Matruh Villas, Matruh",26000000,EGP,3,3.0,Unfurnished,"Built in Kitchen Appliances, Gym or Health Club, Kids Play Area, Lawn or Garden, Barbeque Area, Cafeteria or Canteen, Business Center, Conference Room, Security Staff, CCTV Security, 24 Hours Concierge",205 Sq. M.,Heba mohamed,"[""https://images.bayut.eg/thumbnails/48517629-800x600.jpeg"", ""https://images.bayut.eg/thumbnails/48517630-800x600.jpeg"", ""https://images.bayut.eg/thumbnails/48517631-800x600.jpeg"", ""https://images.bayut.eg/thumbnails/48517632-800x600.jpeg"", ""https://images.bayut.eg/thumbnails/48517633-800x600.jpeg"", ""https://images.bayut.eg/thumbnails/48517676-800x600.jpeg"", ""https://images.bayut.eg/thumbnails/48517677-800x600.jpeg"", ""https://images.bayut.eg/thumbnails/48517678-800x600.jpeg"", ""https://images.bayut.eg/thumbnails/48517679-800x600.jpeg"", ""https://images.bayut.eg/thumbnails/48517680-800x600.jpeg"", ""https://images.bayut.eg/thumbnails/48517681-800x600.jpeg"", ""https://images.bayut.eg/thumbnails/48517682-800x600.jpeg"", ""https://images.bayut.eg/thumbnails/48517683-800x600.jpeg"", ""https://images.bayut.eg/thumbnails/48517684-800x600.jpeg""]",Off-Plan,Primary
https://www.bayut.eg/en/property/details-503997129.html,Bayut - 414-Gi03PL,503997129,Remax - The Address,Apartment with under marker price - delivery 2027 with amazing view for resale in Sarai next Madinaty,Apartment,"Apartment delivery in 2027 with landscape viewBelow Market Price for Quick SalePrime Location in front of Madinaty and Open Air MallCompound: SaraiPhase: Elan Area: 164 sq mLivable Compound, Close to ServicesDown payment : 3,430,000Total price : 4,600,000For more details : [redacted phone number] ( mobile + whatsapp )","Sarai, Mostakbal City, Cairo",4600000,EGP,3,3.0,Unfurnished,"Electricity Backup, Water Meter, Double Glazed Windows, Storage Areas, Natural Gas, Landline, Central A/C & heating, First Aid Medical Center, Gym or Health Club, Facilities for Disabled, Jacuzzi, Sauna, Steam Room, Day Care Center, Kids Play Area, Barbeque Area, Cafeteria or Canteen, Shared Kitchen, Laundry Room, Broadband Internet, Satellite/Cable TV, Intercom, Maids Room",164 Sq. M.,Zeina khaled,"[""https://images.bayut.eg/thumbnails/48535455-800x600.jpeg"", ""https://images.bayut.eg/thumbnails/48535456-800x600.jpeg"", ""https://images.bayut.eg/thumbnails/48535457-800x600.jpeg"", ""https://images.bayut.eg/thumbnails/48535458-800x600.jpeg"", ""https://images.bayut.eg/thumbnails/48535459-800x600.jpeg"", ""https://images.bayut.eg/thumbnails/48535460-800x600.jpeg"", ""https://images.bayut.eg/thumbnails/48535461-800x600.jpeg"", ""https://images.bayut.eg/thumbnails/48535462-800x600.jpeg"", ""https://images.bayut.eg/thumbnails/48535463-800x600.jpeg"", ""https://images.bayut.eg/thumbnails/48535464-800x600.jpeg"", ""https://images.bayut.eg/thumbnails/48535465-800x600.jpeg"", ""https://images.bayut.eg/thumbnails/48535466-800x600.jpeg"", ""https://images.bayut.eg/thumbnails/48535467-800x600.jpeg""]",Off-Plan,Resale
https://www.bayut.eg/en/property/details-503996772.html,Bayut - 1114-Ko3gTw,503996772,Property Hills,FULLY FINISHED CHALET FULL SEA VIEW WITH SPECIAL PRICE,Chalet,"110 sqm Fully Finished Northern-Oriented Chalet with Direct Lagoon ViewAn outstanding coastal and investment opportunity to own a fully finished chalet on a typical floor, featuring a highly functional layout, prime northern orientation (Bahry) for fresh breezes, and picturesque lagoon views. Property Details:Built-up Area: 110 sqm, intelligently designed to optimize indoor space and functionality. Bedrooms: 2 Spacious bedrooms + Dedicated Nanny's Room. Bathrooms: Modern, high-spec bathrooms. Orientation: Prime Northern Orientation (Bahry) ensuring continuous natural breeze and light. View: Uninterrupted scenic view overlooking the Lagoon (Lagoon View). Floor: Typical Floor. Finishing: Fully Finished with premium quality standards. For Vacation Living: Smart configuration offering dedicated nanny accommodation for total family convenience, paired with cool ocean breezes and relaxing water views. For Real Estate Investment: Northern-oriented lagoon view chalets with nanny rooms represent highly liquid assets with top-tier seasonal rental returns and strong resale demand. The ultimate choice for buyers seeking turn-key luxury, practical layouts, and pristine water views.","El Masyaf, Ras Al Hekma, North Coast, Matruh Chalets, Matruh",9183966,EGP,3,3.0,Unfurnished,"Built in Kitchen Appliances, Furnished, Covered parking, Electricity Backup, Pets Allowed, Electricity Meter, Centrally Air-Conditioned, Sea view, Central Heating, Water Meter, Double Glazed Windows, Storage Areas, Natural Gas, Landline, Study Room, Central A/C & heating, Balcony or Terrace, Lobby in Building, Service Elevators, Prayer Room, Reception/Waiting Room, First Aid Medical Center, Gym or Health Club, Facilities for Disabled, Swimming Pool, Jacuzzi, Sauna, Steam Room, Day Care Center, Kids Play Area, Lawn or Garden, Barbeque Area, Cafeteria or Canteen, Waste Disposal, Maintenance Staff, Cleaning Services, Business Center, Conference Room, Security Staff, CCTV Security, Shared Kitchen, Laundry Room, Laundry Facility, Broadband Internet, Satellite/Cable TV, Intercom, ATM Facility, 24 Hours Concierge, Maids Room, Freehold",110 Sq. M.,Rawan khatab,"[""https://images.bayut.eg/thumbnails/48532036-800x600.jpeg"", ""https://images.bayut.eg/thumbnails/48532037-800x600.jpeg"", ""https://images.bayut.eg/thumbnails/48532038-800x600.jpeg"", ""https://images.bayut.eg/thumbnails/48532039-800x600.jpeg"", ""https://images.bayut.eg/thumbnails/48532040-800x600.jpeg"", ""https://images.bayut.eg/thumbnails/48532041-800x600.jpeg"", ""https://images.bayut.eg/thumbnails/48532042-800x600.jpeg"", ""https://images.bayut.eg/thumbnails/48532043-800x600.jpeg"", ""https://images.bayut.eg/thumbnails/48532044-800x600.jpeg"", ""https://images.bayut.eg/thumbnails/48532045-800x600.jpeg"", ""https://images.bayut.eg/thumbnails/48532046-800x600.jpeg"", ""https://images.bayut.eg/thumbnails/48532065-800x600.jpeg"", ""https://images.bayut.eg/thumbnails/48532066-800x600.jpeg"", ""https://images.bayut.eg/thumbnails/48532067-800x600.jpeg"", ""https://images.bayut.eg/thumbnails/48532068-800x600.jpeg"", ""https://images.bayut.eg/thumbnails/48532069-800x600.jpeg"", ""https://images.bayut.eg/thumbnails/48532070-800x600.jpeg"", ""https://images.bayut.eg/thumbnails/48532071-800x600.jpeg"", ""https://images.bayut.eg/thumbnails/48532072-800x600.jpeg"", ""https://images.bayut.eg/thumbnails/48532073-800x600.jpeg"", ""https://images.bayut.eg/thumbnails/48532074-800x600.jpeg"", ""https://images.bayut.eg/thumbnails/48532075-800x600.jpeg"", ""https://images.bayut.eg/thumbnails/48532076-800x600.jpeg"", ""https://images.bayut.eg/thumbnails/48532077-800x600.jpeg"", ""https://images.bayut.eg/thumbnails/48532078-800x600.jpeg"", ""https://images.bayut.eg/thumbnails/48532079-800x600.jpeg"", ""https://images.bayut.eg/thumbnails/48532080-800x600.jpeg"", ""https://images.bayut.eg/thumbnails/48532081-800x600.jpeg"", ""https://images.bayut.eg/thumbnails/48532082-800x600.jpeg""]",Off-Plan,Primary
https://www.bayut.eg/en/property/details-503994875.html,Bayut - EOH-ElMeria-B207,503994875,EOH-Emerald,One Bedroom 87 SQM - Heart Of Hurghada,Apartment,"Location:Al Maria Resort is situated in the Al-Hadaba area, near the vibrant Sheraton district and 16 km from Hurghada International Airport (a 20-minute drive). Al Maria Facilities:• 1,200-square-meter Olympic-sized swimming pool• Health club featuring a gym and spa• Club• Children's play area• Poolside café• 160-square-meter commercial center• 24-hour security• Covered parking for over 400 vehicles• Lush green spaces• Hotel and property management services• One elevator and one staircase per 6 apartments for safety, plus space for furniture transport• Wide corridors to ensure safetyAl-Maria Features:• Sheraton Area: A wide range of shops and restaurants nearby• Public beaches• Banking district• Shopping: Wholesale markets, Best Way, Kheir Zaman, and Carrefour• Hospitals: Numerous private hospitals, including AMC Hospital• Private schools: Futures Language School, The German School, St. Joseph School, and Hurghada International School","Hurghada, Red Sea Apartments, Red Sea",4350000,EGP,1,1.0,Unfurnished,"Built in Kitchen Appliances, Covered parking, Electricity Backup, Parking Spaces: 2, Electricity Meter, Central Heating, Water Meter, Double Glazed Windows, Storage Areas, Landline, Balcony or Terrace, Lobby in Building, Elevators in Building: 10, Completion Year: 2, Reception/Waiting Room, Flooring, Total Floors: 6, First Aid Medical Center, Gym or Health Club, Swimming Pool, Jacuzzi, Sauna, Steam Room, Day Care Center, Kids Play Area, Lawn or Garden, Barbeque Area, Cafeteria or Canteen, Waste Disposal, Maintenance Staff, Cleaning Services, Business Center, Conference Room, Security Staff, CCTV Security, Shared Kitchen, Laundry Room, Laundry Facility, Broadband Internet, Satellite/Cable TV, Intercom, 24 Hours Concierge, Nearby Shopping Malls, View, Freehold",87 Sq. M.,"EOH- Emerald - Real estate, Consulting and investment","[""https://images.bayut.eg/thumbnails/48511095-800x600.jpeg"", ""https://images.bayut.eg/thumbnails/48511096-800x600.jpeg"", ""https://images.bayut.eg/thumbnails/48511097-800x600.jpeg"", ""https://images.bayut.eg/thumbnails/48511098-800x600.jpeg"", ""https://images.bayut.eg/thumbnails/48511099-800x600.jpeg"", ""https://images.bayut.eg/thumbnails/48511100-800x600.jpeg"", ""https://images.bayut.eg/thumbnails/48511101-800x600.jpeg"", ""https://images.bayut.eg/thumbnails/48511102-800x600.jpeg"", ""https://images.bayut.eg/thumbnails/48511103-800x600.jpeg""]",Off-Plan,Primary
https://www.bayut.eg/en/property/details-504028730.html,Bayut - 1016-saPmG6,504028730,Falcon Real Estate,Direct Sea & Lagoon View 360 Fully Finished 217m With ACs For Sale In Alamein Towers North Coast Before Marina 7 & Marassi With Installments,Apartment,Offering a limited number of units “with a panoramic view directly on the sea and El Alamein Lakes”- Ultra Super Luxe finishing + air conditioners Apartment area: 217 square metersReady for viewing and receivingFor inquiries and inspection: [redacted phone number] + WhatsApp------------------------ -------------------------- ---- --------------------- ---------- ------------------------------------------------- -------------------------- ---- --------------------- ---------- -------------------------,"Alamein Towers, Alamein, North Coast, Matruh Apartments, Matruh",15400000,EGP,2,2.0,Unfurnished,"Covered parking, Sea view, Balcony or Terrace, Gym or Health Club, Jacuzzi, Sauna, Security Staff, CCTV Security, Maids Room",217 Sq. M.,Gehad Mohamed,"[""https://images.bayut.eg/thumbnails/49056250-800x600.jpeg"", ""https://images.bayut.eg/thumbnails/49056251-800x600.jpeg"", ""https://images.bayut.eg/thumbnails/49056252-800x600.jpeg"", ""https://images.bayut.eg/thumbnails/49056253-800x600.jpeg"", ""https://images.bayut.eg/thumbnails/49056254-800x600.jpeg"", ""https://images.bayut.eg/thumbnails/49056255-800x600.jpeg"", ""https://images.bayut.eg/thumbnails/49056256-800x600.jpeg"", ""https://images.bayut.eg/thumbnails/49056257-800x600.jpeg"", ""https://images.bayut.eg/thumbnails/49056258-800x600.jpeg"", ""https://images.bayut.eg/thumbnails/49056259-800x600.jpeg""]",Ready,Primary
https://www.bayut.eg/en/property/details-503921468.html,Bayut - MayPrimecommunity,503921468,Prime Community,"Experience the ultimate luxury lifestyle in a magnificent mansion featuring modern, contemporary finishes in Royal City in the heart of Zayed City",Villa,"Experience the ultimate luxury lifestyleEnjoy a premium standard of living tailored to you and your familyLocated in Royal City CompoundAn exceptional location in the heart of Sheikh Zayed cityClose proximity to all amenities, malls, and major roads for effortless livingA magnificent mansion featuring modern, contemporary finishesBrand new—never previously occupiedDistinguished by elegance and refined tasteIdeally situated on a corner lot, overlooking front and rear landscapes for a stunning viewFeatures a delightful swimming pool designed for enjoyment and ultimate relaxationLand area: 950 square metersBuilt-up area: 700 square metersIncludes a grand, sophisticated entrance and lobbyEquipped with a central concealed air conditioning system covering the entire mansionUnique layout featuring 8 bedrooms: 6 master suites (each with an en-suite bathroom and dressing room), plus a bedroom with a bathroom and office, and a guest bathroom. 8 exquisitely designed, high-end bathrooms. Fully fitted kitchen featuring premium oak cabinetry. Nanny’s room with en-suite bathroom. Driver’s room with en-suite bathroom. Jacuzzi connected to the swimming pool for relaxation and luxury. Outdoor bathroom and shower serving the garden and pool area. Pre-installation for an outdoor kitchen, ideal for hosting parties and enjoying the garden. Wireless connectivity and sound system throughout the entire mansion. Comprehensive security system with surveillance cameras. Automatic outdoor lighting system for a relaxing and tranquil atmosphere. Asking price: 75,000,000 (Cash). For more info . please call [redacted phone number]Waleed Moghazy","Royal City Compound, Sheikh Zayed, Giza Villas, Giza",75000000,EGP,8,8.0,Unfurnished,"Built in Kitchen Appliances, Covered parking, Electricity Backup, Pets Allowed, Parking Spaces: 3, Electricity Meter, Centrally Air-Conditioned, Water Meter, Double Glazed Windows, Storage Areas, Natural Gas, Landline, Study Room, Central A/C & heating, Balcony or Terrace, Lobby in Building, Flooring, Facilities for Disabled, Swimming Pool, Jacuzzi, Steam Room, Kids Play Area, Lawn or Garden, Barbeque Area, Waste Disposal, Business Center, Security Staff, Laundry Room, Broadband Internet, Satellite/Cable TV, Intercom, Pet Policy, Maids Room, View, Freehold",700 Sq. M.,Waleed Moghazy,"[""https://images.bayut.eg/thumbnails/47681052-800x600.jpeg"", ""https://images.bayut.eg/thumbnails/47681055-800x600.jpeg"", ""https://images.bayut.eg/thumbnails/47681053-800x600.jpeg"", ""https://images.bayut.eg/thumbnails/47681054-800x600.jpeg"", ""https://images.bayut.eg/thumbnails/47681057-800x600.jpeg"", ""https://images.bayut.eg/thumbnails/47681058-800x600.jpeg"", ""https://images.bayut.eg/thumbnails/47681062-800x600.jpeg"", ""https://images.bayut.eg/thumbnails/47681063-800x600.jpeg"", ""https://images.bayut.eg/thumbnails/47681064-800x600.jpeg"", ""https://images.bayut.eg/thumbnails/47681065-800x600.jpeg"", ""https://images.bayut.eg/thumbnails/47681066-800x600.jpeg"", ""https://images.bayut.eg/thumbnails/47681102-800x600.jpeg"", ""https://images.bayut.eg/thumbnails/47681103-800x600.jpeg""]",Ready,Resale
https://www.bayut.eg/en/property/details-503894928.html,Bayut - 1412-2Nqd04,503894928,Property Hills One 1,"Prove Chalet for sale at 840,000 from Sodic with a sea view, finished and equipped with air conditioning - in June Sodic - North Coast",Chalet,"Proove Chalet for sale with a down payment of 840,000 from Sodic with a sea view, fully finished and equipped with air conditioning - in Joun Sodic - North Coast3 rooms including a master + a nanny master room4 bathroomsLarge private roof of 117 metersFully finished and ready with air conditioningTotal price cash: 20,450,000Down payment of 840,000 is available and the rest can be paid in installments over 10 years with facilitiesViewing is available at any time and a video explaining the chalet can be sent: [redacted phone number]Calls + WhatsAppFacilities and services:Swimming pools and beach lagoonsHotel services and hospitalityGym/Fitness centerCommercial areaRestaurants and cafesAnd many more facilities.","June Sodic, Ras Al Hekma, North Coast, Matruh Chalets, Matruh",20450000,EGP,4,4.0,Unfurnished,"Built in Kitchen Appliances, Covered parking, Electricity Backup, Pets Allowed, Electricity Meter, Centrally Air-Conditioned, Sea view, Central Heating, Double Glazed Windows, Storage Areas, Landline, Central A/C & heating, Balcony or Terrace, First Aid Medical Center, Gym or Health Club, Facilities for Disabled, Swimming Pool, Jacuzzi, Sauna, Steam Room, Day Care Center, Kids Play Area, Lawn or Garden, Barbeque Area, Cafeteria or Canteen, Waste Disposal, Maintenance Staff, Cleaning Services, Business Center, Conference Room, Security Staff, CCTV Security, Shared Kitchen, Laundry Room, Laundry Facility, Broadband Internet, Satellite/Cable TV, Intercom, 24 Hours Concierge, Maids Room, Freehold",185 Sq. M.,Aya Mahmoud,"[""https://images.bayut.eg/thumbnails/47188691-800x600.jpeg"", ""https://images.bayut.eg/thumbnails/47188692-800x600.jpeg"", ""https://images.bayut.eg/thumbnails/47188693-800x600.jpeg"", ""https://images.bayut.eg/thumbnails/47188694-800x600.jpeg"", ""https://images.bayut.eg/thumbnails/47188695-800x600.jpeg"", ""https://images.bayut.eg/thumbnails/47188696-800x600.jpeg"", ""https://images.bayut.eg/thumbnails/47188697-800x600.jpeg"", ""https://images.bayut.eg/thumbnails/47188698-800x600.jpeg"", ""https://images.bayut.eg/thumbnails/47188699-800x600.jpeg"", ""https://images.bayut.eg/thumbnails/47188700-800x600.jpeg"", ""https://images.bayut.eg/thumbnails/47188701-800x600.jpeg"", ""https://images.bayut.eg/thumbnails/47188702-800x600.jpeg""]",Off-Plan,Primary
https://www.bayut.eg/en/property/details-503872678.html,Bayut - 5000410-TyaMD8,503872678,Egypt Best Properties (EBP),"Luxury Villa in Ras El-Hekma, Prime Location, Ready to Move",Villa,"Luxury Villa in Ras El-Hekma, Prime Location, Ready to Move3 Bedrooms + maid's room + driver room5 BathroomsLuxury finishingOver InstallmentsContact us for further details [redacted phone number]____________________________Marakez developed the Ramla North Coast Resort in Ras El Hekma, Egypt, specifically on the 215th km of the Alexandria - Marsa Matrouh Road (International Coastal Road). Established to be a place where everyone can celebrate life, Ramla El Sahel offers a simple yet soulful experience. The developer implemented a broad array of amenities in the Ramla North Coast Project, from a wide beachfront with a myriad of activities to crafting a natural paradise where vacationers get to unwind, relax, and enjoy a great outdoor experience. Ramla North Coast Location in EgyptThe Ramla Sahel location was smartly picked, and it is ideally situated on the 215th kilometer of the International Coastal Road. The resort is in proximity to many popular destinations and recreational facilities in the area.","Ramla, North Coast, Matruh Villas, Matruh",53000000,EGP,4,5.0,Furnished,"Built in Kitchen Appliances, Furnished, Covered parking, Electricity Backup, Pets Allowed, Parking Spaces: 2, Electricity Meter, Centrally Air-Conditioned, Sea view, Central Heating, Water Meter, Double Glazed Windows, Storage Areas, Natural Gas, Landline, Study Room, Central A/C & heating, Balcony or Terrace, Lobby in Building, Service Elevators, Prayer Room, Reception/Waiting Room, First Aid Medical Center, Gym or Health Club, Facilities for Disabled, Swimming Pool, Jacuzzi, Sauna, Steam Room, Day Care Center, Kids Play Area, Lawn or Garden, Barbeque Area, Cafeteria or Canteen, Waste Disposal, Maintenance Staff, Cleaning Services, Business Center, Conference Room, Security Staff, CCTV Security, Shared Kitchen, Laundry Room, Laundry Facility, Broadband Internet, Satellite/Cable TV, Intercom, ATM Facility, 24 Hours Concierge, Maids Room, Freehold",180 Sq. M.,Abeer Essam,"[""https://images.bayut.eg/thumbnails/46906565-800x600.jpeg"", ""https://images.bayut.eg/thumbnails/46906566-800x600.jpeg"", ""https://images.bayut.eg/thumbnails/46906567-800x600.jpeg"", ""https://images.bayut.eg/thumbnails/46906568-800x600.jpeg"", ""https://images.bayut.eg/thumbnails/46906576-800x600.jpeg"", ""https://images.bayut.eg/thumbnails/46906577-800x600.jpeg"", ""https://images.bayut.eg/thumbnails/46906578-800x600.jpeg"", ""https://images.bayut.eg/thumbnails/46906579-800x600.jpeg"", ""https://images.bayut.eg/thumbnails/46906580-800x600.jpeg"", ""https://images.bayut.eg/thumbnails/46906581-800x600.jpeg"", ""https://images.bayut.eg/thumbnails/46906582-800x600.jpeg"", ""https://images.bayut.eg/thumbnails/46906583-800x600.jpeg"", ""https://images.bayut.eg/thumbnails/46906584-800x600.jpeg"", ""https://images.bayut.eg/thumbnails/46906585-800x600.jpeg"", ""https://images.bayut.eg/thumbnails/46906586-800x600.jpeg""]",Ready,Primary
https://www.bayut.eg/en/property/details-503853730.html,Bayut - 5000410-JjOfQ4,503853730,Egypt Best Properties (EBP),BEST LOCATION CHALET FINISHED WITH AC'S OPEN TERRACE IN RAMLA MARAKEZ WITH INSTALLMENTS 8 YEARS CHALET FOR SALE,Chalet,"Near to the Beach Chalet in Ramla, offering a direct lagoon view, modern finishing, and a prime location for a perfect coastal lifestyle. Fully Finished with ACsDirect Lagoon ViewFor showing and Payment Plan Call [redacted phone number]DP Only 5% The rest installments over 8Years Built-up Area: 174 sqmBedrooms: 3Bathrooms: 3Key Features:Fully finished with air conditioningPrime location inside the projectIdeal for vacation and investmentHigh rental potential in a demanded locationWhy This Unit:Perfect for summer living and investment, offering comfort, privacy, and strong value in one of the most attractive coastal destinations.","Ramla, North Coast, Matruh Chalets, Matruh",22990000,EGP,3,3.0,Furnished,"Built in Kitchen Appliances, First Aid Medical Center, Gym or Health Club, Swimming Pool, Jacuzzi, Sauna, Day Care Center, Kids Play Area, Lawn or Garden, Barbeque Area, Cafeteria or Canteen, Laundry Room, Laundry Facility",174 Sq. M.,Shahd Diaa,"[""https://images.bayut.eg/thumbnails/46685853-800x600.jpeg"", ""https://images.bayut.eg/thumbnails/46685854-800x600.jpeg"", ""https://images.bayut.eg/thumbnails/46685855-800x600.jpeg"", ""https://images.bayut.eg/thumbnails/46685856-800x600.jpeg"", ""https://images.bayut.eg/thumbnails/46685857-800x600.jpeg"", ""https://images.bayut.eg/thumbnails/46685858-800x600.jpeg"", ""https://images.bayut.eg/thumbnails/46685859-800x600.jpeg"", ""https://images.bayut.eg/thumbnails/46685860-800x600.jpeg"", ""https://images.bayut.eg/thumbnails/46685861-800x600.jpeg"", ""https://images.bayut.eg/thumbnails/46685862-800x600.jpeg""]",Off-Plan,Primary
https://www.bayut.eg/en/property/details-503853516.html,Bayut - 5000410-RltJ6F,503853516,Egypt Best Properties (EBP),NEAR SEA NEW PHASE CHALET FOR SALE IN SILVER SANDS BY ORA WITH INSTALLMENTS,Chalet,"Own a chalet in Silver Sands, fully finished with air conditioning, Near to the sea. The chalet is 95 square meters, with a modern design and comfortable atmosphere, making it ideal for a vacation or investment. • 2 bedrooms + 2 bathrooms• Prime location in the project• Lowest down payment and installments up to 8 yearsFor more details: [redacted phone number]• Modern and practical designFor more info Call : [redacted phone number]Walking distance to the beachPremium resort lifestyleLandscaped surroundings and open viewsIdeal vacation home and rental investmentThe Cove Silver sands, also following its mother resort, has a smart master plan that was well-planned, ensuring the residents get an enjoyable experience. This brilliant outline, designed for the phase, revealed the following:Lush greenery is taking over the entire project’s land area. The greenery offers a breathable architecture for the phase and adds to its scenery. Verdant landscaping encircling the entire project’s land area. The landscaping offers the residents a spacious, wide outdoor area where they can practice various activities.","Silver Sands, North Coast, Matruh Chalets, Matruh",13200000,EGP,2,2.0,Unfurnished,"Built in Kitchen Appliances, Covered parking, Pets Allowed, Electricity Meter, Sea view, Natural Gas, Day Care Center, Kids Play Area, Lawn or Garden, Barbeque Area, Cafeteria or Canteen",95 Sq. M.,Shahd Diaa,"[""https://images.bayut.eg/thumbnails/46686626-800x600.jpeg"", ""https://images.bayut.eg/thumbnails/46686627-800x600.jpeg"", ""https://images.bayut.eg/thumbnails/46686628-800x600.jpeg"", ""https://images.bayut.eg/thumbnails/46686629-800x600.jpeg"", ""https://images.bayut.eg/thumbnails/46686630-800x600.jpeg"", ""https://images.bayut.eg/thumbnails/46686631-800x600.jpeg"", ""https://images.bayut.eg/thumbnails/46686632-800x600.jpeg"", ""https://images.bayut.eg/thumbnails/46686633-800x600.jpeg"", ""https://images.bayut.eg/thumbnails/46686634-800x600.jpeg"", ""https://images.bayut.eg/thumbnails/46686635-800x600.jpeg""]",Off-Plan,Primary
https://www.bayut.eg/en/property/details-503993953.html,Bayut - 5000443-d4j27b,503993953,Deal,"Own a standalone villa with monthly installments starting from EGP 341,000 in a prime location in the Investors District, New Administrative Capital",Villa,"New Administrative Capital – IL Bosco Compound400 sqm Standalone Villa in a prime location with a stunning open view. Delivery in 4 Years. A fully integrated community featuring a hotel, clubhouse, lush green landscapes, lakes, sports facilities, retail outlets, and entertainment areas. 30% Discount with equal installments over 6 years. Contact us now for prices and to schedule your viewing.","IL Bosco, New Capital City, Cairo",27000000,EGP,5,5.0,Unfurnished,"Built in Kitchen Appliances, Landline, Swimming Pool, Jacuzzi, Day Care Center, Kids Play Area, Lawn or Garden, Barbeque Area, Cafeteria or Canteen, Waste Disposal, Maintenance Staff, Cleaning Services, Shared Kitchen, Laundry Room, Laundry Facility, Broadband Internet, Satellite/Cable TV, Intercom, Maids Room",400 Sq. M.,Inas,"[""https://images.bayut.eg/thumbnails/48499819-800x600.jpeg"", ""https://images.bayut.eg/thumbnails/48499810-800x600.jpeg"", ""https://images.bayut.eg/thumbnails/48499811-800x600.jpeg"", ""https://images.bayut.eg/thumbnails/48499809-800x600.jpeg"", ""https://images.bayut.eg/thumbnails/48499812-800x600.jpeg"", ""https://images.bayut.eg/thumbnails/48499813-800x600.jpeg"", ""https://images.bayut.eg/thumbnails/48499821-800x600.jpeg"", ""https://images.bayut.eg/thumbnails/48499814-800x600.jpeg"", ""https://images.bayut.eg/thumbnails/48499815-800x600.jpeg"", ""https://images.bayut.eg/thumbnails/48499816-800x600.jpeg"", ""https://images.bayut.eg/thumbnails/48499817-800x600.jpeg"", ""https://images.bayut.eg/thumbnails/48499818-800x600.jpeg"", ""https://images.bayut.eg/thumbnails/48499820-800x600.jpeg""]",Off-Plan,Primary
https://www.bayut.eg/en/property/details-503997541.html,Bayut - 5000443-ZLMh90,503997541,Deal,"Own your home with the lowest down payment and monthly installments from EGP 36,000 at Isola Quattro 2, opposite Patio Oro, minutes from Mostakbal Cit",Apartment,"New Cairo – Isola Quattro 2 Compound104 sqm Apartment in a prime location directly on Bin Zayed Axis, next to Patio Oro. 2 Bedrooms | 2 Bathroom | Spacious Reception. A fully integrated community with green landscapes, a clubhouse, swimming pools, a gym, and 24/7 security. An exceptional location close to major roads and essential services. Contact me now for prices and the best payment plans.","Isola Quattro, 5th Settlement, New Cairo, Cairo",4410000,EGP,2,2.0,Unfurnished,"Landline, First Aid Medical Center, Gym or Health Club, Swimming Pool, Jacuzzi, Sauna, Steam Room, Kids Play Area, Lawn or Garden, Barbeque Area, Cafeteria or Canteen, Waste Disposal, Maintenance Staff, Cleaning Services, Conference Room, Security Staff, CCTV Security, Broadband Internet, Satellite/Cable TV, Intercom, 24 Hours Concierge",104 Sq. M.,Inas,"[""https://images.bayut.eg/thumbnails/48548381-800x600.jpeg"", ""https://images.bayut.eg/thumbnails/48548382-800x600.jpeg"", ""https://images.bayut.eg/thumbnails/48548383-800x600.jpeg"", ""https://images.bayut.eg/thumbnails/48548384-800x600.jpeg"", ""https://images.bayut.eg/thumbnails/48548385-800x600.jpeg"", ""https://images.bayut.eg/thumbnails/48548386-800x600.jpeg"", ""https://images.bayut.eg/thumbnails/48548387-800x600.jpeg"", ""https://images.bayut.eg/thumbnails/48548388-800x600.jpeg""]",Off-Plan,Primary
https://www.bayut.eg/en/property/details-503994956.html,Bayut - M/MAS3AUG7,503994956,New Avenue,Finished Apartment with ac’s prime location Near madinaty,Apartment,"Lagoon View Apartment | Discounted 4 Million Below the Developer's PricePrime Location | Phase One | 2 Minutes from Mostakbal City Gate | Facing Simo BoulevardBuilt-up Area:206 SQMLayout :( 4 Bedrooms- 4 Bathrooms - Reception - Kitchen - Nanny's Room with Bath )Down Payment: 2,470,000 EGPTotal Price: 5,940,000 EGPRemaining Installments: Up to 18 Months___________________________________________________M/MAS3AUG7(Mostakbal City) – Core Selling PointsPrime Strategic Location: Situated in Phase One of Mostakbal City with direct proximity to the Middle Ring Road, Suez Road, and the American University in Cairo (AUC). The project is surrounded by fully operational, established residential developments. Enhanced Security Infrastructure: Located within a highly secure, double-gated community footprint, ensuring premium safety and maximum privacy for residents. Proven Developer Track Record: Developed by Valda Developments, a firm with a reliable history of delivering projects on or ahead of schedule. Notable operational developments include Akoya, Hayaty Residence, Leven Square, The Ledge, and Rove. Spacious & Functional Layouts: Designed with generous, heritage-inspired dimensions including 1-bedroom units up to 102 sqm, 2-bedroom units up to 155 sqm, and 3-bedroom units reaching 192 sqm. Floor plans feature practical utility additions such as dedicated Nanny, Laundry, and Storage rooms. Boutique ""Cozy Compound"" Concept: Spanning an intimate 30 acres with low-density residential zoning, integrated alongside premium amenities including a 23,000 sqm commercial mall and an upscale hotel. High Investment Yield & Value: The scarcity of units coupled with an optimal price-to-area ratio ensures strong Value for Money, driving high Return on Investment (ROI) for both rental yields and capital appreciation. Highly competitive payment options are available, featuring up to 10-year flexible installment plans.","Madinaty, Cairo",5940000,EGP,4,4.0,Unfurnished,"Balcony or Terrace, Reception/Waiting Room, Gym or Health Club, Jacuzzi, Sauna, Day Care Center, Kids Play Area, Barbeque Area, Cafeteria or Canteen, Maintenance Staff, Cleaning Services, Security Staff, CCTV Security",206 Sq. M.,Mahmoud Al Masry,"[""https://images.bayut.eg/thumbnails/48512257-800x600.jpeg"", ""https://images.bayut.eg/thumbnails/48512258-800x600.jpeg"", ""https://images.bayut.eg/thumbnails/48512259-800x600.jpeg"", ""https://images.bayut.eg/thumbnails/48512260-800x600.jpeg"", ""https://images.bayut.eg/thumbnails/48512261-800x600.jpeg"", ""https://images.bayut.eg/thumbnails/48512262-800x600.jpeg"", ""https://images.bayut.eg/thumbnails/48512263-800x600.jpeg"", ""https://images.bayut.eg/thumbnails/48512264-800x600.jpeg"", ""https://images.bayut.eg/thumbnails/48512265-800x600.jpeg"", ""https://images.bayut.eg/thumbnails/48512266-800x600.jpeg""]",Off-Plan,Primary
https://www.bayut.eg/en/property/details-503997691.html,Bayut - 5000092-uUbO6x,503997691,BackYard for Real estate,"Appartment for sale in Hyde park new cairo with 575,000 EG Dp Near AUC (New Cairo)",Apartment,"Apartment for Sale in Hyde Park, New CairoLocated in a prime location, near the American University in Cairo (AUC). BUA : 130 SQM3 BedroomsOpen View Over Landscaped AreasPrime LocationFully Integrated Compound with Top-Notch Facilities & ServicesTotal Price: EGP 11,500,000Payment Plan:5% Down PaymentEqual Installments for up to 10 YearsFor more details or to schedule a viewing, please contact us:","Hyde Park New Cairo Compound, 5th Settlement, New Cairo, Cairo",11500000,EGP,3,3.0,Unfurnished,"Built in Kitchen Appliances, Covered parking, Electricity Backup, Pets Allowed, Electricity Meter, Centrally Air-Conditioned, Central Heating, Double Glazed Windows, Storage Areas, Natural Gas, Landline, Central A/C & heating, First Aid Medical Center, Facilities for Disabled, Swimming Pool, Jacuzzi, Sauna, Steam Room, Day Care Center, Kids Play Area, Barbeque Area, Cafeteria or Canteen, Maintenance Staff, Cleaning Services, Business Center, Conference Room, Security Staff, CCTV Security, Laundry Room, Laundry Facility, Satellite/Cable TV, Intercom, ATM Facility, 24 Hours Concierge, Maids Room",130 Sq. M.,Sohaila Medhat,"[""https://images.bayut.eg/thumbnails/48542048-800x600.jpeg"", ""https://images.bayut.eg/thumbnails/48542049-800x600.jpeg"", ""https://images.bayut.eg/thumbnails/48542050-800x600.jpeg"", ""https://images.bayut.eg/thumbnails/48542051-800x600.jpeg"", ""https://images.bayut.eg/thumbnails/48542052-800x600.jpeg"", ""https://images.bayut.eg/thumbnails/48542053-800x600.jpeg"", ""https://images.bayut.eg/thumbnails/48542054-800x600.jpeg"", ""https://images.bayut.eg/thumbnails/48542055-800x600.jpeg"", ""https://images.bayut.eg/thumbnails/48542056-800x600.jpeg"", ""https://images.bayut.eg/thumbnails/48542057-800x600.jpeg"", ""https://images.bayut.eg/thumbnails/48542058-800x600.jpeg"", ""https://images.bayut.eg/thumbnails/48542059-800x600.jpeg""]",Off-Plan,Primary
https://www.bayut.eg/en/property/details-503997338.html,Bayut - 5000443-56FYBf,503997338,Deal,"12% Discount on a 215 sqm Duplex with a Private Garden in the Heart of R8. Only 10% Down Payment in the New Administrative Capital, Next to an Interna",Duplex,Located next to an International University and a 5-Star Hotel. One of the New Capital's most prestigious residential and investment locations. Spacious 215 sqm duplex with a private garden. Inside a fully integrated compound with premium amenities. Contact me now before this offer ends. Only 10% down payment. Enjoy exceptional value in a prime location. A perfect choice for premium living and a smart investment. Limited units available at an unbeatable price.,"Ayyam, R8, New Capital City, Cairo Duplexes, Cairo",7900000,EGP,3,4.0,Unfurnished,"Built in Kitchen Appliances, Furnished, Covered parking, Electricity Backup, Electricity Meter, Central Heating, Water Meter, Double Glazed Windows, Natural Gas, Landline, Central A/C & heating, Balcony or Terrace, Gym or Health Club, Swimming Pool, Jacuzzi, Sauna, Steam Room, Day Care Center, Kids Play Area, Lawn or Garden, Barbeque Area, Cafeteria or Canteen, Waste Disposal, Maintenance Staff, Cleaning Services, Business Center, Conference Room, Security Staff, CCTV Security, Shared Kitchen, Laundry Room, Laundry Facility, Broadband Internet, Satellite/Cable TV, Intercom, 24 Hours Concierge, Freehold",250 Sq. M.,Yara Essam,"[""https://images.bayut.eg/thumbnails/48552348-800x600.jpeg"", ""https://images.bayut.eg/thumbnails/48552349-800x600.jpeg"", ""https://images.bayut.eg/thumbnails/48552350-800x600.jpeg"", ""https://images.bayut.eg/thumbnails/48552352-800x600.jpeg"", ""https://images.bayut.eg/thumbnails/48552353-800x600.jpeg"", ""https://images.bayut.eg/thumbnails/48552354-800x600.jpeg"", ""https://images.bayut.eg/thumbnails/48552355-800x600.jpeg"", ""https://images.bayut.eg/thumbnails/48552358-800x600.jpeg"", ""https://images.bayut.eg/thumbnails/48552359-800x600.jpeg""]",Off-Plan,Primary
https://www.bayut.eg/en/property/details-503995034.html,Bayut - EOH-Elmeria-B406,503995034,EOH-Emerald,Two Bedrooms 135 SQM - Heart Of hurghada,Apartment,"Location:Al Maria Resort is situated in the Al-Hadaba area, near the vibrant Sheraton district and 16 km from Hurghada International Airport (a 20-minute drive). Al Maria Facilities:• 1,200-square-meter Olympic-sized swimming pool• Health club featuring a gym and spa• Club• Children's play area• Poolside café• 160-square-meter commercial center• 24-hour security• Covered parking for over 400 vehicles• Lush green spaces• Hotel and property management services• One elevator and one staircase per 6 apartments for safety, plus space for furniture transport• Wide corridors to ensure safetyAl-Maria Features:• Sheraton Area: A wide range of shops and restaurants nearby• Public beaches• Banking district• Shopping: Wholesale markets, Best Way, Kheir Zaman, and Carrefour• Hospitals: Numerous private hospitals, including AMC Hospital• Private schools: Futures Language School, The German School, St. Joseph School, and Hurghada International School","Hurghada, Red Sea Apartments, Red Sea",7020000,EGP,2,2.0,Unfurnished,"Built in Kitchen Appliances, Covered parking, Electricity Backup, Parking Spaces: 2, Electricity Meter, Central Heating, Water Meter, Double Glazed Windows, Landline, Balcony or Terrace, Lobby in Building, Elevators in Building: 10, Service Elevators, Completion Year: 4, Reception/Waiting Room, Flooring, Total Floors: 6, First Aid Medical Center, Gym or Health Club, Swimming Pool, Jacuzzi, Sauna, Steam Room, Day Care Center, Kids Play Area, Lawn or Garden, Barbeque Area, Cafeteria or Canteen, Waste Disposal, Maintenance Staff, Cleaning Services, Business Center, Conference Room, Security Staff, Shared Kitchen, Laundry Room, Laundry Facility, Broadband Internet, Satellite/Cable TV, Intercom, ATM Facility, 24 Hours Concierge, Nearby Shopping Malls, View, Freehold",135 Sq. M.,"EOH- Emerald - Real estate, Consulting and investment","[""https://images.bayut.eg/thumbnails/48512973-800x600.jpeg"", ""https://images.bayut.eg/thumbnails/48512974-800x600.jpeg"", ""https://images.bayut.eg/thumbnails/48512975-800x600.jpeg"", ""https://images.bayut.eg/thumbnails/48512976-800x600.jpeg"", ""https://images.bayut.eg/thumbnails/48512977-800x600.jpeg"", ""https://images.bayut.eg/thumbnails/48512978-800x600.jpeg"", ""https://images.bayut.eg/thumbnails/48512979-800x600.jpeg"", ""https://images.bayut.eg/thumbnails/48512980-800x600.jpeg"", ""https://images.bayut.eg/thumbnails/48512981-800x600.jpeg""]",Off-Plan,Primary
https://www.bayut.eg/en/property/details-503997104.html,Bayut - 5000397-OXhEeQ,503997104,We Add,"Latest two-bedroom apartment in Taj City | 115 square meters | Delivery in two years, Orgamie phase",Apartment,"Own your apartment in Taj City – Orgami phaseArea: 115 meters2 bedrooms2 bathroomsDelivery within two yearsContract deposit: 2,000,000 EGP onlyInstallment: 188,000 EGP every 3 months⏳ Installments over 8 yearsTotal contract after discount: 8,025,000 EGPIf you are looking for a two-bedroom apartment in Taj City with a comfortable payment plan and a special price, this is an opportunity worth knowing the details. Send us your information to know the details and booking. Details at number [redacted phone number]","Taj City Compound, 1st Settlement, New Cairo, Cairo",8025000,EGP,2,2.0,Unfurnished,"First Aid Medical Center, Gym or Health Club, Swimming Pool, Jacuzzi, Sauna, Steam Room, Day Care Center, Kids Play Area, Lawn or Garden, Barbeque Area, Cafeteria or Canteen, Waste Disposal, Maintenance Staff, Cleaning Services, Business Center, Conference Room, Security Staff, CCTV Security, 24 Hours Concierge",115 Sq. M.,aymen saed,"[""https://images.bayut.eg/thumbnails/48535561-800x600.jpeg"", ""https://images.bayut.eg/thumbnails/48535562-800x600.jpeg"", ""https://images.bayut.eg/thumbnails/48535563-800x600.jpeg"", ""https://images.bayut.eg/thumbnails/48535564-800x600.jpeg"", ""https://images.bayut.eg/thumbnails/48535565-800x600.jpeg"", ""https://images.bayut.eg/thumbnails/48535566-800x600.jpeg"", ""https://images.bayut.eg/thumbnails/48535567-800x600.jpeg"", ""https://images.bayut.eg/thumbnails/48535568-800x600.jpeg"", ""https://images.bayut.eg/thumbnails/48535569-800x600.jpeg""]",Off-Plan,Primary
https://www.bayut.eg/en/property/details-503997196.html,Bayut - 5000443-UZmAEw,503997196,Deal,Only 8 Million EGP in Installments. . A Townhouse in the Prime Residential & Investment Location of the New Capital!,Villa,"Townhouse in a premium compoundSecond row from the Diplomatic DistrictExceptional location close to major roads and key destinationsA prime spot combining privacy, tranquility, and strong investment potentialOnly 8 Million EGP with installments — A unique residential & investment opportunity!Own in one of the New Capital’s most promising locations and secure a property with strong future value. Call me now and get the full offer details before this opportunity is gone.","R8, New Capital City, Cairo",8000000,EGP,3,5.0,Unfurnished,"Built in Kitchen Appliances, Covered parking, Electricity Backup, Electricity Meter, Water Meter, Double Glazed Windows, Natural Gas, Landline, Balcony or Terrace, First Aid Medical Center, Gym or Health Club, Swimming Pool, Jacuzzi, Sauna, Steam Room, Day Care Center, Kids Play Area, Lawn or Garden, Barbeque Area, Cafeteria or Canteen, Waste Disposal, Maintenance Staff, Cleaning Services, Business Center, Conference Room, Security Staff, CCTV Security, Shared Kitchen, Laundry Room, Laundry Facility, Broadband Internet, Satellite/Cable TV, Intercom, 24 Hours Concierge, Maids Room, Freehold",200 Sq. M.,Yara Essam,"[""https://images.bayut.eg/thumbnails/48555059-800x600.jpeg"", ""https://images.bayut.eg/thumbnails/48555060-800x600.jpeg"", ""https://images.bayut.eg/thumbnails/48555061-800x600.jpeg"", ""https://images.bayut.eg/thumbnails/48555062-800x600.jpeg"", ""https://images.bayut.eg/thumbnails/48555063-800x600.jpeg"", ""https://images.bayut.eg/thumbnails/48555064-800x600.jpeg"", ""https://images.bayut.eg/thumbnails/48555065-800x600.jpeg"", ""https://images.bayut.eg/thumbnails/48555066-800x600.jpeg"", ""https://images.bayut.eg/thumbnails/48555067-800x600.jpeg"", ""https://images.bayut.eg/thumbnails/48555068-800x600.jpeg"", ""https://images.bayut.eg/thumbnails/48555069-800x600.jpeg""]",Off-Plan,Primary
https://www.bayut.eg/en/property/details-503735685.html,Bayut - 1412-grFh3Y,503735685,Property Hills One 1,"With a down payment of one and a half million in La Vista, a villa for sale at the lowest price in a compound of villas only ((El Patio Town)) in Al Tagamoa.",Villa,"With a down payment of one and a half million in La Vista, a villa for sale at the lowest price in a compound of villas only ((El Patio Town)) in the New Cairo areaA villa with a garden, fully finished ultra-super lux4 rooms including a master + nanny room with a bathroom + large reception + dining room + 5 bathrooms + 3 terraces• Total cash price: 22,500,000• A down payment of one and a half million is available, with the remaining balance payable in installments with facilities for the longest possible period without interestsFor contact and a clarifying video of the villa available on WhatsApp: [redacted phone number]","Patio Town Compound, 5th Settlement, New Cairo, Cairo",22500000,EGP,5,5.0,Unfurnished,"Built in Kitchen Appliances, Covered parking, Electricity Backup, Pets Allowed, Centrally Air-Conditioned, Central Heating, Double Glazed Windows, Storage Areas, Landline, Central A/C & heating, Balcony or Terrace, First Aid Medical Center, Gym or Health Club, Facilities for Disabled, Swimming Pool, Jacuzzi, Sauna, Steam Room, Day Care Center, Kids Play Area, Lawn or Garden, Barbeque Area, Cafeteria or Canteen, Waste Disposal, Maintenance Staff, Cleaning Services, Business Center, Conference Room, Security Staff, CCTV Security, Shared Kitchen, Laundry Room, Laundry Facility, Broadband Internet, Satellite/Cable TV, Intercom, 24 Hours Concierge, Maids Room, Freehold",223 Sq. M.,Aya Mahmoud,"[""https://images.bayut.eg/thumbnails/45162068-800x600.jpeg"", ""https://images.bayut.eg/thumbnails/45162067-800x600.jpeg"", ""https://images.bayut.eg/thumbnails/45162066-800x600.jpeg"", ""https://images.bayut.eg/thumbnails/45162069-800x600.jpeg"", ""https://images.bayut.eg/thumbnails/45162070-800x600.jpeg"", ""https://images.bayut.eg/thumbnails/45162071-800x600.jpeg"", ""https://images.bayut.eg/thumbnails/45162072-800x600.jpeg"", ""https://images.bayut.eg/thumbnails/45162073-800x600.jpeg"", ""https://images.bayut.eg/thumbnails/45162074-800x600.jpeg"", ""https://images.bayut.eg/thumbnails/45162075-800x600.jpeg""]",Off-Plan,Primary
https://www.bayut.eg/en/property/details-503568373.html,Bayut - 1412-wbdtPH,503568373,Property Hills One 1,Villa on 90th street Mountain View ready to move fully finished,Villa,"Fully cannelled villa extension of 90th Street without a down payment all the time• Mountain view grand valleys•Unit type: town house• Fully embrased• Area: 351 metres•Garden: 200 metres• Without a premium all the time• The installment is available for 8 years without a void• Price after discount: 17.5 millionTo contact and send details, location, masterplan and installment schedule:[redacted phone number]• About 5 minutes from South 90th Street. • Close to the American University AUC, Al Ain Sokhna Road and the Regional Ring Road. • The project area is about 500 acres. • The percentage of buildings is only about 7% and the rest is green and landscaped. • The design is divided into 15 different Valleys with distinctive natural views. The compound is for villas only (Standalone & Family). • Spaces starting from approximately 250 m² with private gardens and a roof in some units.","Mountain View 1.1, 5th Settlement, New Cairo, Cairo",19600000,EGP,6,5.0,Unfurnished,"Built in Kitchen Appliances, Furnished, Covered parking, Electricity Backup, Pets Allowed, Electricity Meter, Centrally Air-Conditioned, Sea view, Central Heating, Water Meter, Double Glazed Windows, Storage Areas, Natural Gas, Landline, Central A/C & heating, Balcony or Terrace, Lobby in Building, Service Elevators, Prayer Room, First Aid Medical Center, Gym or Health Club, Facilities for Disabled, Swimming Pool, Jacuzzi, Sauna, Steam Room, Day Care Center, Kids Play Area, Lawn or Garden, Barbeque Area, Cafeteria or Canteen, Waste Disposal, Maintenance Staff, Cleaning Services, Business Center, Conference Room, Security Staff, CCTV Security, Shared Kitchen, Laundry Room, Laundry Facility, Broadband Internet, Satellite/Cable TV, Intercom, ATM Facility, 24 Hours Concierge, Maids Room, Freehold",351 Sq. M.,yara hisham,"[""https://images.bayut.eg/thumbnails/43057721-800x600.jpeg"", ""https://images.bayut.eg/thumbnails/43057722-800x600.jpeg"", ""https://images.bayut.eg/thumbnails/43057723-800x600.jpeg"", ""https://images.bayut.eg/thumbnails/43057724-800x600.jpeg"", ""https://images.bayut.eg/thumbnails/43057725-800x600.jpeg"", ""https://images.bayut.eg/thumbnails/43057726-800x600.jpeg"", ""https://images.bayut.eg/thumbnails/43057727-800x600.jpeg"", ""https://images.bayut.eg/thumbnails/43057728-800x600.jpeg"", ""https://images.bayut.eg/thumbnails/43057729-800x600.jpeg"", ""https://images.bayut.eg/thumbnails/43057730-800x600.jpeg""]",Ready,Primary
https://www.bayut.eg/en/property/details-503519960.html,Bayut - M/AK5522,503519960,New Avenue,Rare Villa with garden in basement level for sale in Scarlet Swan Lake Residence New Cairo developed by Hassan Allam properties,Villa,"For sale in scarlet Swan Lake Residence New Cairo developed by Hassan Allam propertiesRare Villa with garden in basement levelFloor Level 4 floors Walkout basement + Ground floor + First floor + PenthouseLand 445 sqmArea 528 sqm4 Bedrooms5 BathroomsLiving RoomMaid’s Room with BathroomTotal Price 55,000,000 Egyptian Pounds------------------------------------------------------------------------------------------------------------------------M/AK","Swan Lake Residences, 1st Settlement, New Cairo, Cairo",55000000,EGP,4,5.0,Unfurnished,"Covered parking, Balcony or Terrace, Reception/Waiting Room, Gym or Health Club, Lawn or Garden, Maintenance Staff, Maids Room",528 Sq. M.,Mohamed Akhwas,"[""https://images.bayut.eg/thumbnails/42463914-800x600.jpeg"", ""https://images.bayut.eg/thumbnails/42463915-800x600.jpeg"", ""https://images.bayut.eg/thumbnails/42463916-800x600.jpeg"", ""https://images.bayut.eg/thumbnails/42463917-800x600.jpeg"", ""https://images.bayut.eg/thumbnails/42463918-800x600.jpeg"", ""https://images.bayut.eg/thumbnails/42463919-800x600.jpeg"", ""https://images.bayut.eg/thumbnails/42463920-800x600.jpeg"", ""https://images.bayut.eg/thumbnails/42463921-800x600.jpeg"", ""https://images.bayut.eg/thumbnails/42463922-800x600.jpeg"", ""https://images.bayut.eg/thumbnails/42463923-800x600.jpeg"", ""https://images.bayut.eg/thumbnails/42463924-800x600.jpeg""]",Ready,Resale
https://www.bayut.eg/en/property/details-503990179.html,Bayut - 1411-3YYWD0,503990179,Promax,150 m with 10% down payment and quarterly installment of 77K for 10 years in the compound of Hedeiq October next to Sun Capital,Apartment,"150م ب10% مقدم وقسط ربع سنوي 77K لمدة 10 سنين حدائق أكتوبرشقه 150م مقسمة الى :- 3 غرف نوم منهم غرفة ماستر- 3 حمام- رسيبشن قطعتين- مطبخ- تيراسبسعر 4,100,000 وتقسيط على 10 سنينتفاصيل المشروع:* مساحة المشروع: 24 فدان* عمائر سكنية فقط* نسبة مباني 20%* مساحات خضراء واسعة* نادي اجتماعي* مول تجاري ومول طبي* خدمات متكاملة داخل الكمبوندالموقع:حدائق أكتوبر – شارع النواديمن أقوى وأسرع المناطق نموًا في غرب القاهرةللمزيد من التفاصيل والمعلومات تواصل معنا على [redacted phone number]","Hadayek October, Giza Apartments, Giza",4100000,EGP,3,2.0,Unfurnished,"Covered parking, Pets Allowed, Electricity Meter, Water Meter, Natural Gas, Landline, Elevators in Building: 2, Service Elevators, Facilities for Disabled, Kids Play Area, Lawn or Garden, Cafeteria or Canteen, Waste Disposal, Maintenance Staff, Cleaning Services, Business Center, Security Staff, CCTV Security, 24 Hours Concierge, Pet Policy, Freehold",150 Sq. M.,Salma Nasser,"[""https://images.bayut.eg/thumbnails/48458401-800x600.jpeg"", ""https://images.bayut.eg/thumbnails/48458402-800x600.jpeg"", ""https://images.bayut.eg/thumbnails/48458403-800x600.jpeg"", ""https://images.bayut.eg/thumbnails/48458404-800x600.jpeg"", ""https://images.bayut.eg/thumbnails/48458405-800x600.jpeg"", ""https://images.bayut.eg/thumbnails/48458406-800x600.jpeg""]",Off-Plan,Primary
https://www.bayut.eg/en/property/details-503990887.html,Bayut - 5000144-oLxKN3,503990887,Realm Properties,Full sea view lodge in one of the best location in soma,Villa,"Fully finished luxury villa with installments in Soma BayUnit Details:-3 bedrooms-3 bathrooms-reception-TerraceFor more info please contact us by phone or WhatsApp : [redacted phone number]--------------------------------------------------------------Soma Bay – Seaside Living with a Luxury Resort FeelPrime Waterfront Location:Soma Bay, just 45 minutes from Hurghada International Airport. The development enjoys a unique position along the Red Sea, offering breathtaking views of turquoise waters, golden beaches, and desert mountains. It’s a private escape designed for tranquility, luxury, and lifestyle. Diverse Property Options:Mesca offers a curated mix of standalone villas, twin villas, chalets, and beachfront cabanas. Whether you’re looking for a spacious family retreat or a cozy holiday home, each residence is designed with privacy, sunlight, and panoramic views in mind. Sophisticated Architecture & Design:The development features tiered architecture that ensures every home has uninterrupted sea views. Natural materials like stone and wood enhance the coastal charm, while large glass façades invite sunlight and connect indoor spaces with the outdoors. Premium Facilities & Resort Amenities:Residents enjoy full access to both private and shared amenities across Soma Bay, including:Private Beach with sun decks, beachfront pool, kids’ zone, and shaded loungingAccess to Soma Bay’s 18-hole Gary Player Golf Course and award-winning Cascades Thalasso SpaWater sports centers like 7BFT Kitehouse and Orca Diving CenterRestaurants, cafés, boutique retail, and conc","Mesca, Soma Bay, Red Sea Villas, Red Sea",29000000,EGP,3,3.0,Furnished,"Built in Kitchen Appliances, Furnished, Covered parking, Electricity Backup, Pets Allowed, Electricity Meter, Centrally Air-Conditioned, Sea view, Central Heating, Water Meter, Double Glazed Windows, Storage Areas, Natural Gas, Landline, Study Room, Central A/C & heating, First Aid Medical Center, Gym or Health Club, Facilities for Disabled, Swimming Pool, Jacuzzi, Sauna, Steam Room, Kids Play Area, Lawn or Garden, Barbeque Area, Cafeteria or Canteen, Waste Disposal, Maintenance Staff, Cleaning Services, Business Center, Conference Room, Security Staff, CCTV Security, Shared Kitchen, Laundry Room, Laundry Facility, Broadband Internet, Satellite/Cable TV, Intercom",200 Sq. M.,Alaa Ahmed,"[""https://images.bayut.eg/thumbnails/48466206-800x600.jpeg"", ""https://images.bayut.eg/thumbnails/48466207-800x600.jpeg"", ""https://images.bayut.eg/thumbnails/48466208-800x600.jpeg"", ""https://images.bayut.eg/thumbnails/48466209-800x600.jpeg"", ""https://images.bayut.eg/thumbnails/48466210-800x600.jpeg"", ""https://images.bayut.eg/thumbnails/48466211-800x600.jpeg"", ""https://images.bayut.eg/thumbnails/48466212-800x600.jpeg"", ""https://images.bayut.eg/thumbnails/48466213-800x600.jpeg"", ""https://images.bayut.eg/thumbnails/48466214-800x600.jpeg"", ""https://images.bayut.eg/thumbnails/48466215-800x600.jpeg"", ""https://images.bayut.eg/thumbnails/48466216-800x600.jpeg"", ""https://images.bayut.eg/thumbnails/48466217-800x600.jpeg"", ""https://images.bayut.eg/thumbnails/48466218-800x600.jpeg""]",Off-Plan,Primary
https://www.bayut.eg/en/property/details-503992069.html,Bayut - 172,503992069,Mohamed elsayyad,Direct from the owner Chalet at SouthMed – North Coast,Chalet,"Chalet at South Med – North Coast(Features a prime view overlooking the lagoon)Launched on the project's opening day at the original priceArea: 72 sqmSecond floor with a distinctive viewPrice: 8.2 million EGP (12-year installment plan)Monthly installment: 24,000 EGPAnnual installment: 240,000 EGPAmount already paid: 1,720,000 EGPCurrent developer price: 12 million EGP(First annual installment and maintenance fees due in one year)Contact the owner directly now:[redacted phone number]","South Med, North Coast, Matruh Chalets, Matruh",8200000,EGP,1,1.0,Unfurnished,"Built in Kitchen Appliances, Covered parking, Pets Allowed, Landline, Balcony or Terrace, Lobby in Building, Elevators in Building: 1, Service Elevators, Completion Year, Prayer Room, First Aid Medical Center, Gym or Health Club, Swimming Pool, Jacuzzi, Sauna, Steam Room, Day Care Center, Kids Play Area, Lawn or Garden, Barbeque Area, Cafeteria or Canteen, Waste Disposal, Maintenance Staff, Cleaning Services, Business Center, Conference Room, Security Staff, CCTV Security, Shared Kitchen, Laundry Room, Laundry Facility, Broadband Internet, Satellite/Cable TV, Intercom, 24 Hours Concierge, View, Freehold",72 Sq. M.,Site settings,"[""https://images.bayut.eg/thumbnails/48477638-800x600.jpeg"", ""https://images.bayut.eg/thumbnails/48898302-800x600.jpeg"", ""https://images.bayut.eg/thumbnails/48538122-800x600.jpeg"", ""https://images.bayut.eg/thumbnails/48538123-800x600.jpeg"", ""https://images.bayut.eg/thumbnails/48477641-800x600.jpeg"", ""https://images.bayut.eg/thumbnails/48538124-800x600.jpeg"", ""https://images.bayut.eg/thumbnails/48538125-800x600.jpeg"", ""https://images.bayut.eg/thumbnails/48538126-800x600.jpeg"", ""https://images.bayut.eg/thumbnails/48538127-800x600.jpeg"", ""https://images.bayut.eg/thumbnails/48538128-800x600.jpeg"", ""https://images.bayut.eg/thumbnails/48538129-800x600.jpeg""]",Off-Plan,Resale
https://www.bayut.eg/en/property/details-503990141.html,Bayut - 1411-O7n9uL,503990141,Promax,"Apartment for sale 149m in FLW Residence compound in October Gardens next to the Acmar compound, Tesla, and Seven Sun Capital.",Apartment,"Receive your apartment in the finest Hadaiq October projects. An apartment of 149 m² consisting of:3 bedrooms, including a master bedroom. 2 bathrooms. Kitchen. Reception. Terrace. Total price 3,600,000 in installments. Compound location:In front of MSA University. And a few minutes from O West. Near Mall of Egypt. Wahat Road. Compound services:Built on an area of 8 acres. CCTV and security and guarding 24/7. Green spaces. Underground garage on the compound area. Electronic gates. 2 elevators in each building. Clubhouse. Commercial mall on an area of 1 acre. For more details, contact us via WhatsApp or phone at [redacted phone number].","FLW Residence, 6th of October, Giza Apartments, Giza",3600000,EGP,3,3.0,Unfurnished,"Covered parking, Electricity Meter, Landline, Balcony or Terrace, Elevators in Building: 1, Gym or Health Club, Kids Play Area, Lawn or Garden, Barbeque Area, Cafeteria or Canteen, Waste Disposal, Maintenance Staff, Cleaning Services, Security Staff, CCTV Security, Broadband Internet, 24 Hours Concierge",149 Sq. M.,Salma Nasser,"[""https://images.bayut.eg/thumbnails/48457870-800x600.jpeg"", ""https://images.bayut.eg/thumbnails/48457871-800x600.jpeg"", ""https://images.bayut.eg/thumbnails/48457872-800x600.jpeg"", ""https://images.bayut.eg/thumbnails/48457873-800x600.jpeg"", ""https://images.bayut.eg/thumbnails/48457874-800x600.jpeg"", ""https://images.bayut.eg/thumbnails/48457875-800x600.jpeg"", ""https://images.bayut.eg/thumbnails/48457876-800x600.jpeg"", ""https://images.bayut.eg/thumbnails/48457877-800x600.jpeg"", ""https://images.bayut.eg/thumbnails/48457878-800x600.jpeg""]",Off-Plan,Primary
https://www.bayut.eg/en/property/details-503990181.html,Bayut - 1411-CKl5co,503990181,Promax,Townhouse 190m in a prime location in Badya Palm Hills with installment payments and a down payment of 1.5% Badya Palm Hills October,Townhouse,"Own a 190m townhouse with a unique view on installment with no interest in Badya Palm Hills. The 190m townhouse consists of:- 4 bedrooms, including a master bedroom with dressing room and bathroom. - 4 bathrooms. - Reception. - Kitchen. - 2 terraces. At a price of 11,509,000. Down payment: 172,635. We also provide exclusive services for you and your family:- Different swimming pools suitable for all ages. - 24H security and guarding. - Health and sports club. - Electronic gates for security. - All buildings with smart system. - Safe garages with surveillance cameras from the ground to the roof. - Green spaces and water surfaces to provide a clean, healthy environment. Enjoy a very prime location for you and your family as the compound is located:- Near Mall of Egypt. - Near the entrance to the Pyramids. - Near the new Egyptian Museum. - Sphinx International Airport. - Dreamland. And near the most important roads and main axes:- Al-Wahat Road. - Fayoum Road. - Central Ring Road. - 26 July Axis. - High-speed train station (Monorail). For more details and information, contact us by phone or WhatsApp at [redacted phone number].","Badya Palm Hills Compound, 6th of October, Giza Townhouses, Giza",11509000,EGP,4,3.0,Unfurnished,"Covered parking, Pets Allowed, Electricity Meter, Water Meter, Natural Gas, Landline, Balcony or Terrace, Gym or Health Club, Facilities for Disabled, Jacuzzi, Day Care Center, Kids Play Area, Lawn or Garden, Barbeque Area, Cafeteria or Canteen, Waste Disposal, Maintenance Staff, Cleaning Services, Business Center, Security Staff, CCTV Security, 24 Hours Concierge",190 Sq. M.,Salma Nasser,"[""https://images.bayut.eg/thumbnails/48458407-800x600.jpeg"", ""https://images.bayut.eg/thumbnails/48458408-800x600.jpeg"", ""https://images.bayut.eg/thumbnails/48458409-800x600.jpeg"", ""https://images.bayut.eg/thumbnails/48458410-800x600.jpeg"", ""https://images.bayut.eg/thumbnails/48458411-800x600.jpeg"", ""https://images.bayut.eg/thumbnails/48458412-800x600.jpeg"", ""https://images.bayut.eg/thumbnails/48458414-800x600.jpeg"", ""https://images.bayut.eg/thumbnails/48458415-800x600.jpeg"", ""https://images.bayut.eg/thumbnails/48458416-800x600.jpeg"", ""https://images.bayut.eg/thumbnails/48458418-800x600.jpeg"", ""https://images.bayut.eg/thumbnails/48458419-800x600.jpeg"", ""https://images.bayut.eg/thumbnails/48458420-800x600.jpeg""]",Off-Plan,Primary
https://www.bayut.eg/en/property/details-503992365.html,Bayut - 1114-61jKrH,503992365,Property Hills,fully finished apartment in best towers in zayed with park view,Apartment,"Fully Finished Apartment with Park View for Sale in Central El Sheikh ZayedUnit Specifications:Interior Layout: 2 Bedrooms + 2 Bathrooms + Reception + KitchenFinishing: Fully finished to high quality standards (Turn-key)Location Highlights:Prime strategic location within the finest residential towers in the heart of El Sheikh Zayed. Direct, open views of the park and surrounding greenery. Close proximity to major corridors including the 26th of July Corridor and Dahshur Link. Minutes away from top commercial centers, dining hubs, and key amenities. Compound & Building Features:Premium residential tower featuring modern architectural design and high-speed elevators. Landscaped green areas and dedicated walking paths. 24/7 security service equipped with full CCTV surveillance systems. Private underground parking and integrated essential services. Value Proposition:Outstanding opportunity combining turn-key convenience, premium park views, and placement in a high-demand central Sheikh Zayed location.","ZED West Compound, Sheikh Zayed, Giza Apartments, Giza",15000000,EGP,2,2.0,Unfurnished,"Built in Kitchen Appliances, Furnished, Covered parking, Electricity Backup, Pets Allowed, Electricity Meter, Centrally Air-Conditioned, Central Heating, Water Meter, Double Glazed Windows, Storage Areas, Natural Gas, Landline, Study Room, Central A/C & heating, Balcony or Terrace, Lobby in Building, Service Elevators, Prayer Room, Reception/Waiting Room, First Aid Medical Center, Gym or Health Club, Facilities for Disabled, Swimming Pool, Jacuzzi, Sauna, Steam Room, Day Care Center, Kids Play Area, Lawn or Garden, Barbeque Area, Cafeteria or Canteen, Waste Disposal, Maintenance Staff, Cleaning Services, Business Center, Conference Room, Security Staff, CCTV Security, Shared Kitchen, Laundry Room, Laundry Facility, Broadband Internet, Satellite/Cable TV, Intercom, ATM Facility, 24 Hours Concierge, Maids Room, Freehold",125 Sq. M.,Rawan khatab,"[""https://images.bayut.eg/thumbnails/48480495-800x600.jpeg"", ""https://images.bayut.eg/thumbnails/48480505-800x600.jpeg"", ""https://images.bayut.eg/thumbnails/48480508-800x600.jpeg"", ""https://images.bayut.eg/thumbnails/48480512-800x600.jpeg"", ""https://images.bayut.eg/thumbnails/48480517-800x600.jpeg"", ""https://images.bayut.eg/thumbnails/48480520-800x600.jpeg"", ""https://images.bayut.eg/thumbnails/48480655-800x600.jpeg"", ""https://images.bayut.eg/thumbnails/48480656-800x600.jpeg"", ""https://images.bayut.eg/thumbnails/48480657-800x600.jpeg"", ""https://images.bayut.eg/thumbnails/48480658-800x600.jpeg"", ""https://images.bayut.eg/thumbnails/48480659-800x600.jpeg"", ""https://images.bayut.eg/thumbnails/48480660-800x600.jpeg"", ""https://images.bayut.eg/thumbnails/48480661-800x600.jpeg"", ""https://images.bayut.eg/thumbnails/48480662-800x600.jpeg"", ""https://images.bayut.eg/thumbnails/48480663-800x600.jpeg"", ""https://images.bayut.eg/thumbnails/48480664-800x600.jpeg"", ""https://images.bayut.eg/thumbnails/48480665-800x600.jpeg""]",Off-Plan,Primary
https://www.bayut.eg/en/property/details-503991494.html,Bayut - A-JT0171,503991494,New Avenue,Apartment fully finished view greenery and landscape in city gate phase SAPPHIRE RESIDENCE,Apartment,"Apartment Full Finished prime location Greenery and Landscape View in city gate phase SAPPHIRE RESIDENCE1st Floor3 Bedrooms - 3 BathroomsBUA :210Delivery: 2027Down payment: 6,400,000Total price: 17,372,314A-JT-----------------------------------------------------------------------------------------------------","City Gate Compound, 5th Settlement, New Cairo, Cairo",17372314,EGP,3,3.0,Unfurnished,"Built in Kitchen Appliances, Covered parking, Balcony or Terrace, Gym or Health Club, Swimming Pool, Jacuzzi, Sauna, Steam Room, Day Care Center, Kids Play Area, Lawn or Garden, Barbeque Area, Cafeteria or Canteen, Shared Kitchen, Laundry Room, Laundry Facility",210 Sq. M.,Omar Kamel,"[""https://images.bayut.eg/thumbnails/48528619-800x600.jpeg"", ""https://images.bayut.eg/thumbnails/48528620-800x600.jpeg"", ""https://images.bayut.eg/thumbnails/48528621-800x600.jpeg"", ""https://images.bayut.eg/thumbnails/48528622-800x600.jpeg"", ""https://images.bayut.eg/thumbnails/48528623-800x600.jpeg"", ""https://images.bayut.eg/thumbnails/48528624-800x600.jpeg"", ""https://images.bayut.eg/thumbnails/48528625-800x600.jpeg"", ""https://images.bayut.eg/thumbnails/48528626-800x600.jpeg"", ""https://images.bayut.eg/thumbnails/48528627-800x600.jpeg"", ""https://images.bayut.eg/thumbnails/48528628-800x600.jpeg""]",Off-Plan,Resale
https://www.bayut.eg/en/property/details-504033838.html,Bayut - 5002037-5dW8lH,504033838,Elegant Real State,"Apartment available for immediate handover in Al-Boushi Compound, Al-Waha District, Nasr City—one of the most upscale compounds in the area. Located o",Apartment,"Elegant Real Estate MarketingApartment ready for immediate handover in Al-Boushi Compound, Al-Waha District, Nasr CityArea: 160 sqm3 bedrooms2 bathroomsFacing: North-East (front-facing)Floor: 6thCompound features green spaces and a secure environmentClose to all amenitiesIf you are ready to buy, Elegant Real Estate Marketing will help you find the perfect match. Contact us and leave the rest to us!","Al Waha City, Nasr City, Cairo",3700000,EGP,3,2.0,Unfurnished,"Electricity Backup, Electricity Meter, Water Meter, Natural Gas, Landline, Balcony or Terrace, Completion Year: 6, Total Floors: 11, Kids Play Area, Lawn or Garden, Maintenance Staff, Cleaning Services, Security Staff, CCTV Security, Broadband Internet, Intercom, 24 Hours Concierge, Freehold",160 Sq. M.,Marwan Elgebaly,"[""https://images.bayut.eg/thumbnails/49116169-800x600.jpeg"", ""https://images.bayut.eg/thumbnails/49116172-800x600.jpeg"", ""https://images.bayut.eg/thumbnails/49116174-800x600.jpeg"", ""https://images.bayut.eg/thumbnails/49116176-800x600.jpeg"", ""https://images.bayut.eg/thumbnails/49116178-800x600.jpeg"", ""https://images.bayut.eg/thumbnails/49116180-800x600.jpeg"", ""https://images.bayut.eg/thumbnails/49116182-800x600.jpeg"", ""https://images.bayut.eg/thumbnails/49116183-800x600.jpeg"", ""https://images.bayut.eg/thumbnails/49116185-800x600.jpeg"", ""https://images.bayut.eg/thumbnails/49116186-800x600.jpeg"", ""https://images.bayut.eg/thumbnails/49116188-800x600.jpeg"", ""https://images.bayut.eg/thumbnails/49116190-800x600.jpeg"", ""https://images.bayut.eg/thumbnails/49116193-800x600.jpeg"", ""https://images.bayut.eg/thumbnails/49116195-800x600.jpeg""]",Ready,Resale
https://www.bayut.eg/en/property/details-504033811.html,Bayut - Abdallah4,504033811,Egypt Best Properties (EBP),Fully finished downpayment and installments 4 bedrooms chalet for sale in Silver Sands Ora North coast,Chalet,"PHASE : PEARLBUA 204 M2GARDEN 125 M24 BEDROOMS INCLUDES 2 MASTERNANYROOM4 BATHROOMSFULLY FINISHEDDown payment 16,920,000Total price 23,600,000including maintenance--------------------------------Silver Sands in Sidi Heneish, North Coast is an artwork by Ora Developers rolling over 506 acres (2,112,600 SQM) of land. The project is created to be a summer resort, an easy-peasy weekend destination, and an all-year-season gateway. The project is created to be “ the Egyptian rendition of Grenada’s Silversands with the essence of Caribbean luxury lifestyle living”. This is clearly seen in every element of Silver Sands North Coast including its endless amenities, prime location, and premium properties. Silvertown is the first phase in the series of phases inside Silver Sands North Coast. This phase rolls over 197 acres of the 506 acres of Silver Sands. Silvertown enjoys the main facilities and services of Silver Sands in addition to an exclusive set of amenities such as medical facilities, a luxurious hotel, shopping outlets, swimming pools, restaurants, and cafes. Also, it is worth mentioning that Silvertoen inside Silversands North Coast enjoys a state-of-the-art design inspired by the Mediterranean and European aesthetic. Finally, it offers a wide collection of properties including standalone villas, twin houses, townhouses, chalets, and condos. All that come fully finished with ACs. #Abdallah","Silver Sands, North Coast, Matruh Chalets, Matruh",23600000,EGP,4,4.0,Unfurnished,"Built in Kitchen Appliances, Covered parking, Pets Allowed, Electricity Meter, Sea view, Balcony or Terrace, First Aid Medical Center, Gym or Health Club, Swimming Pool, Jacuzzi, Sauna, Steam Room, Day Care Center, Kids Play Area, Lawn or Garden, Barbeque Area, Cafeteria or Canteen, Business Center, Security Staff, CCTV Security, Shared Kitchen, Laundry Room, Laundry Facility, 24 Hours Concierge",204 Sq. M.,Yara El Desuki,"[""https://images.bayut.eg/thumbnails/49115847-800x600.jpeg"", ""https://images.bayut.eg/thumbnails/49115848-800x600.jpeg"", ""https://images.bayut.eg/thumbnails/49115862-800x600.jpeg"", ""https://images.bayut.eg/thumbnails/49115863-800x600.jpeg"", ""https://images.bayut.eg/thumbnails/49115864-800x600.jpeg"", ""https://images.bayut.eg/thumbnails/49115865-800x600.jpeg"", ""https://images.bayut.eg/thumbnails/49115866-800x600.jpeg"", ""https://images.bayut.eg/thumbnails/49115867-800x600.jpeg"", ""https://images.bayut.eg/thumbnails/49115868-800x600.jpeg"", ""https://images.bayut.eg/thumbnails/49115869-800x600.jpeg"", ""https://images.bayut.eg/thumbnails/49115870-800x600.jpeg"", ""https://images.bayut.eg/thumbnails/49115871-800x600.jpeg"", ""https://images.bayut.eg/thumbnails/49115872-800x600.jpeg"", ""https://images.bayut.eg/thumbnails/49115873-800x600.jpeg"", ""https://images.bayut.eg/thumbnails/49115874-800x600.jpeg"", ""https://images.bayut.eg/thumbnails/49115875-800x600.jpeg"", ""https://images.bayut.eg/thumbnails/49115876-800x600.jpeg"", ""https://images.bayut.eg/thumbnails/49115877-800x600.jpeg"", ""https://images.bayut.eg/thumbnails/49115878-800x600.jpeg"", ""https://images.bayut.eg/thumbnails/49115879-800x600.jpeg"", ""https://images.bayut.eg/thumbnails/49115880-800x600.jpeg""]",Ready,Primary
https://www.bayut.eg/en/property/details-504033804.html,Bayut - 5000410-O0diLt,504033804,Egypt Best Properties (EBP),"5 Beds Sea View Villa For Sale , Bahari 100% For Sale with the Real price At Makadi Heights Hurghada Reds Sea With 0% DP Over 8 Years by Orascom .",Villa,"Developer: Orascom Development - Project: Makadi HeightsUnit Type: Villa - Unit Details: - 4 Bedrooms - 4 Bathrooms - 1 Guest Toilet - Maid's Room + Maid's BathroomCourtyard - Private PoolFor More Information:Zekra Mohsen / [redacted phone number]------------------------------------------------------------------------Siyal is the latest phase inside the luxurious development Makadi Heights by Orascom. It is a high-end neighborhood with a wide range of upscale amenities. The project is also a few steps away from the resort’s numerous facilities. Siyal in Makadi Heights boasts an elite collection of properties for sale. Its unique selling points include the resort’s prime location in Hurghada, the neighborhood’s serene vibes, and the various units you can choose from. Exclusive 4 Bedrooms Vill For Sale In Makadi By Orascom At Hrghada Red Sea With Private Pool Lagoon And Sea View Only 8 Units Available . Siyal in Makadi Heights LocationHurghada International Airport - 10 minutesHurghada - 20 minutesEl Gouna - 40 minutesVilla 4 Beds At Makadi By Orascom Red Sea Hurghada","Makadi Heights, Hurghada, Red Sea Villas, Red Sea",31000000,EGP,6,6.0,Unfurnished,"Built in Kitchen Appliances, Furnished, Covered parking, Electricity Backup, Pets Allowed, Electricity Meter, Centrally Air-Conditioned, Sea view, Central Heating, Water Meter, Double Glazed Windows, Storage Areas, Natural Gas, Landline, Study Room, Central A/C & heating, Balcony or Terrace, Lobby in Building, Service Elevators, Prayer Room, Reception/Waiting Room, First Aid Medical Center, Gym or Health Club, Facilities for Disabled, Swimming Pool, Jacuzzi, Sauna, Steam Room, Day Care Center, Kids Play Area, Lawn or Garden, Barbeque Area, Cafeteria or Canteen, Waste Disposal, Maintenance Staff, Cleaning Services, Business Center, Conference Room, Security Staff, CCTV Security, Shared Kitchen, Laundry Room, Laundry Facility, Broadband Internet, Satellite/Cable TV, Intercom, ATM Facility, 24 Hours Concierge, Maids Room, Freehold",210 Sq. M.,Zekra Mohsen,"[""https://images.bayut.eg/thumbnails/49116109-800x600.jpeg"", ""https://images.bayut.eg/thumbnails/49116110-800x600.jpeg"", ""https://images.bayut.eg/thumbnails/49116111-800x600.jpeg"", ""https://images.bayut.eg/thumbnails/49116112-800x600.jpeg"", ""https://images.bayut.eg/thumbnails/49116113-800x600.jpeg"", ""https://images.bayut.eg/thumbnails/49116114-800x600.jpeg"", ""https://images.bayut.eg/thumbnails/49116115-800x600.jpeg"", ""https://images.bayut.eg/thumbnails/49116116-800x600.jpeg"", ""https://images.bayut.eg/thumbnails/49116117-800x600.jpeg"", ""https://images.bayut.eg/thumbnails/49116118-800x600.jpeg""]",Off-Plan,Primary
https://www.bayut.eg/en/property/details-504033802.html,Bayut - 5000410-ZZz6AI,504033802,Egypt Best Properties (EBP),2 Bedrooms Apartment For Sale Sea View At Makadi Orascom At Red Sea With 0% DP Installments Up To 8 Years .,Chalet,"Developer: Orascom Development - Project: Makadi Orascom ResortUnit Type: Apartment - Unit Details:2 Bedrooms - 2 Bathrooms - Kitchen - Dining - Reception - Terrace - GardenFor More Information: Zekra Mohsen / [redacted phone number]-------------------------------------------------------------------------Makadi Heights is a one-of-a-kind integrated resort in Makadi Bay - Hurghada. It was built by the real estate tycoon, Orascom Development, which made sure this mega-project was an ultimate multicultural, lavish, and perfectly equipped destination on the Red Sea shoreline. Makadi Heights started welcoming vacationers, residents, and guests in 2022. It was developed over a massive land area of 1,000 square meters in Hurghada, Egypt, with only 12% of the project dedicated to built-up area. 88% of Makadi Heights Egypt Resort is covered in sparkling lagoons, pools, serene lakes, water streams, and unmatched recreational facilities. It is situated in the center of the Makadi Bay on the shimmering shores of the Red Sea. Makadi Heights Hurghada Resort has a luxurious collection of units with breathtaking views, thanks to the project’s 70-meter elevation above sea level. It is a family-friendly beach town with an elevated terrain, a short drive away from Hurghada International Airport. It is situated down the coast from El Gouna","Makadi Heights, Hurghada, Red Sea Chalets, Red Sea",11100000,EGP,2,2.0,Unfurnished,"Built in Kitchen Appliances, Furnished, Covered parking, Electricity Backup, Pets Allowed, Electricity Meter, Centrally Air-Conditioned, Sea view, Central Heating, Water Meter, Double Glazed Windows, Storage Areas, Natural Gas, Landline, Study Room, Central A/C & heating, Balcony or Terrace, Lobby in Building, Service Elevators, Prayer Room, Reception/Waiting Room, First Aid Medical Center, Gym or Health Club, Facilities for Disabled, Swimming Pool, Jacuzzi, Sauna, Steam Room, Day Care Center, Kids Play Area, Lawn or Garden, Barbeque Area, Cafeteria or Canteen, Waste Disposal, Maintenance Staff, Cleaning Services, Business Center, Conference Room, Security Staff, CCTV Security, Shared Kitchen, Laundry Room, Laundry Facility, Broadband Internet, Satellite/Cable TV, Intercom, ATM Facility, 24 Hours Concierge, Maids Room, Freehold",120 Sq. M.,Zekra Mohsen,"[""https://images.bayut.eg/thumbnails/49115914-800x600.jpeg"", ""https://images.bayut.eg/thumbnails/49115915-800x600.jpeg"", ""https://images.bayut.eg/thumbnails/49115916-800x600.jpeg"", ""https://images.bayut.eg/thumbnails/49115917-800x600.jpeg"", ""https://images.bayut.eg/thumbnails/49115918-800x600.jpeg"", ""https://images.bayut.eg/thumbnails/49115919-800x600.jpeg"", ""https://images.bayut.eg/thumbnails/49115920-800x600.jpeg"", ""https://images.bayut.eg/thumbnails/49115921-800x600.jpeg"", ""https://images.bayut.eg/thumbnails/49115922-800x600.jpeg"", ""https://images.bayut.eg/thumbnails/49115923-800x600.jpeg"", ""https://images.bayut.eg/thumbnails/49115924-800x600.jpeg"", ""https://images.bayut.eg/thumbnails/49115925-800x600.jpeg""]",Off-Plan,Primary
https://www.bayut.eg/en/property/details-504033757.html,Bayut - 5000410-3KKlKT,504033757,Egypt Best Properties (EBP),HOT OFFER NEW LAUNCH FINISHED CHALET 2 BEDROOM FOR SALE DIRECT LAGOON INST UP TO 10 YRS IN AZHA IN RAS AL HEKMA IN NORTH COAST,Chalet,"Unit Details:ChaletBuilt-up Area: 96 sqm2 Bedrooms2 BathroomsKitchenAC'STerraceReceptionFor more details and a video, please contact us at: [redacted phone number]5% Down Payment and Installments over 10 YearsAzha Ras El Hekma (Azha North Coast) is a very strong project on the North Coast, especially in the Ras El Hekma area, which has become one of the most important tourist investment areas in Egypt. The project boasts impressive amenities, including:A large private beachLagoons (artificial lakes)A 5-star hotelClubhousesA retail and dining area (Azha Downtown)A gym, sports club, and spaA prime location in Ras El Hekma (currently the most desirable area on the North Coast)Sea or lagoon views for almost all unitsA fully integrated project, not just a villageSuitable for both summer vacations and investmentAzha Ras El Hekma is a luxurious and highly competitive project in the large-scale resort category, comparable to Mountain View and Swan Lake, and stands out for its stunning views and open-plan layout.","Azha, Ras Al Hekma, North Coast, Matruh Chalets, Matruh",17000000,EGP,2,2.0,Unfurnished,"Built in Kitchen Appliances, Covered parking, Electricity Meter, Balcony or Terrace, First Aid Medical Center, Gym or Health Club, Swimming Pool, Jacuzzi, Sauna, Steam Room, Kids Play Area, Barbeque Area, Cafeteria or Canteen, Shared Kitchen, Laundry Room, Laundry Facility",96 Sq. M.,Nourhan Abdelhady,"[""https://images.bayut.eg/thumbnails/49115952-800x600.jpeg"", ""https://images.bayut.eg/thumbnails/49115953-800x600.jpeg"", ""https://images.bayut.eg/thumbnails/49115954-800x600.jpeg"", ""https://images.bayut.eg/thumbnails/49115955-800x600.jpeg"", ""https://images.bayut.eg/thumbnails/49115956-800x600.jpeg"", ""https://images.bayut.eg/thumbnails/49115957-800x600.jpeg"", ""https://images.bayut.eg/thumbnails/49115958-800x600.jpeg"", ""https://images.bayut.eg/thumbnails/49115959-800x600.jpeg"", ""https://images.bayut.eg/thumbnails/49115960-800x600.jpeg"", ""https://images.bayut.eg/thumbnails/49115961-800x600.jpeg""]",Off-Plan,Primary
https://www.bayut.eg/en/property/details-504033706.html,Bayut - Abdallah9,504033706,Egypt Best Properties (EBP),Prime location Bahary Town house for sale in Sarai near Madinty New Cairo,Townhouse,"Sarai Townhouse s2 phase (varana) 1 of 60 limited townhousesbua:160Frontyard : 20mBackyard : 100mRoof : 20m3 bedroom (1 master)3 bathroomPrime location baharyPrice :11 million negotiable----------------------------· Sarai is one of the huge mind-blowing developments in New Cairo. The Sarai compound was developed and created by the real estate tycoon Madinet Masr for Housing & Development (MNHD). The project rolls over a huge land area of 5.5 million square meters. Sarai is a mixed-use project that offers all you can dream about; residential, commercial, administrative, and medical spaces. · The project is created in a unique way to offer the residents an unmatched living experience with top-notch luxury facilities. · Sarai is a huge project with many phases such as esse, Rai Valleys, Sheya Residence, Rai Views, Elan, Rai, Varana, Cavana Springs, Arena Strip Mall, Taval, and EastWave. #Abdallah","Sarai, Mostakbal City, Cairo",11000000,EGP,3,3.0,Unfurnished,"Built in Kitchen Appliances, Covered parking, Electricity Meter, Balcony or Terrace, First Aid Medical Center, Gym or Health Club, Swimming Pool, Jacuzzi, Sauna, Steam Room, Day Care Center, Kids Play Area, Lawn or Garden, Barbeque Area, Cafeteria or Canteen, Business Center, Conference Room, Security Staff, CCTV Security, Shared Kitchen, Laundry Room, Laundry Facility, 24 Hours Concierge",160 Sq. M.,Yara El Desuki,"[""https://images.bayut.eg/thumbnails/49114444-800x600.jpeg"", ""https://images.bayut.eg/thumbnails/49114445-800x600.jpeg"", ""https://images.bayut.eg/thumbnails/49114446-800x600.jpeg"", ""https://images.bayut.eg/thumbnails/49114447-800x600.jpeg"", ""https://images.bayut.eg/thumbnails/49114448-800x600.jpeg"", ""https://images.bayut.eg/thumbnails/49114449-800x600.jpeg"", ""https://images.bayut.eg/thumbnails/49114450-800x600.jpeg"", ""https://images.bayut.eg/thumbnails/49114451-800x600.jpeg"", ""https://images.bayut.eg/thumbnails/49114452-800x600.jpeg"", ""https://images.bayut.eg/thumbnails/49114453-800x600.jpeg""]",Ready,Primary
https://www.bayut.eg/en/property/details-504033430.html,Bayut - 5001301-uh2Sg2,504033430,Dreams real estate,"3-bedroom apartment for sale in Hadayek October, 125 sqm, 3 rooms, 2 bathrooms, Open View directly on the Italian neighborhood in Hadayek October, 5% down payment and installment over 12 years.",Apartment,"125m Apartment for Sale with 3 Rooms Open ViewOwn your apartment in Hadayek October in a prime location on Italian Neighborhood Road directly, in front of the tourist walkway, the green river, and the high-speed train. Unit Details:125 meters3 Bedrooms2 BathroomsDistinctive Open ViewPractical design and excellent space utilization. Integrated Compound:Swimming Pool • Landscape • Water Features • Kids Area • Underground Parking • Commercial MallStarting price per meter is 23,000 EGP5% Down Payment Only | Installments up to 12 YearsLaunch Price — A unique opportunity to book at the start of the project!Contact us to know the final price and booking details.","Hadayek October, Giza Apartments, Giza",3125000,EGP,3,2.0,Unfurnished,"First Aid Medical Center, Gym or Health Club, Swimming Pool, Jacuzzi, Day Care Center, Kids Play Area, Lawn or Garden, Cafeteria or Canteen, Waste Disposal, Maintenance Staff, Cleaning Services, Business Center, Conference Room, Security Staff, CCTV Security, 24 Hours Concierge",125 Sq. M.,Mohamed Ahmed,"[""https://images.bayut.eg/thumbnails/49111089-800x600.jpeg"", ""https://images.bayut.eg/thumbnails/49111090-800x600.jpeg"", ""https://images.bayut.eg/thumbnails/49111091-800x600.jpeg"", ""https://images.bayut.eg/thumbnails/49111092-800x600.jpeg"", ""https://images.bayut.eg/thumbnails/49111093-800x600.jpeg"", ""https://images.bayut.eg/thumbnails/49111094-800x600.jpeg"", ""https://images.bayut.eg/thumbnails/49111095-800x600.jpeg"", ""https://images.bayut.eg/thumbnails/49111096-800x600.jpeg"", ""https://images.bayut.eg/thumbnails/49111097-800x600.jpeg"", ""https://images.bayut.eg/thumbnails/49111098-800x600.jpeg"", ""https://images.bayut.eg/thumbnails/49111099-800x600.jpeg"", ""https://images.bayut.eg/thumbnails/49111100-800x600.jpeg"", ""https://images.bayut.eg/thumbnails/49111101-800x600.jpeg"", ""https://images.bayut.eg/thumbnails/49111102-800x600.jpeg""]",Ready,Primary
https://www.bayut.eg/en/property/details-503990231.html,Bayut - 1411-CxTh6N,503990231,Promax,"An apartment of 108 m in Al-Thawra Al-Khadra, GENISTA COMPOUND, next to Al-Rabwa Compound and Al-Ahly Club, Sheikh Zayed, with installments without interest.",Apartment,"Contract with 5% and installment over 10 years in the GENISTA COMPOUND offered by AL Amaken in the Al-Thawra Al-Khadra areaApartment of 108m divided into:- 2 bedrooms- 2 bathrooms- 2-piece reception- Kitchen- TerraceAt a price of 4,690,000 with installments over 10 yearsProject details:- 10 acres- Buildings G+3- Construction ratio 25%A2 Studio – Engineering Consultant -ARCHPLAN – Executive Consultant -Vodafone – Smart Infrastructure -Project services:- Underground garage sized for the project- Swimming pools- Running and walking track- Gym- Electronic gates- Green spaces- Dedicated children's areasProject location:- Al-Thawra Al-Khadra area- Near the Al-Ahly Club- In front of the Al-Rabwa CompoundFor more details and information, contact us at [redacted phone number]","Genista Compound, Sheikh Zayed, Giza Apartments, Giza",4690000,EGP,2,1.0,Unfurnished,"Covered parking, Pets Allowed, Electricity Meter, Water Meter, Natural Gas, Landline, Balcony or Terrace, Elevators in Building: 2, Service Elevators, Facilities for Disabled, Day Care Center, Kids Play Area, Lawn or Garden, Barbeque Area, Cafeteria or Canteen, Waste Disposal, Maintenance Staff, Cleaning Services, Business Center, Security Staff, CCTV Security, 24 Hours Concierge",108 Sq. M.,Salma Nasser,"[""https://images.bayut.eg/thumbnails/48458809-800x600.jpeg"", ""https://images.bayut.eg/thumbnails/48458810-800x600.jpeg"", ""https://images.bayut.eg/thumbnails/48458811-800x600.jpeg"", ""https://images.bayut.eg/thumbnails/48458812-800x600.jpeg"", ""https://images.bayut.eg/thumbnails/48458813-800x600.jpeg"", ""https://images.bayut.eg/thumbnails/48458814-800x600.jpeg"", ""https://images.bayut.eg/thumbnails/48458815-800x600.jpeg""]",Off-Plan,Primary
https://www.bayut.eg/en/property/details-503990286.html,Bayut - 1114-lOYM3r,503990286,Property Hills,Receive an apartment in the largest park in Zayed inside ZED Towers – hotel finishing and air conditioning,Apartment,"Receive a fully finished apartment with air conditioning in ZED West – Sheikh ZayedFrom Ora Developers – Naguib Sawiris projectYour chance to live in the heart of Sheikh Zayed inside the famous ZED Towers in the area, with modern designs, hotel-like finishing, and a view of the largest park in Zayed. Unit details:Area: 74 square meters2 bedrooms2 bathroomsKitchenSpacious reception + dining roomNanny room + private bathroomTerrace with a stunning view of the green spacesFully finished with air conditioning – immediate deliveryFeatures of ZED West – Sheikh Zayed:Prime location next to the largest park in Sheikh Zayed covering 65 acresIntegrated service area: cafes, restaurants, malls, and clinicsSwimming pools and children's play areas24/7 security and organized parkingClose to all vital services and main roadsLocation:5 minutes from Hyper One10 minutes from Arkan and Park Street15 minutes from Sphinx International AirportNext to the 26th of July Axis and the desert roadAbout Ora Developers – Naguib Sawiris:Ora Developers is an international real estate development company owned by businessman Naguib Sawiris, working on implementing global residential, commercial, and tourist projects, aiming to provide a luxurious living experience and integrated lifestyle. Among its prominent projects:ZED West – Sheikh ZayedZED East – Fifth SettlementSilverSands – North CoastProjects in Cyprus, London, Pakistan, and GrenadaFor contact or WhatsApp:[redacted phone number]Start a new life in ZED Sheikh Zayed and receive your apartment immediately with hotel-like finishing and the most beautiful park in the city!","ZED West Compound, Sheikh Zayed, Giza Apartments, Giza",4000000,EGP,2,2.0,Unfurnished,"Built in Kitchen Appliances, Covered parking, Pets Allowed, Electricity Meter, Water Meter, Natural Gas, Landline, Balcony or Terrace, Gym or Health Club, Swimming Pool, Barbeque Area, Cafeteria or Canteen, Security Staff, CCTV Security",74 Sq. M.,Hosam Adel,"[""https://images.bayut.eg/thumbnails/48459782-800x600.jpeg"", ""https://images.bayut.eg/thumbnails/48459783-800x600.jpeg"", ""https://images.bayut.eg/thumbnails/48459784-800x600.jpeg"", ""https://images.bayut.eg/thumbnails/48459785-800x600.jpeg"", ""https://images.bayut.eg/thumbnails/48459786-800x600.jpeg"", ""https://images.bayut.eg/thumbnails/48459787-800x600.jpeg"", ""https://images.bayut.eg/thumbnails/48459788-800x600.jpeg"", ""https://images.bayut.eg/thumbnails/48459789-800x600.jpeg"", ""https://images.bayut.eg/thumbnails/48459790-800x600.jpeg"", ""https://images.bayut.eg/thumbnails/48459791-800x600.jpeg"", ""https://images.bayut.eg/thumbnails/48459792-800x600.jpeg"", ""https://images.bayut.eg/thumbnails/48459793-800x600.jpeg"", ""https://images.bayut.eg/thumbnails/48459794-800x600.jpeg"", ""https://images.bayut.eg/thumbnails/48459795-800x600.jpeg"", ""https://images.bayut.eg/thumbnails/48459796-800x600.jpeg""]",Off-Plan,Primary
https://www.bayut.eg/en/property/details-503990154.html,Bayut - 1411-ZZjPDo,503990154,Promax,"For sale, a 122 sqm apartment with a distinctive open view in Compound 7 Residences from Harby Company, with installments over 120 months in October Gardens next to City Trees and Rock Eden seven harby.",Apartment,"Harby launches its new project in 6 October, the SEVEN Residence compound with a 10% down payment and installment over 10 years. Apartment of 122 sqm divided into:- 2 bedrooms- 2 bathrooms- Reception 3 pieces- Kitchen- TerraceWith a total price of 4,190,000, installment over 10 years. Project area: 52 acres. Project services:- Swimming pools- Commercial area- Gym- Padel court- Children's play area- Barbecue area- Surveillance cameras- Security teamProject location:- Directly on Zewail Street- In front of Zewail University of Science and Technology- 700 meters from the Wahat Road- 3 minutes from the Ring Road. For more details, contact us via phone or WhatsApp at [redacted phone number].","Seven Residence, Hadayek October, Giza Apartments, Giza",4190000,EGP,2,2.0,Unfurnished,"Covered parking, Pets Allowed, Electricity Meter, Water Meter, Natural Gas, Landline, Balcony or Terrace, Gym or Health Club, Facilities for Disabled, Day Care Center, Kids Play Area, Lawn or Garden, Cafeteria or Canteen, Waste Disposal, Cleaning Services, Business Center, Security Staff, CCTV Security",122 Sq. M.,Salma Nasser,"[""https://images.bayut.eg/thumbnails/48458065-800x600.jpeg"", ""https://images.bayut.eg/thumbnails/48458066-800x600.jpeg"", ""https://images.bayut.eg/thumbnails/48458067-800x600.jpeg"", ""https://images.bayut.eg/thumbnails/48458068-800x600.jpeg"", ""https://images.bayut.eg/thumbnails/48458069-800x600.jpeg"", ""https://images.bayut.eg/thumbnails/48458070-800x600.jpeg"", ""https://images.bayut.eg/thumbnails/48458071-800x600.jpeg"", ""https://images.bayut.eg/thumbnails/48458072-800x600.jpeg"", ""https://images.bayut.eg/thumbnails/48458073-800x600.jpeg""]",Off-Plan,Primary
https://www.bayut.eg/en/property/details-503990241.html,Bayut - 1114-fMhmqr,503990241,Property Hills,"Standalone villa with a distinctive area and an open view of the landscape in Golden Square, Fifth Settlement, next to Palm Hills Katameya.",Villa,"Standalone villa with a unique area and an open view of the landscape in Golden Square, Fifth Settlement, next to Palm Hills Katameya. Next to Fifth Square Compound and Mivida, just minutes from Wadi Degla Club, near 90th Street. Unit details. Standalone villa. Area 325 meters. Large garden. Roof. 5 rooms. 5 bathrooms. Large reception. Services. 24-hour security and guarding. Integrated services compound. Green spaces. Artificial lakes. Restaurants and cafes. Walking and jogging paths. For contact via WhatsApp. [redacted phone number].","Azzar Compound, 5th Settlement, New Cairo, Cairo",14000000,EGP,5,5.0,Unfurnished,"Covered parking, Electricity Backup, Pets Allowed, Electricity Meter, Water Meter, Double Glazed Windows, Storage Areas, Natural Gas, Landline, Balcony or Terrace, Lobby in Building, Prayer Room, Reception/Waiting Room, First Aid Medical Center, Gym or Health Club, Facilities for Disabled, Swimming Pool, Jacuzzi, Sauna, Steam Room, Day Care Center, Kids Play Area, Lawn or Garden, Barbeque Area, Cafeteria or Canteen, Waste Disposal, Maintenance Staff, Cleaning Services, Security Staff, CCTV Security, Broadband Internet, Satellite/Cable TV, Intercom, ATM Facility, 24 Hours Concierge, Maids Room, Freehold",325 Sq. M.,Esraa ELsawy,"[""https://images.bayut.eg/thumbnails/48464069-800x600.jpeg"", ""https://images.bayut.eg/thumbnails/48464070-800x600.jpeg"", ""https://images.bayut.eg/thumbnails/48464071-800x600.jpeg"", ""https://images.bayut.eg/thumbnails/48464072-800x600.jpeg"", ""https://images.bayut.eg/thumbnails/48464073-800x600.jpeg"", ""https://images.bayut.eg/thumbnails/48464074-800x600.jpeg"", ""https://images.bayut.eg/thumbnails/48464075-800x600.jpeg"", ""https://images.bayut.eg/thumbnails/48464076-800x600.jpeg""]",Off-Plan,Primary
https://www.bayut.eg/en/property/details-503990156.html,Bayut - 1411-CcLbNe,503990156,Promax,"An apartment of 173 sqm, fully finished, in the compound Calma in Sheikh Zayed, available for installment. Just minutes from Hyper One, Al-Thawra Al-Khadra, near the compound Koy Calma Sheikh Zayed.",Apartment,"Receive your apartment in the compound in Sheikh Zayed, calma zayed. Apartment 173 sqm consists of:Finished. 3 bedrooms. 2 bathrooms. Reception. Kitchen. Terrace. Location of the compound:One minute from Al-Nazha Street. Hyper One. 26 July Corridor. Desert Road to Alexandria. For more details and information, contact us via WhatsApp or phone at [redacted phone number].","Calma, Sheikh Zayed, Giza Apartments, Giza",5631000,EGP,3,3.0,Unfurnished,"Covered parking, Pets Allowed, Electricity Meter, Water Meter, Natural Gas, Landline, Balcony or Terrace, Elevators in Building: 2, Service Elevators, Gym or Health Club, Facilities for Disabled, Jacuzzi, Day Care Center, Kids Play Area, Lawn or Garden, Barbeque Area, Cafeteria or Canteen, Waste Disposal, Maintenance Staff, Cleaning Services, Business Center, Security Staff, CCTV Security, 24 Hours Concierge, Pet Policy",173 Sq. M.,Salma Nasser,"[""https://images.bayut.eg/thumbnails/48458201-800x600.jpeg"", ""https://images.bayut.eg/thumbnails/48458202-800x600.jpeg"", ""https://images.bayut.eg/thumbnails/48458203-800x600.jpeg"", ""https://images.bayut.eg/thumbnails/48458204-800x600.jpeg""]",Off-Plan,Primary
https://www.bayut.eg/en/property/details-504033409.html,Bayut - 1405-OQJiyz,504033409,Location investment,"Villa 555 sqm for sale in Madinaty, Lakes View directly – Excellent opportunity to own the most prestigious view",Villa,"For sale in Madinaty: a discounted villa for sale, ModeL CIn the most beautiful phases of MadinatyPerfect for investment opportunities and prime residential livingAll dues fully paidJust steps from the main gateReady for immediate handoverBest location with lake viewsSea-facingThe villa is unfinishedBuilding area: 555 m²Land area: 737 m²Comprises:Ground floor: (Reception - 3-piece Salon - Dining Room - Kitchen - Maid's Room with Bathroom - Main Bathroom)First floor: (4 Bedrooms, all en-suite - Living Room - 2 Terraces)Roof: (Service Room)","Madinaty, Cairo",65000000,EGP,5,5.0,Unfurnished,"Built in Kitchen Appliances, Pets Allowed, Electricity Meter, Water Meter, Natural Gas, Landline, Balcony or Terrace, Lobby in Building, First Aid Medical Center, Gym or Health Club, Day Care Center, Lawn or Garden, Barbeque Area, Waste Disposal, Maintenance Staff, Cleaning Services, Business Center, Conference Room, Security Staff, CCTV Security, Laundry Room, Laundry Facility, Broadband Internet, Satellite/Cable TV, Intercom, 24 Hours Concierge",555 Sq. M.,Mohamed elbaz,"[""https://images.bayut.eg/thumbnails/49110831-800x600.jpeg"", ""https://images.bayut.eg/thumbnails/49110832-800x600.jpeg"", ""https://images.bayut.eg/thumbnails/49110833-800x600.jpeg"", ""https://images.bayut.eg/thumbnails/49110834-800x600.jpeg"", ""https://images.bayut.eg/thumbnails/49110835-800x600.jpeg"", ""https://images.bayut.eg/thumbnails/49110836-800x600.jpeg"", ""https://images.bayut.eg/thumbnails/49110837-800x600.jpeg"", ""https://images.bayut.eg/thumbnails/49110838-800x600.jpeg"", ""https://images.bayut.eg/thumbnails/49110839-800x600.jpeg"", ""https://images.bayut.eg/thumbnails/49110840-800x600.jpeg"", ""https://images.bayut.eg/thumbnails/49110841-800x600.jpeg"", ""https://images.bayut.eg/thumbnails/49110842-800x600.jpeg""]",Ready,Resale
https://www.bayut.eg/en/property/details-504033372.html,Bayut - 1016-PcqAFt,504033372,Falcon Real Estate,"3 rooms with a 64% discount or a down payment of 900,000 with fully finished,an apartment for sale in New Heliopolis, Talala Compound, on the Suez Roa",Apartment,"- Luxurious corner apartment, fully finished and ready to move in. Area: 125 sq mDivided into (3 bedrooms, 2 bathrooms)- Talala Compound, Prime Location, directly on the Amal Axis (one of the most important axes providing easy access to anywhere)- Minutes from Madinaty and adjacent to New Giza and SODIC EastCash price = 3,900,000 EGPFor more details and a video, contact us now via WhatsApp: [redacted phone number] or phone","Talala, New Heliopolis, Cairo",3900000,EGP,3,2.0,Unfurnished,"Covered parking, Pets Allowed, Electricity Meter, Water Meter, Natural Gas, Landline, First Aid Medical Center, Gym or Health Club, Facilities for Disabled, Swimming Pool, Jacuzzi, Sauna, Steam Room, Day Care Center, Kids Play Area, Barbeque Area, Cafeteria or Canteen",125 Sq. M.,محمد على,"[""https://images.bayut.eg/thumbnails/49110292-800x600.jpeg"", ""https://images.bayut.eg/thumbnails/49110293-800x600.jpeg"", ""https://images.bayut.eg/thumbnails/49110294-800x600.jpeg"", ""https://images.bayut.eg/thumbnails/49110295-800x600.jpeg"", ""https://images.bayut.eg/thumbnails/49110296-800x600.jpeg"", ""https://images.bayut.eg/thumbnails/49110297-800x600.jpeg"", ""https://images.bayut.eg/thumbnails/49110298-800x600.jpeg"", ""https://images.bayut.eg/thumbnails/49110299-800x600.jpeg"", ""https://images.bayut.eg/thumbnails/49110300-800x600.jpeg"", ""https://images.bayut.eg/thumbnails/49110301-800x600.jpeg"", ""https://images.bayut.eg/thumbnails/49110302-800x600.jpeg""]",Off-Plan,Primary
https://www.bayut.eg/en/property/details-504033354.html,Bayut - 1016-HBDmcT,504033354,Falcon Real Estate,Ready To Move Bahry Trible View + Corner Apartment For Sale In Stone Residence New Cairo Next To Katamya Heights Minutes To Heliopolis - Nasr City,Apartment,Receive your apartment immediately in one of the finest locations in New Cairo – Stone Residence. Open view with 100% privacy – next to Katameya Heights. Area: 220 SQM – 4 Bedrooms – 3 Bathrooms – Spacious Reception with a stunning view. Pool View – Full Privacy. For viewing and more details: [redacted phone number] + WhatsApp,"Stone Residence Compound, Katameya, Cairo",10500000,EGP,4,3.0,Unfurnished,"Balcony or Terrace, First Aid Medical Center, Gym or Health Club, Swimming Pool, Jacuzzi, Sauna, Lawn or Garden, Security Staff, CCTV Security",220 Sq. M.,Youssef Mohamed,"[""https://images.bayut.eg/thumbnails/49110079-800x600.jpeg"", ""https://images.bayut.eg/thumbnails/49110080-800x600.jpeg"", ""https://images.bayut.eg/thumbnails/49110081-800x600.jpeg"", ""https://images.bayut.eg/thumbnails/49110082-800x600.jpeg"", ""https://images.bayut.eg/thumbnails/49110083-800x600.jpeg"", ""https://images.bayut.eg/thumbnails/49110084-800x600.jpeg"", ""https://images.bayut.eg/thumbnails/49110085-800x600.jpeg"", ""https://images.bayut.eg/thumbnails/49110086-800x600.jpeg"", ""https://images.bayut.eg/thumbnails/49110087-800x600.jpeg"", ""https://images.bayut.eg/thumbnails/49110088-800x600.jpeg""]",Ready,Primary
https://www.bayut.eg/en/property/details-504033346.html,Bayut - 1016-JrNiPF,504033346,Falcon Real Estate,"30% off chalet, first row (sea + yacht marina), 500K down payment + launch price, chalet for sale in Salt Marina, North Coast, near South Med&La vista",Chalet,"Chalet with a 30% discount for a limited time [First row marina + sea]Ultra super Lux finishing || Lowest price within the launchInvest in the first world-class marina. An investment opportunity in the most powerful launch on the North Coast. A world-class marina. . . and an unparalleled view directly overlooking the sea and marina, developed by Misr Beach Development. Down payment of 500,000 + flexible installmentsFor details, contact us now via WhatsApp & phone: [redacted phone number]-------------------------------------------------------------------------------------","Salt, Ras Al Hekma, North Coast, Matruh Chalets, Matruh",5000000,EGP,1,1.0,Unfurnished,"First Aid Medical Center, Gym or Health Club, Swimming Pool, Jacuzzi, Sauna, Day Care Center, Kids Play Area, Barbeque Area, Cafeteria or Canteen",60 Sq. M.,محمد على,"[""https://images.bayut.eg/thumbnails/49110069-800x600.jpeg"", ""https://images.bayut.eg/thumbnails/49110070-800x600.jpeg"", ""https://images.bayut.eg/thumbnails/49110071-800x600.jpeg"", ""https://images.bayut.eg/thumbnails/49110072-800x600.jpeg"", ""https://images.bayut.eg/thumbnails/49110073-800x600.jpeg"", ""https://images.bayut.eg/thumbnails/49110074-800x600.jpeg"", ""https://images.bayut.eg/thumbnails/49110075-800x600.jpeg"", ""https://images.bayut.eg/thumbnails/49110076-800x600.jpeg"", ""https://images.bayut.eg/thumbnails/49110077-800x600.jpeg"", ""https://images.bayut.eg/thumbnails/49110078-800x600.jpeg""]",Off-Plan,Primary
https://www.bayut.eg/en/property/details-504033272.html,Bayut - 1016-ma0g2K,504033272,Falcon Real Estate,"Down 800,000,chalet (150 m) first row ,full sea view,fully finished ,for sale in lavista ras el hekma north coast next calicoast, seazen , , marassi",Chalet,"Chalet with the most stunning view and location in the village + Sandy BeachBest price and location in La Vista with a full sea view __ Ultra Super Lux finishingArea: 150 sq m(3 bedrooms, 3 bathrooms)Total price 15,000,000 [Down payment only 800,000 + flexible installments over the longest period]_____________________________________For details and a video, contact us now [redacted phone number] (WhatsApp/Phone). ______________________________________A unique opportunity to own a unit in one of the most prestigious villages on the North Coast, with modern designs, breathtaking natural scenery, and top-tier integrated services.","La Vista Ras El Hikma, Ras Al Hekma, North Coast, Matruh Chalets, Matruh",15000000,EGP,3,3.0,Unfurnished,"Covered parking, Pets Allowed, Electricity Meter, Water Meter, Natural Gas, Landline, First Aid Medical Center, Gym or Health Club, Facilities for Disabled, Swimming Pool, Jacuzzi, Sauna, Steam Room, Day Care Center, Kids Play Area, Cafeteria or Canteen",150 Sq. M.,محمد على,"[""https://images.bayut.eg/thumbnails/49109075-800x600.jpeg"", ""https://images.bayut.eg/thumbnails/49109076-800x600.jpeg"", ""https://images.bayut.eg/thumbnails/49109077-800x600.jpeg"", ""https://images.bayut.eg/thumbnails/49109078-800x600.jpeg"", ""https://images.bayut.eg/thumbnails/49109079-800x600.jpeg"", ""https://images.bayut.eg/thumbnails/49109080-800x600.jpeg"", ""https://images.bayut.eg/thumbnails/49109081-800x600.jpeg"", ""https://images.bayut.eg/thumbnails/49109082-800x600.jpeg"", ""https://images.bayut.eg/thumbnails/49109083-800x600.jpeg"", ""https://images.bayut.eg/thumbnails/49109084-800x600.jpeg"", ""https://images.bayut.eg/thumbnails/49109085-800x600.jpeg"", ""https://images.bayut.eg/thumbnails/49109086-800x600.jpeg"", ""https://images.bayut.eg/thumbnails/49109087-800x600.jpeg""]",Off-Plan,Primary
https://www.bayut.eg/en/property/details-504033095.html,Bayut - 1016-Zpxswj,504033095,Falcon Real Estate,"Ready to Move, Super Lux Finish, 34% Off, Apartment for Sale in Heliopolis Sheraton, On Suez Road, Opposite City Centre Almaza, Stoda Residence",Apartment,"- Prime location apartment directly opposite the airport and next to City Centre Almaza- Immediate occupancy- Ultra-super-lux finishing- Upscale, elegant compound with comprehensive services- Consists of (2 master bedrooms with dressing rooms + 2 bathrooms + American kitchen +2-piece reception area + terrace with a stunning view)cash price6,500,000Ready for viewing anytime[redacted phone number] WhatsApp or phone","Stoda Residence, Sheraton, Cairo",6500000,EGP,2,2.0,Unfurnished,"Covered parking, Pets Allowed, Electricity Meter, Water Meter, Natural Gas, Landline, First Aid Medical Center, Gym or Health Club, Facilities for Disabled, Swimming Pool, Jacuzzi, Sauna, Steam Room, Day Care Center, Kids Play Area, Barbeque Area, Cafeteria or Canteen",140 Sq. M.,محمد على,"[""https://images.bayut.eg/thumbnails/49106975-800x600.jpeg"", ""https://images.bayut.eg/thumbnails/49106977-800x600.jpeg"", ""https://images.bayut.eg/thumbnails/49106978-800x600.jpeg"", ""https://images.bayut.eg/thumbnails/49106979-800x600.jpeg"", ""https://images.bayut.eg/thumbnails/49106980-800x600.jpeg"", ""https://images.bayut.eg/thumbnails/49106981-800x600.jpeg"", ""https://images.bayut.eg/thumbnails/49106982-800x600.jpeg"", ""https://images.bayut.eg/thumbnails/49106983-800x600.jpeg"", ""https://images.bayut.eg/thumbnails/49106984-800x600.jpeg"", ""https://images.bayut.eg/thumbnails/49106985-800x600.jpeg"", ""https://images.bayut.eg/thumbnails/49106986-800x600.jpeg""]",Ready,Primary
https://www.bayut.eg/en/property/details-504033044.html,Bayut - 6420-Zrzx0n,504033044,Horizon Real Estate,Your chalet on the beach with a full view at the lowest price in the North Coast,Chalet,"In kilo 78, Al Sahel Al Tayeb, next to Zahraan Mall and Agadir VillageIn Rimas Village, a quiet and living village90 square meter chalet with a unique layoutTwo rooms - Reception - Bathroom - Kitchen - TerraceAnd an 18 square meter gardenSea view completely depending on the floorAnd pool and garden view10% down paymentAnd installments over 8 yearsProject features:Location close to Alexandria, about a 40-minute drive, and close to New Alamein City, making it easy to access. Private beach with Mediterranean sand and water, which is one of the main attractions for tourists. Large number of swimming pools (more than 17 swimming pools), including pools suitable for children and families, in addition to an Infinity Pool. Comprehensive recreational services include:Aqua Park. Clubhouse. Children's play area. Spa and relaxation area. Commercial area includes shops and services to meet daily needs within the village. Green spaces and landscaping provide a calm atmosphere and good views for the units. Diversity in units such as chalets with different spaces, suitable for personal use or investment. Investment opportunity due to its proximity to New Alamein and increased demand for Al Sahel Al Tayeb projects. Security and guarding services 24 hours a day. Surveillance cameras spread throughout the project. Electronic gates to regulate entry and exit. Continuous maintenance and cleaning services. Designated parking spaces. Walkway along the sea and paths for walking and running. Designated areas for sitting and relaxing amid green spaces. Medical services and a pharmacy close to the project. Units with various sizes that meet different needs. Competitive prices compared to neighboring villages in the same area. Flexible payment and installment systems. Suitable for summer use or long-term residence. A good investment opportunity with increasing demand for Al Sahel Al Tayeb area. Proximity to major services and projects in New Alamein City. A quiet environment away from the hustle and bustle while providing all basic and recreational services.","Remas, Hammam, North Coast, Matruh Chalets, Matruh",5000000,EGP,2,1.0,Unfurnished,"First Aid Medical Center, Gym or Health Club, Swimming Pool, Jacuzzi, Sauna, Steam Room, Day Care Center, Kids Play Area, Lawn or Garden, Barbeque Area, Cafeteria or Canteen",85 Sq. M.,Kholoud Ahmed,"[""https://images.bayut.eg/thumbnails/49106243-800x600.jpeg"", ""https://images.bayut.eg/thumbnails/49106244-800x600.jpeg"", ""https://images.bayut.eg/thumbnails/49106245-800x600.jpeg"", ""https://images.bayut.eg/thumbnails/49106246-800x600.jpeg"", ""https://images.bayut.eg/thumbnails/49106247-800x600.jpeg"", ""https://images.bayut.eg/thumbnails/49106248-800x600.jpeg"", ""https://images.bayut.eg/thumbnails/49106249-800x600.jpeg"", ""https://images.bayut.eg/thumbnails/49106250-800x600.jpeg"", ""https://images.bayut.eg/thumbnails/49106251-800x600.jpeg"", ""https://images.bayut.eg/thumbnails/49106252-800x600.jpeg"", ""https://images.bayut.eg/thumbnails/49106253-800x600.jpeg""]",Off-Plan,Primary
https://www.bayut.eg/en/property/details-504033019.html,Bayut - /yousef`,504033019,El Rabeh,villa for sale in Blue Blue el ain elsokhna fully finishing and furnished under market price,Villa,"BlueBlue - Ain SoukhnaStandalone Villa273 metersFirst row on the sea Sea view5 bedrooms + 6 bathrooms + 2 swimming poolsUltra super deluxe finishing and fully furnishedMaintenance and utility bills (gas, electricity, water) paid in full10 million less than the company pricePrice: 30,000,000","Blue Blue, Ain Sukhna, Suez Villas, Suez",30000000,EGP,5,6.0,Furnished,"Built in Kitchen Appliances, Covered parking, Pets Allowed, Water Meter, Natural Gas, Landline, Balcony or Terrace, Security Staff, Maids Room",273 Sq. M.,El Rabeh Real Estate,"[""https://images.bayut.eg/thumbnails/49105838-800x600.jpeg"", ""https://images.bayut.eg/thumbnails/49105852-800x600.jpeg"", ""https://images.bayut.eg/thumbnails/49105853-800x600.jpeg"", ""https://images.bayut.eg/thumbnails/49105854-800x600.jpeg"", ""https://images.bayut.eg/thumbnails/49105855-800x600.jpeg"", ""https://images.bayut.eg/thumbnails/49105856-800x600.jpeg"", ""https://images.bayut.eg/thumbnails/49105857-800x600.jpeg"", ""https://images.bayut.eg/thumbnails/49105858-800x600.jpeg"", ""https://images.bayut.eg/thumbnails/49105859-800x600.jpeg"", ""https://images.bayut.eg/thumbnails/49105860-800x600.jpeg"", ""https://images.bayut.eg/thumbnails/49105861-800x600.jpeg"", ""https://images.bayut.eg/thumbnails/49105862-800x600.jpeg"", ""https://images.bayut.eg/thumbnails/49105863-800x600.jpeg"", ""https://images.bayut.eg/thumbnails/49105864-800x600.jpeg""]",Ready,Resale
https://www.bayut.eg/en/property/details-504032995.html,Bayut - 1016-Y6DSZP,504032995,Falcon Real Estate,"Chalet, 36% off, lowest market price, full sea view, VIP finish, for sale in Ramla Ras El Hekma, near Caesar Sodic, Hacienda Red & Almaza Bay",Chalet,"Distinguished chalet for sale with a breathtaking 100% panoramic sea view. Ultra-super deluxe finishing + air conditioningArea: 169sq m {3 bedrooms with panoramic views - 3 bathrooms}For details: [redacted phone number] (WhatsApp/Phone)cash price 15,000,000-----------------------------------------------------------------------The village is in the heart of the North Coast, a prime location - next to Emirati cities. Direct access to Al-Fouka Road. 30 minutes from Al-Ula Airport. Gated community with the beauty of the North Coast. A fully serviced village.","Ramla, North Coast, Matruh Chalets, Matruh",15000000,EGP,3,3.0,Unfurnished,"Covered parking, Pets Allowed, Electricity Meter, Sea view, Water Meter, Natural Gas, Landline, First Aid Medical Center, Gym or Health Club, Facilities for Disabled, Swimming Pool, Jacuzzi, Sauna, Steam Room, Day Care Center, Kids Play Area, Barbeque Area, Cafeteria or Canteen",170 Sq. M.,محمد على,"[""https://images.bayut.eg/thumbnails/49105620-800x600.jpeg"", ""https://images.bayut.eg/thumbnails/49105621-800x600.jpeg"", ""https://images.bayut.eg/thumbnails/49105622-800x600.jpeg"", ""https://images.bayut.eg/thumbnails/49105623-800x600.jpeg"", ""https://images.bayut.eg/thumbnails/49105624-800x600.jpeg"", ""https://images.bayut.eg/thumbnails/49105625-800x600.jpeg"", ""https://images.bayut.eg/thumbnails/49105626-800x600.jpeg"", ""https://images.bayut.eg/thumbnails/49105627-800x600.jpeg"", ""https://images.bayut.eg/thumbnails/49105628-800x600.jpeg"", ""https://images.bayut.eg/thumbnails/49105629-800x600.jpeg""]",Off-Plan,Primary
https://www.bayut.eg/en/property/details-504032981.html,Bayut - 1016-aJ1Fnz,504032981,Falcon Real Estate,"Ready, Best villa in the compound, below market price, open view on landscape + pool, for sale in La Vista City New Capital, near Al Maqsad.",Villa,"vThe Ultimate in Luxury – Your Villa (with VIP Finishing)Prime Location and View in the CompoundArea: 245 sq m3 Floors with a Smart Layout, Spacious Terraces, Naturally Lighted Reception Area, and Kitchens and Bathrooms with the Highest Standards of LuxuryVIP Location in the Heart of the New Administrative Capital10 Minutes from Golden Square Direct on the Southern Bin Zayed AxisFor details, contact us now on [redacted phone number] (WhatsApp & Phone)","La Vista City, New Capital City, Cairo",17000000,EGP,4,4.0,Unfurnished,"First Aid Medical Center, Gym or Health Club, Swimming Pool, Jacuzzi, Sauna, Steam Room, Day Care Center, Kids Play Area, Lawn or Garden, Barbeque Area, Cafeteria or Canteen",250 Sq. M.,محمد على,"[""https://images.bayut.eg/thumbnails/49105477-800x600.jpeg"", ""https://images.bayut.eg/thumbnails/49105478-800x600.jpeg"", ""https://images.bayut.eg/thumbnails/49105479-800x600.jpeg"", ""https://images.bayut.eg/thumbnails/49105480-800x600.jpeg"", ""https://images.bayut.eg/thumbnails/49105481-800x600.jpeg"", ""https://images.bayut.eg/thumbnails/49105482-800x600.jpeg"", ""https://images.bayut.eg/thumbnails/49105483-800x600.jpeg"", ""https://images.bayut.eg/thumbnails/49105484-800x600.jpeg"", ""https://images.bayut.eg/thumbnails/49105485-800x600.jpeg"", ""https://images.bayut.eg/thumbnails/49105486-800x600.jpeg"", ""https://images.bayut.eg/thumbnails/49105487-800x600.jpeg"", ""https://images.bayut.eg/thumbnails/49105488-800x600.jpeg"", ""https://images.bayut.eg/thumbnails/49105489-800x600.jpeg""]",Ready,Primary
https://www.bayut.eg/en/property/details-504032945.html,Bayut - 1016-4KCdTH,504032945,Falcon Real Estate,"The first chalet on the Marina in MODON of Abu Dhabi, Ras Al Hekma - North Coast | Fully finished with air conditioners and kitchen next to Hacie",Chalet,"Finished chalet with air conditioners and kitchen for sale, first row on the sea in MudonThe chalet directly on the sea and a natural lagoon(2 bedrooms + 2 bathrooms + reception + kitchen + terrace)The village has golf coursesThere is a marina in the villageFor details, call [redacted phone number] or WhatsAppOr leave a message on WhatsApp and we will reply with all the details-------------------------------------------------------------------","Modon, Ras Al Hekma, North Coast, Matruh Chalets, Matruh",12000000,EGP,2,2.0,Furnished,"Built in Kitchen Appliances, Covered parking, Electricity Backup, Electricity Meter, Centrally Air-Conditioned, Sea view, Central Heating, Water Meter, Double Glazed Windows, Storage Areas, Natural Gas, Landline, Study Room, Central A/C & heating, Balcony or Terrace, Lobby in Building, Service Elevators, Prayer Room, First Aid Medical Center, Gym or Health Club, Facilities for Disabled, Swimming Pool, Jacuzzi, Sauna, Steam Room, Kids Play Area, Lawn or Garden, Barbeque Area, Cafeteria or Canteen, Waste Disposal, Maintenance Staff, Cleaning Services, Business Center, Conference Room, Security Staff, CCTV Security, Laundry Room, Laundry Facility, Broadband Internet, Satellite/Cable TV, Intercom, 24 Hours Concierge, Maids Room, Freehold",122 Sq. M.,marim ramzy anis,"[""https://images.bayut.eg/thumbnails/49104831-800x600.jpeg"", ""https://images.bayut.eg/thumbnails/49104832-800x600.jpeg"", ""https://images.bayut.eg/thumbnails/49104839-800x600.jpeg"", ""https://images.bayut.eg/thumbnails/49104840-800x600.jpeg"", ""https://images.bayut.eg/thumbnails/49104841-800x600.jpeg"", ""https://images.bayut.eg/thumbnails/49104842-800x600.jpeg"", ""https://images.bayut.eg/thumbnails/49104843-800x600.jpeg"", ""https://images.bayut.eg/thumbnails/49104844-800x600.jpeg"", ""https://images.bayut.eg/thumbnails/49104845-800x600.jpeg"", ""https://images.bayut.eg/thumbnails/49104846-800x600.jpeg""]",Off-Plan,Primary
https://www.bayut.eg/en/property/details-504032913.html,Bayut - 1016-VPYvh7,504032913,Falcon Real Estate,"Villa with abig discount, prime location, 3 floors, luxury finish, open view, full privacy, Palm Hills New Cairo near Mountain View & Hyde park& AUC",Villa,"The pinnacle of luxury – your villa in a prime location and view within the compound, at a competitive price with flexible, interest-free payment plans, comprehensive services, and an open view of the landscape. - Land area: 300- Building area: 2703 floors with a smart layout, spacious terraces, a naturally lit reception area, and a kitchen and bathrooms built to the highest standards of luxury. Prime location: (In the heart of the Golden Square on the Middle Ring Road – next to Mountain View – minutes from AUC)To visit the site and for more details, contact us via WhatsApp or call [redacted phone number]---------------------------------------------------------------","Palm Hills New Cairo Compound, 5th Settlement, New Cairo, Cairo",16000000,EGP,5,6.0,Unfurnished,"Built in Kitchen Appliances, Covered parking, Pets Allowed, Water Meter, Natural Gas, Landline, First Aid Medical Center, Gym or Health Club, Facilities for Disabled, Swimming Pool, Jacuzzi, Sauna, Steam Room, Day Care Center, Kids Play Area, Lawn or Garden, Barbeque Area, Cafeteria or Canteen",270 Sq. M.,محمد على,"[""https://images.bayut.eg/thumbnails/49104505-800x600.jpeg"", ""https://images.bayut.eg/thumbnails/49104506-800x600.jpeg"", ""https://images.bayut.eg/thumbnails/49104507-800x600.jpeg"", ""https://images.bayut.eg/thumbnails/49104508-800x600.jpeg"", ""https://images.bayut.eg/thumbnails/49104509-800x600.jpeg"", ""https://images.bayut.eg/thumbnails/49104510-800x600.jpeg"", ""https://images.bayut.eg/thumbnails/49104511-800x600.jpeg"", ""https://images.bayut.eg/thumbnails/49104512-800x600.jpeg"", ""https://images.bayut.eg/thumbnails/49104513-800x600.jpeg"", ""https://images.bayut.eg/thumbnails/49104514-800x600.jpeg""]",Off-Plan,Primary
https://www.bayut.eg/en/property/details-504032877.html,Bayut - 1016-5RJp3C,504032877,Falcon Real Estate,"3bedrooms with a 400K DP, first installment after 1 year, or 54% cash discount, for sale in Sarai New Cairo, near Madinaty, 5th Settlement & Taj City.",Apartment,"Distinguished 3-bedroom apartment in Sarai Compound with an open view of the enchanting lake and landscaped grounds. High floor - fully sea-facing. Area: 125 sq m with a smart layout (3 bedrooms + spacious reception + terrace with a stunning view + large kitchen). Cash price: 3,900,000 EGPOr pay in installments with a 400,000 EGP down payment and the first installment due after one year (price varies). - For details and to view the compound, contact us now via WhatsApp & phone: [redacted phone number]","Sarai, Mostakbal City, Cairo",3900000,EGP,3,2.0,Unfurnished,"Covered parking, Pets Allowed, Electricity Meter, Water Meter, Natural Gas, Landline, First Aid Medical Center, Gym or Health Club, Facilities for Disabled, Swimming Pool, Jacuzzi, Sauna, Steam Room, Day Care Center, Kids Play Area, Lawn or Garden, Barbeque Area, Cafeteria or Canteen",125 Sq. M.,محمد على,"[""https://images.bayut.eg/thumbnails/49104057-800x600.jpeg"", ""https://images.bayut.eg/thumbnails/49104058-800x600.jpeg"", ""https://images.bayut.eg/thumbnails/49104059-800x600.jpeg"", ""https://images.bayut.eg/thumbnails/49104060-800x600.jpeg"", ""https://images.bayut.eg/thumbnails/49104061-800x600.jpeg"", ""https://images.bayut.eg/thumbnails/49104062-800x600.jpeg"", ""https://images.bayut.eg/thumbnails/49104063-800x600.jpeg"", ""https://images.bayut.eg/thumbnails/49104064-800x600.jpeg"", ""https://images.bayut.eg/thumbnails/49104065-800x600.jpeg"", ""https://images.bayut.eg/thumbnails/49104066-800x600.jpeg""]",Off-Plan,Primary
https://www.bayut.eg/en/property/details-504032704.html,Bayut - ABDELRAHMAN-9827,504032704,Better Estate,Apartment for sale in Tiamo City Compound – Sheikh Zayed,Apartment,"Apartment for sale in Tiamo City Compound – Sheikh ZayedPrime location: The first compound in Zayed on the main roadA prime location and diverse views within Tiamo City Compound in Sheikh Zayed. Area: 170 square metersFloor: First floor3 bedrooms2 bathrooms2 balconies- Balcony with a view within the compound- Balcony with a direct view of the main roadAsking price: 5,300,000 EGPCompany commission: 1.5% from the buyerYou will receive a response from a dedicated sales representativeMr. Abdel RahmanUnit code: 9827","Tiamo City, Sheikh Zayed, Giza Apartments, Giza",5300000,EGP,3,2.0,Unfurnished,"Covered parking, Electricity Meter, Water Meter, Natural Gas, Landline, Balcony or Terrace, Lobby in Building, Completion Year: 1, Waste Disposal, Maintenance Staff, Cleaning Services, Business Center, Conference Room, Security Staff, CCTV Security, Broadband Internet, Satellite/Cable TV, Intercom, 24 Hours Concierge",170 Sq. M.,Amal Fahmy,"[""https://images.bayut.eg/thumbnails/49101745-800x600.jpeg"", ""https://images.bayut.eg/thumbnails/49101748-800x600.jpeg"", ""https://images.bayut.eg/thumbnails/49101749-800x600.jpeg"", ""https://images.bayut.eg/thumbnails/49101750-800x600.jpeg"", ""https://images.bayut.eg/thumbnails/49101751-800x600.jpeg"", ""https://images.bayut.eg/thumbnails/49101752-800x600.jpeg"", ""https://images.bayut.eg/thumbnails/49101753-800x600.jpeg"", ""https://images.bayut.eg/thumbnails/49101754-800x600.jpeg"", ""https://images.bayut.eg/thumbnails/49101755-800x600.jpeg"", ""https://images.bayut.eg/thumbnails/49101756-800x600.jpeg"", ""https://images.bayut.eg/thumbnails/49101757-800x600.jpeg"", ""https://images.bayut.eg/thumbnails/49101758-800x600.jpeg"", ""https://images.bayut.eg/thumbnails/49101759-800x600.jpeg"", ""https://images.bayut.eg/thumbnails/49101760-800x600.jpeg"", ""https://images.bayut.eg/thumbnails/49101761-800x600.jpeg"", ""https://images.bayut.eg/thumbnails/49101762-800x600.jpeg"", ""https://images.bayut.eg/thumbnails/49101763-800x600.jpeg"", ""https://images.bayut.eg/thumbnails/49101764-800x600.jpeg""]",Ready,Resale
https://www.bayut.eg/en/property/details-503381598.html,Bayut - 10345-Rn9LUe,503381598,Capital Agency,Apartment for sale in Icon Gardens Compound with a 10% down payment in the Golden Square Fifth Settlement Minutes from the American University,Apartment,"**Project name: Icon Gardens . * Project location: in the heart of the Fifth Settlement in *Golden Square*. * Prime Location. • Icon Gardens Compound, Fifth Settlement, is one of the new and distinctive projects within theFifth Settlement. • The compound is considered one of the best projects near Hyde Park and Mivida . **Unit specifications:- Building area: 158 meters . - 3 bedrooms . - 3 bathrooms. - Large reception. - Kitchen. ______________________________________________**Services and features:• Green spaces . • A group of restaurants and cafes. • Providing a 24-hour security and guarding team to secure the compound. • The units inside The Icon Residence are fully secured by deploying a number of surveillance cameras. • Car garages. • A group of equipped gyms. • Various swimming pools suitable for adults and children. • For those who love watching various exclusive films, a cinema and spacious entertainment venues have been established, equipped with the best display screens. • Establishing a number of maintenance centers staffed with technicians specialized in all different fields. • International cultural club. • A large, fully equipped commercial mall. • Language schools, private and international. ______________________________________________Location:• The Icon Gardens Compound, Fifth Settlement, is located close to the American University. • The Icon Residence project is two minutes away from the main 90th Street. • Less than five minutes separate the compound from the Middle Ring Road. ______________________________________________**Total price:Price: 6,400,000 pounds. With a 10% down payment. _______________________________________________For more information, contact us on: [redacted phone number]","The Icon Residence Compound, 5th Settlement, New Cairo, Cairo",6400000,EGP,3,3.0,Unfurnished,"Built in Kitchen Appliances, Covered parking, Pets Allowed, Electricity Meter, Sea view, Water Meter, Natural Gas, Landline, First Aid Medical Center, Gym or Health Club, Facilities for Disabled, Swimming Pool, Jacuzzi, Sauna, Steam Room, Day Care Center, Kids Play Area, Lawn or Garden, Barbeque Area, Cafeteria or Canteen, Shared Kitchen, Laundry Room, Laundry Facility",158 Sq. M.,Basmala Yasser,"[""https://images.bayut.eg/thumbnails/46439226-800x600.jpeg"", ""https://images.bayut.eg/thumbnails/46439227-800x600.jpeg"", ""https://images.bayut.eg/thumbnails/46439228-800x600.jpeg"", ""https://images.bayut.eg/thumbnails/46439229-800x600.jpeg"", ""https://images.bayut.eg/thumbnails/46439230-800x600.jpeg"", ""https://images.bayut.eg/thumbnails/46439231-800x600.jpeg"", ""https://images.bayut.eg/thumbnails/46439232-800x600.jpeg"", ""https://images.bayut.eg/thumbnails/46439233-800x600.jpeg"", ""https://images.bayut.eg/thumbnails/46439234-800x600.jpeg"", ""https://images.bayut.eg/thumbnails/46439235-800x600.jpeg""]",Off-Plan,Primary
https://www.bayut.eg/en/property/details-504001944.html,Bayut - 5000443-2L3c1a,504001944,Deal,Apartment for sale with a direct pool view in R8,Apartment,"Prime Strategic Location in R8Facing 3 main axes with a fourth frontage on the tourist promenade connected to Central Park — one of the best views in R8Unit Details:* View: Prime Landscape & Lagoons View* Area: 155sqm* Bedrooms: 3Total Price: 4,200,000 EGP","Defaf, R8, New Capital City, Cairo",4200000,EGP,3,3.0,Unfurnished,"Gym or Health Club, Swimming Pool, Jacuzzi, Sauna, Kids Play Area, Lawn or Garden, Barbeque Area, Cafeteria or Canteen",155 Sq. M.,basant samy,"[""https://images.bayut.eg/thumbnails/48592453-800x600.jpeg"", ""https://images.bayut.eg/thumbnails/48592454-800x600.jpeg"", ""https://images.bayut.eg/thumbnails/48592455-800x600.jpeg"", ""https://images.bayut.eg/thumbnails/48592456-800x600.jpeg"", ""https://images.bayut.eg/thumbnails/48592457-800x600.jpeg"", ""https://images.bayut.eg/thumbnails/48592458-800x600.jpeg"", ""https://images.bayut.eg/thumbnails/48592459-800x600.jpeg"", ""https://images.bayut.eg/thumbnails/48592460-800x600.jpeg"", ""https://images.bayut.eg/thumbnails/48592461-800x600.jpeg"", ""https://images.bayut.eg/thumbnails/48592462-800x600.jpeg"", ""https://images.bayut.eg/thumbnails/48592463-800x600.jpeg"", ""https://images.bayut.eg/thumbnails/48592464-800x600.jpeg"", ""https://images.bayut.eg/thumbnails/48592465-800x600.jpeg"", ""https://images.bayut.eg/thumbnails/48592466-800x600.jpeg""]",Off-Plan,Primary
https://www.bayut.eg/en/property/details-503987345.html,Bayut - MMF-353,503987345,Gate Real Estate,Apartment for Sale in Mountain View iCity October- Lagoon View- Prime Location- Hot Deal Price-Own a Valuable Asset That Preserves Your Money’s Value,Apartment,"Apartment for Sale in Mountain View iCity OctoberSecond Floor | Open Lagoon View | Prime LocationUnit DetailsPhase: Lagoon ParkArea: 170 sqm3 Bedrooms, including 1 Master Bedroom3 BathroomsReception & Dining AreaDouble-Height TerraceFinishing: Core & ShellFinancial DetailsDown Payment: EGP 4,270,000Remaining: EGP 3,488,000Total Price: EGP 7,758,000For inquiries: [redacted phone number]Code: MMF-353","Mountain View iCity Compound, 6th of October, Giza Apartments, Giza",7758000,EGP,3,3.0,Unfurnished,"Water Meter, Natural Gas, Landline, Balcony or Terrace, Cafeteria or Canteen, Maintenance Staff, Security Staff, CCTV Security, Broadband Internet, 24 Hours Concierge",170 Sq. M.,Mariam farouk,"[""https://images.bayut.eg/thumbnails/48495179-800x600.jpeg"", ""https://images.bayut.eg/thumbnails/48495180-800x600.jpeg"", ""https://images.bayut.eg/thumbnails/48490917-800x600.jpeg"", ""https://images.bayut.eg/thumbnails/48495181-800x600.jpeg"", ""https://images.bayut.eg/thumbnails/48490920-800x600.jpeg"", ""https://images.bayut.eg/thumbnails/48495182-800x600.jpeg"", ""https://images.bayut.eg/thumbnails/48495183-800x600.jpeg"", ""https://images.bayut.eg/thumbnails/48495184-800x600.jpeg"", ""https://images.bayut.eg/thumbnails/48495185-800x600.jpeg"", ""https://images.bayut.eg/thumbnails/48495186-800x600.jpeg"", ""https://images.bayut.eg/thumbnails/48495187-800x600.jpeg"", ""https://images.bayut.eg/thumbnails/48495188-800x600.jpeg""]",Off-Plan,Resale
https://www.bayut.eg/en/property/details-503966566.html,Bayut - MO-EH12191,503966566,New Avenue,Standalone sea view from first floor for sale with downpayment and installment,Villa,"Standalone for Sale | Almaza BaySelection 26th Row — Full Sea View from upstairsBuilt-up Area: 412 sqmLand Area: 647 sqm5 Bedrooms + LivingSemi-Finished — Exterior FinishedDelivery: September 2027Down Payment: EGP43,119,000MRemaining: EGP 16.881. 000 until 2030Maintenance IncludedTotal Price: EGP 60MMO-EH","Almaza Bay, North Coast, Matruh Villas, Matruh",60000000,EGP,5,4.0,Unfurnished,"Built in Kitchen Appliances, Balcony or Terrace, Lobby in Building, Gym or Health Club, Swimming Pool, Jacuzzi, Sauna, Kids Play Area, Lawn or Garden, Security Staff, CCTV Security",412 Sq. M.,Bassem Sedky,"[""https://images.bayut.eg/thumbnails/48174568-800x600.jpeg"", ""https://images.bayut.eg/thumbnails/48174569-800x600.jpeg"", ""https://images.bayut.eg/thumbnails/48174570-800x600.jpeg"", ""https://images.bayut.eg/thumbnails/48174571-800x600.jpeg"", ""https://images.bayut.eg/thumbnails/48174572-800x600.jpeg"", ""https://images.bayut.eg/thumbnails/48174573-800x600.jpeg"", ""https://images.bayut.eg/thumbnails/48174574-800x600.jpeg"", ""https://images.bayut.eg/thumbnails/48174575-800x600.jpeg"", ""https://images.bayut.eg/thumbnails/48174576-800x600.jpeg"", ""https://images.bayut.eg/thumbnails/48174577-800x600.jpeg"", ""https://images.bayut.eg/thumbnails/48174578-800x600.jpeg"", ""https://images.bayut.eg/thumbnails/48174579-800x600.jpeg"", ""https://images.bayut.eg/thumbnails/48174580-800x600.jpeg"", ""https://images.bayut.eg/thumbnails/48174581-800x600.jpeg"", ""https://images.bayut.eg/thumbnails/48174582-800x600.jpeg""]",Off-Plan,Resale
https://www.bayut.eg/en/property/details-503901595.html,Bayut - 1412-pNhui0,503901595,Property Hills One 1,"Proff Chalet for sale from Sodic at an advance of 816,000, overlooking the sea, finished and equipped with air conditioning - in June Sodic - North Coast",Chalet,"Prove Chalet for sale for 816,000 EGP from Sodic with a sea view, fully finished and equipped with air conditioning - at John Sodic - North Coast3 bedrooms, including a master + a master nanny room4 bathroomsLarge private roof of 117 metersFully finished, ready with air conditioningTotal cash price: 19,867,680 EGPAnd available to pay 816,000 EGP down and pay the rest in installments over 10 years with facilitiesInspection available at any time and a video explanation of the chalet can be sent: [redacted phone number]Calls + WhatsAppFacilities and services:Pools and beach lakesHotel services and hospitalityGym/Fitness centerCommercial areaRestaurants and cafesAnd many more facilities.","June Sodic, Ras Al Hekma, North Coast, Matruh Chalets, Matruh",19860000,EGP,4,4.0,Unfurnished,"Built in Kitchen Appliances, Covered parking, Electricity Backup, Pets Allowed, Electricity Meter, Centrally Air-Conditioned, Sea view, Central Heating, Double Glazed Windows, Storage Areas, Landline, Central A/C & heating, Balcony or Terrace, First Aid Medical Center, Gym or Health Club, Facilities for Disabled, Swimming Pool, Jacuzzi, Sauna, Steam Room, Day Care Center, Kids Play Area, Lawn or Garden, Barbeque Area, Cafeteria or Canteen, Waste Disposal, Maintenance Staff, Cleaning Services, Business Center, Conference Room, Security Staff, CCTV Security, Shared Kitchen, Laundry Room, Laundry Facility, Broadband Internet, Satellite/Cable TV, Intercom, 24 Hours Concierge, Maids Room, Freehold",185 Sq. M.,Aya Mahmoud,"[""https://images.bayut.eg/thumbnails/47339531-800x600.jpeg"", ""https://images.bayut.eg/thumbnails/47339525-800x600.jpeg"", ""https://images.bayut.eg/thumbnails/47339524-800x600.jpeg"", ""https://images.bayut.eg/thumbnails/47339522-800x600.jpeg"", ""https://images.bayut.eg/thumbnails/47339526-800x600.jpeg"", ""https://images.bayut.eg/thumbnails/47339527-800x600.jpeg"", ""https://images.bayut.eg/thumbnails/47339528-800x600.jpeg"", ""https://images.bayut.eg/thumbnails/47339529-800x600.jpeg"", ""https://images.bayut.eg/thumbnails/47339530-800x600.jpeg"", ""https://images.bayut.eg/thumbnails/47339523-800x600.jpeg""]",Off-Plan,Primary
https://www.bayut.eg/en/property/details-504032667.html,Bayut - 1016-BZnPIw,504032667,Falcon Real Estate,"Direct Beachfront Villa | Marina 5 | Immediate Delivery | VIP Furnished & Equipped | Near Marina 8 | Minutes from Marassi, North Coast",Villa,"VIP First-Row Direct Beachfront Villa – Lissan El Wozaraa, Marina 5Area: 263 sqm + Private GardenULTRA MODERN finishing, fully furnished & equipped with appliancesOpen Sea View – Prime Location – Immediate DeliveryFor Details & Viewing: [redacted phone number] + WHATSAPP____________________________________________","Marina 5, Alamein, North Coast, Matruh Villas, Matruh",19500000,EGP,4,4.0,Unfurnished,"Balcony or Terrace, First Aid Medical Center, Gym or Health Club, Swimming Pool, Jacuzzi, Sauna, Day Care Center, Kids Play Area, Lawn or Garden, Barbeque Area, Cafeteria or Canteen, Security Staff, CCTV Security",263 Sq. M.,Youssef Mohamed,"[""https://images.bayut.eg/thumbnails/49101244-800x600.jpeg"", ""https://images.bayut.eg/thumbnails/49101245-800x600.jpeg"", ""https://images.bayut.eg/thumbnails/49101246-800x600.jpeg"", ""https://images.bayut.eg/thumbnails/49101247-800x600.jpeg"", ""https://images.bayut.eg/thumbnails/49101263-800x600.jpeg"", ""https://images.bayut.eg/thumbnails/49101264-800x600.jpeg"", ""https://images.bayut.eg/thumbnails/49101265-800x600.jpeg"", ""https://images.bayut.eg/thumbnails/49101266-800x600.jpeg"", ""https://images.bayut.eg/thumbnails/49101267-800x600.jpeg"", ""https://images.bayut.eg/thumbnails/49101268-800x600.jpeg""]",Ready,Primary
https://www.bayut.eg/en/property/details-504032559.html,Bayut - 1016-VJRKgQ,504032559,Falcon Real Estate,"Stand aLone villa, full sea, lagoon& towers view,open view full privacy ,for sale in mazarine ,new alamein,north coast,near marassi&porto golf marina",Villa,"Immediate delivery of a luxurious standalone villa (ultra-super-luxurious finishing || Prime Location) with a VIP view of the sea, lagoon, and towers. Total area: 345 sq m, divided into 294 sq m + 51 sq m roof terrace. Excellent layout: 4 bedrooms + 4 bathrooms. Prime location opposite the New Alamein Towers, after Marassi and Amwaj. Flexible payment plans: EGP down payment 2,300,000 + easy installments with no interest. For details, click now on WhatsApp to receive a full video: [redacted phone number] (Phone)","Mazarine, Alamein, North Coast, Matruh Villas, Matruh",20000000,EGP,4,4.0,Unfurnished,"First Aid Medical Center, Gym or Health Club, Swimming Pool, Jacuzzi, Sauna, Steam Room, Day Care Center, Kids Play Area, Barbeque Area, Cafeteria or Canteen",295 Sq. M.,محمد على,"[""https://images.bayut.eg/thumbnails/49106325-800x600.jpeg"", ""https://images.bayut.eg/thumbnails/49106326-800x600.jpeg"", ""https://images.bayut.eg/thumbnails/49106327-800x600.jpeg"", ""https://images.bayut.eg/thumbnails/49106328-800x600.jpeg"", ""https://images.bayut.eg/thumbnails/49106329-800x600.jpeg"", ""https://images.bayut.eg/thumbnails/49106330-800x600.jpeg"", ""https://images.bayut.eg/thumbnails/49106331-800x600.jpeg"", ""https://images.bayut.eg/thumbnails/49106332-800x600.jpeg"", ""https://images.bayut.eg/thumbnails/49106333-800x600.jpeg"", ""https://images.bayut.eg/thumbnails/49106334-800x600.jpeg"", ""https://images.bayut.eg/thumbnails/49106335-800x600.jpeg"", ""https://images.bayut.eg/thumbnails/49106336-800x600.jpeg"", ""https://images.bayut.eg/thumbnails/49106337-800x600.jpeg"", ""https://images.bayut.eg/thumbnails/49106338-800x600.jpeg"", ""https://images.bayut.eg/thumbnails/49106339-800x600.jpeg"", ""https://images.bayut.eg/thumbnails/49106340-800x600.jpeg"", ""https://images.bayut.eg/thumbnails/49106341-800x600.jpeg""]",Ready,Primary
https://www.bayut.eg/en/property/details-504032547.html,Bayut - 7212-TFn8Nt,504032547,ميامى لايف,"For sale - 130 m² apartment, side rear with a balcony in Hadayek El Ahram - the second gate - Area T - just a few steps to Al-Awdy Mosque and next to Al-Urman School in an excellent residential location.",Apartment,"For sale - 130 m apartment, side rear with a balcony in the Gardens of the Pyramids - second gate - area T - a few steps to Al-Awdi Mosque and next to the Orman school in an excellent residential location. Ultra super lux finishing, first occupancy - second floor. Consisting of (3 bedrooms - reception - 2 bathrooms - kitchen). Occupied building - with an electricity meter - natural gas - working elevator - fiber internet. For contact through phone or WhatsApp [redacted phone number].","Hadayek al-Ahram, Giza Apartments, Giza",2300000,EGP,3,2.0,Unfurnished,"Pets Allowed, Central A/C & heating, Balcony or Terrace, Lobby in Building, Completion Year: 2, Maintenance Staff, Security Staff, CCTV Security, Broadband Internet, Freehold",130 Sq. M.,Gana,"[""https://images.bayut.eg/thumbnails/49099825-800x600.jpeg"", ""https://images.bayut.eg/thumbnails/49099826-800x600.jpeg"", ""https://images.bayut.eg/thumbnails/49099827-800x600.jpeg"", ""https://images.bayut.eg/thumbnails/49099828-800x600.jpeg"", ""https://images.bayut.eg/thumbnails/49099829-800x600.jpeg"", ""https://images.bayut.eg/thumbnails/49099830-800x600.jpeg"", ""https://images.bayut.eg/thumbnails/49099831-800x600.jpeg"", ""https://images.bayut.eg/thumbnails/49099832-800x600.jpeg"", ""https://images.bayut.eg/thumbnails/49099833-800x600.jpeg"", ""https://images.bayut.eg/thumbnails/49099834-800x600.jpeg"", ""https://images.bayut.eg/thumbnails/49099835-800x600.jpeg"", ""https://images.bayut.eg/thumbnails/49099836-800x600.jpeg""]",Ready,Resale
https://www.bayut.eg/en/property/details-504032375.html,Bayut - 1016-Nax3X7,504032375,Falcon Real Estate,chalet for sale steps for sea first row lagoon next to marassi . latin marina 8 north coast,Chalet,Own a ground-floor chalet with a private garden in the heart of New Alamein. Prime Location:Just minutes away from New Alamein Towers and Hacienda Bay. Area: 150 sqmPrivate Garden: 110 sqmUnique Layout:3 bedrooms + 2 bathrooms + spacious receptionView:Panoramic views of landscapes and the lagoonDown payment : 840 k + installment For more information & inquiries:[redacted phone number] (Call & WhatsApp),"Marina 8, Alamein, North Coast, Matruh Chalets, Matruh",8400000,EGP,3,2.0,Unfurnished,"Balcony or Terrace, First Aid Medical Center, Gym or Health Club, Swimming Pool, Jacuzzi, Sauna, Day Care Center, Lawn or Garden, Barbeque Area, Security Staff, CCTV Security",150 Sq. M.,Youssef Mohamed,"[""https://images.bayut.eg/thumbnails/49098009-800x600.jpeg"", ""https://images.bayut.eg/thumbnails/49098036-800x600.jpeg"", ""https://images.bayut.eg/thumbnails/49098037-800x600.jpeg"", ""https://images.bayut.eg/thumbnails/49098038-800x600.jpeg"", ""https://images.bayut.eg/thumbnails/49098039-800x600.jpeg"", ""https://images.bayut.eg/thumbnails/49098040-800x600.jpeg"", ""https://images.bayut.eg/thumbnails/49098041-800x600.jpeg"", ""https://images.bayut.eg/thumbnails/49098042-800x600.jpeg"", ""https://images.bayut.eg/thumbnails/49098043-800x600.jpeg"", ""https://images.bayut.eg/thumbnails/49098044-800x600.jpeg""]",Ready,Primary
https://www.bayut.eg/en/property/details-504032345.html,Bayut - 5002342-CwTd0x,504032345,Sharm property consultan,3bedrooms apartment for sale in Nabq bay,Apartment,"For Sale in Mona Sharm Resort, Sharm El SheikhA beautiful apartment featuring 3 bedrooms and 2 bathrooms located on the first floor with a lovely view of the swimming pool and aqua parkThe apartment is ideal for both residential use and investment and offers a very good investment returnMona Sharm Village offers a wide range of tourist facilities and services, providing a comfortable and enjoyable lifestyle throughout the yearA great investment opportunity in one of Sharm El Sheikh’s most popular tourist destinations","Sharm al-Sheikh, Sinai Apartments, Sinai",4700000,EGP,3,2.0,Furnished,"Built in Kitchen Appliances, Furnished, Covered parking, Pets Allowed, Electricity Meter, Water Meter, Landline, Central A/C & heating, Balcony or Terrace, Completion Year: 1, Swimming Pool, Waste Disposal, Maintenance Staff, Cleaning Services, Security Staff, CCTV Security, Broadband Internet, Satellite/Cable TV, 24 Hours Concierge, Freehold",115 Sq. M.,Mohamed El Gohary,"[""https://images.bayut.eg/thumbnails/49097734-800x600.jpeg"", ""https://images.bayut.eg/thumbnails/49097735-800x600.jpeg"", ""https://images.bayut.eg/thumbnails/49097736-800x600.jpeg"", ""https://images.bayut.eg/thumbnails/49097737-800x600.jpeg"", ""https://images.bayut.eg/thumbnails/49097738-800x600.jpeg"", ""https://images.bayut.eg/thumbnails/49097739-800x600.jpeg"", ""https://images.bayut.eg/thumbnails/49097740-800x600.jpeg"", ""https://images.bayut.eg/thumbnails/49097742-800x600.jpeg"", ""https://images.bayut.eg/thumbnails/49097743-800x600.jpeg"", ""https://images.bayut.eg/thumbnails/49097744-800x600.jpeg"", ""https://images.bayut.eg/thumbnails/49097745-800x600.jpeg"", ""https://images.bayut.eg/thumbnails/49097746-800x600.jpeg"", ""https://images.bayut.eg/thumbnails/49097747-800x600.jpeg""]",Ready,Resale
https://www.bayut.eg/en/property/details-503755597.html,Bayut - M-M5AUG27,503755597,New Avenue,"Luxury Twin House for Sale in Marina 8 New Alamein by SED. 12 Years Payment Plan, Private Garden, Modern Coastal Architecture, Lagoon Views & Paths",Twin House,"Finishing & Selling Points: Semi-Finished | Lake & Landscape View / Bahary | Amenities: Garden, Private Parking, Maid's Room, Pedestrian paths, Lakes. • Delivery Date: 3 years• Location & Developer: Marina 8 Lakes, New Alamein City, North Coast | Developer: Saudi Egyptian Developers (SED). • Specs : BUA: 256 sqm | Land Area: Included | 4 Bedrooms | 3 Bathrooms | Maid’s Room• Pricing & Paymentso Total Price: 26,500,000 EGPo Down-payment (7%): 1,855,000 EGPo Remaining (Over 12 Years): 24,645,000M-M5AUG27","Marina 8, Alamein, North Coast, Matruh Twin Houses, Matruh",26500000,EGP,4,3.0,Unfurnished,"Covered parking, Electricity Meter, Water Meter, Landline, Balcony or Terrace, First Aid Medical Center, Gym or Health Club, Swimming Pool, Day Care Center, Lawn or Garden, Cafeteria or Canteen, Waste Disposal, Maintenance Staff, Cleaning Services, Security Staff, CCTV Security, Broadband Internet, Satellite/Cable TV, Intercom, Maids Room",256 Sq. M.,Mohamed Mohie,"[""https://images.bayut.eg/thumbnails/45599865-800x600.jpeg"", ""https://images.bayut.eg/thumbnails/45599866-800x600.jpeg"", ""https://images.bayut.eg/thumbnails/45599867-800x600.jpeg"", ""https://images.bayut.eg/thumbnails/45599868-800x600.jpeg"", ""https://images.bayut.eg/thumbnails/45599869-800x600.jpeg"", ""https://images.bayut.eg/thumbnails/45599870-800x600.jpeg"", ""https://images.bayut.eg/thumbnails/45599871-800x600.jpeg"", ""https://images.bayut.eg/thumbnails/45599872-800x600.jpeg"", ""https://images.bayut.eg/thumbnails/45599873-800x600.jpeg"", ""https://images.bayut.eg/thumbnails/45599874-800x600.jpeg"", ""https://images.bayut.eg/thumbnails/45599875-800x600.jpeg"", ""https://images.bayut.eg/thumbnails/45599876-800x600.jpeg"", ""https://images.bayut.eg/thumbnails/45599877-800x600.jpeg""]",Off-Plan,Primary
https://www.bayut.eg/en/property/details-504032331.html,Bayut - 1016-EcAZ8q,504032331,Falcon Real Estate,Royal VIP Villa | Full Sea View | Private Pool | Modon Ras El Hekma | Near La Vista & Caesar SODIC | Ultra Luxury,Villa,"Exceptional Royal Villa in the heart of Ras El Hekma, offering a stunning sea view and an exclusive VIP location. Modon Ras El Hekma, surrounded by the North Coast’s most prestigious resorts, near La Vista & Caesar SODIC. Villa area: 420 sqm, featuring a luxurious design and spacious interiors. Layout: 4 bedrooms + 4 bathrooms + elegant reception with a stunning view. Private Pool & Garden – Fully Finished – Full PrivacyFor Viewings & Details: [redacted phone number] + WhatsApp","Modon, Ras Al Hekma, North Coast, Matruh Villas, Matruh",165000000,EGP,4,4.0,Unfurnished,"Built in Kitchen Appliances, Balcony or Terrace, First Aid Medical Center, Gym or Health Club, Swimming Pool, Jacuzzi, Sauna, Steam Room, Day Care Center, Kids Play Area, Lawn or Garden, Barbeque Area, Cafeteria or Canteen, Security Staff, CCTV Security",420 Sq. M.,Youssef Mohamed,"[""https://images.bayut.eg/thumbnails/49097619-800x600.jpeg"", ""https://images.bayut.eg/thumbnails/49097620-800x600.jpeg"", ""https://images.bayut.eg/thumbnails/49097621-800x600.jpeg"", ""https://images.bayut.eg/thumbnails/49097622-800x600.jpeg"", ""https://images.bayut.eg/thumbnails/49097623-800x600.jpeg"", ""https://images.bayut.eg/thumbnails/49097628-800x600.jpeg"", ""https://images.bayut.eg/thumbnails/49097629-800x600.jpeg"", ""https://images.bayut.eg/thumbnails/49097630-800x600.jpeg"", ""https://images.bayut.eg/thumbnails/49097631-800x600.jpeg"", ""https://images.bayut.eg/thumbnails/49097632-800x600.jpeg"", ""https://images.bayut.eg/thumbnails/49097633-800x600.jpeg""]",Ready,Primary
https://www.bayut.eg/en/property/details-504032063.html,Bayut - 5001853-YX0tfS,504032063,Sun Life,"Apartment for Sale – Ready to Move In Located in Al Ferdous City, Investment Area – Hadayek October, directly opposite Dream Land.",Apartment,"Apartment for Sale in Al Ferdous City – Hadayek OctoberPrime location in Al Ferdous City, directly opposite Dream Land, next to Al Ashgar District and Media Production City, within the Investment Area. Apartment Details:- Area: 180 sqm- Modern finishing- Fully metered utilities- 5th floor- 3 bedrooms- 3 bathrooms- Garden view & open view- Located next to the Investment Area villasAdditional Opportunity:There is another apartment on the same floor, 150 sqm, with the same specifications. Contact us for more details and viewing appointments.","El Fardous Compound, 6th of October, Giza Apartments, Giza",3000000,EGP,3,3.0,Unfurnished,"Covered parking, Pets Allowed, Electricity Meter, Water Meter, Natural Gas, Landline, Balcony or Terrace, Elevators in Building: 1, Service Elevators, Completion Year: 5, Total Floors: 6, First Aid Medical Center, Gym or Health Club, Swimming Pool, Jacuzzi, Sauna, Steam Room, Day Care Center, Kids Play Area, Lawn or Garden, Barbeque Area, Cafeteria or Canteen, Waste Disposal, Maintenance Staff, Cleaning Services, Business Center, Conference Room, Security Staff, CCTV Security, Broadband Internet, Satellite/Cable TV, 24 Hours Concierge, Pet Policy, Nearby Shopping Malls, View, Freehold",150 Sq. M.,Alaa Osama,"[""https://images.bayut.eg/thumbnails/49107854-800x600.jpeg"", ""https://images.bayut.eg/thumbnails/49107855-800x600.jpeg"", ""https://images.bayut.eg/thumbnails/49107856-800x600.jpeg"", ""https://images.bayut.eg/thumbnails/49107857-800x600.jpeg"", ""https://images.bayut.eg/thumbnails/49107858-800x600.jpeg"", ""https://images.bayut.eg/thumbnails/49107859-800x600.jpeg"", ""https://images.bayut.eg/thumbnails/49107860-800x600.jpeg"", ""https://images.bayut.eg/thumbnails/49107861-800x600.jpeg"", ""https://images.bayut.eg/thumbnails/49107862-800x600.jpeg"", ""https://images.bayut.eg/thumbnails/49107863-800x600.jpeg""]",Ready,Resale
https://www.bayut.eg/en/property/details-504031775.html,Bayut - ALIA77990,504031775,The Investment Lounge TIL,APARTMENT FOR SALE IN BLUE VIEW RESIDENCES,Apartment,"A distinctive apartment for sale at Blue View Residences, offering both privacy and comfort. It features one bedroom, one bathroom, and a total area of 105 square meters—comprising an 11-square-meter terrace and a 70-square-meter interior space. Blue View offers a tranquil atmosphere, exquisite design, and green spaces, ensuring a true sense of privacy.","Blue Views Residences Mivida, 5th Settlement, New Cairo, Cairo",12000000,EGP,1,1.0,Unfurnished,"Built in Kitchen Appliances, Covered parking, Electricity Backup, Electricity Meter, Centrally Air-Conditioned, Double Glazed Windows, Natural Gas, Landline, Central A/C & heating, Balcony or Terrace, First Aid Medical Center, Gym or Health Club, Facilities for Disabled, Swimming Pool, Jacuzzi, Day Care Center, Kids Play Area, Lawn or Garden, Barbeque Area, Cafeteria or Canteen, Waste Disposal, Maintenance Staff, Cleaning Services, Business Center, Security Staff, CCTV Security, Shared Kitchen, Laundry Room, Broadband Internet, Satellite/Cable TV, Intercom, 24 Hours Concierge, Nearby Shopping Malls, Freehold",104 Sq. M.,Kenzy Emad,"[""https://images.bayut.eg/thumbnails/49091631-800x600.jpeg"", ""https://images.bayut.eg/thumbnails/49091632-800x600.jpeg"", ""https://images.bayut.eg/thumbnails/49091633-800x600.jpeg"", ""https://images.bayut.eg/thumbnails/49091634-800x600.jpeg"", ""https://images.bayut.eg/thumbnails/49091635-800x600.jpeg"", ""https://images.bayut.eg/thumbnails/49091636-800x600.jpeg"", ""https://images.bayut.eg/thumbnails/49091637-800x600.jpeg"", ""https://images.bayut.eg/thumbnails/49091638-800x600.jpeg"", ""https://images.bayut.eg/thumbnails/49091639-800x600.jpeg"", ""https://images.bayut.eg/thumbnails/49091640-800x600.jpeg"", ""https://images.bayut.eg/thumbnails/49091641-800x600.jpeg""]",Ready,Resale
https://www.bayut.eg/en/property/details-503989850.html,Bayut - AL-KM10AUG1,503989850,New Avenue,Lowest down Payment and total Price for Twin house in Aven Villas City Gate New Cairo with no over pricing,Twin House,"For sale in Aven Villas City Gate New Cairo developed by Qatari DiarLowest down Payment Twin house without overLand 417 sqm and Area 270 sqm3 bedrooms and 3 bathroomsLiving roomDelivery 2027Down Payment 12,780,018 Egyptian PoundsTotal Price 30,780,000 Egyptian PoundsMaintenance 2,402,400 Egyptian Pounds==========================AL-KM10AUG1","City Gate Compound, 5th Settlement, New Cairo, Cairo Twin Houses, Cairo",30780000,EGP,3,3.0,Unfurnished,"Water Meter, Balcony or Terrace, Lawn or Garden, Waste Disposal, Maintenance Staff, Cleaning Services, Security Staff",270 Sq. M.,Mohamed Akhwas,"[""https://images.bayut.eg/thumbnails/48541278-800x600.jpeg"", ""https://images.bayut.eg/thumbnails/48541279-800x600.jpeg"", ""https://images.bayut.eg/thumbnails/48541280-800x600.jpeg"", ""https://images.bayut.eg/thumbnails/48541281-800x600.jpeg"", ""https://images.bayut.eg/thumbnails/48541282-800x600.jpeg"", ""https://images.bayut.eg/thumbnails/48541283-800x600.jpeg"", ""https://images.bayut.eg/thumbnails/48541285-800x600.jpeg"", ""https://images.bayut.eg/thumbnails/48541288-800x600.jpeg"", ""https://images.bayut.eg/thumbnails/48541289-800x600.jpeg"", ""https://images.bayut.eg/thumbnails/48541291-800x600.jpeg""]",Off-Plan,Resale
https://www.bayut.eg/en/property/details-504031553.html,Bayut - 1016-WWPXSX,504031553,Falcon Real Estate,Apartment for sale bahari two facades VIP view in Taj City opposite the airport in Fifth Settlement,Apartment,"Apartment for sale with a stunning view in Taj City Compound on the Suez RoadArea 117m(two large bedrooms, one of which is a master bedroom + 2 bathrooms + large reception area with a garden view)Double view overlooking the lagoon and landscapePrime location ,bahari and two street-facing facadesInstallment plan available: 10% down payment and the rest payable over 12 years with no interestContact: [redacted phone number] (Call & WhatsApp available)---------------","Taj City Compound, 1st Settlement, New Cairo, Cairo",6277229,EGP,2,2.0,Unfurnished,"Built in Kitchen Appliances, Electricity Backup, Centrally Air-Conditioned, Central Heating, Water Meter, Double Glazed Windows, Natural Gas, Landline, Central A/C & heating, Balcony or Terrace, Lobby in Building, First Aid Medical Center, Gym or Health Club, Swimming Pool, Jacuzzi, Sauna, Steam Room, Day Care Center, Kids Play Area, Lawn or Garden, Barbeque Area, Cafeteria or Canteen, Waste Disposal, Maintenance Staff, Cleaning Services, Business Center, Conference Room, Security Staff, CCTV Security, Shared Kitchen, Laundry Room, Laundry Facility, Broadband Internet, Satellite/Cable TV, Intercom, 24 Hours Concierge, Maids Room",117 Sq. M.,Ahmed Amin,"[""https://images.bayut.eg/thumbnails/49097988-800x600.jpeg"", ""https://images.bayut.eg/thumbnails/49097989-800x600.jpeg"", ""https://images.bayut.eg/thumbnails/49097990-800x600.jpeg"", ""https://images.bayut.eg/thumbnails/49097991-800x600.jpeg"", ""https://images.bayut.eg/thumbnails/49097992-800x600.jpeg"", ""https://images.bayut.eg/thumbnails/49097993-800x600.jpeg"", ""https://images.bayut.eg/thumbnails/49097994-800x600.jpeg"", ""https://images.bayut.eg/thumbnails/49097995-800x600.jpeg"", ""https://images.bayut.eg/thumbnails/49097996-800x600.jpeg"", ""https://images.bayut.eg/thumbnails/49097997-800x600.jpeg"", ""https://images.bayut.eg/thumbnails/49097998-800x600.jpeg"", ""https://images.bayut.eg/thumbnails/49097999-800x600.jpeg""]",Ready,Primary
https://www.bayut.eg/en/property/details-504031542.html,Bayut - 1016-7H7Ylw,504031542,Falcon Real Estate,Penthouse for sale bahari on two facades landscape view - ready to move - in Creek Town opposite Al Rehab City and Swan Lake,Penthouse,"Penthouse for sale in Creek Town Compound prime location opposite Rehab CityArea 190m(three bedrooms, one master + 2-piece reception with garden view + 3 bathrooms + 2 terraces)Two facades, baharithree minutes from ClubhouseStunning views of the landscape and lagoonReady for viewing and in a prime locationInstallment plans are available with a 5% down payment and the remainder payable in installments over up to 10 years with no interest. Contact: [redacted phone number] (call & WhatsApp)","Creek Town Compound, 5th Settlement, New Cairo, Cairo",12367237,EGP,3,3.0,Unfurnished,"Built in Kitchen Appliances, Electricity Backup, Centrally Air-Conditioned, Double Glazed Windows, Storage Areas, Landline, Balcony or Terrace, Lobby in Building, First Aid Medical Center, Gym or Health Club, Swimming Pool, Jacuzzi, Sauna, Steam Room, Day Care Center, Kids Play Area, Lawn or Garden, Barbeque Area, Cafeteria or Canteen, Waste Disposal, Maintenance Staff, Cleaning Services, Business Center, Conference Room, Security Staff, CCTV Security, Shared Kitchen, Laundry Room, Laundry Facility, Broadband Internet, Satellite/Cable TV, Intercom, 24 Hours Concierge",190 Sq. M.,Ahmed Amin,"[""https://images.bayut.eg/thumbnails/49098050-800x600.jpeg"", ""https://images.bayut.eg/thumbnails/49098051-800x600.jpeg"", ""https://images.bayut.eg/thumbnails/49098052-800x600.jpeg"", ""https://images.bayut.eg/thumbnails/49098053-800x600.jpeg"", ""https://images.bayut.eg/thumbnails/49098054-800x600.jpeg"", ""https://images.bayut.eg/thumbnails/49098055-800x600.jpeg"", ""https://images.bayut.eg/thumbnails/49098056-800x600.jpeg"", ""https://images.bayut.eg/thumbnails/49098057-800x600.jpeg"", ""https://images.bayut.eg/thumbnails/49098058-800x600.jpeg"", ""https://images.bayut.eg/thumbnails/49098059-800x600.jpeg""]",Ready,Primary
https://www.bayut.eg/en/property/details-504017994.html,Bayut - 6206-Zfq2BG,504017994,AL Hayah Investment,"With a discount of 3.6 million pounds. A fully finished chalet at the highest level for sale in installments at Laguna Bay, Ain Sokhna, to be delivered in 6 months.",Chalet,"High-level finished chalet for sale in installments in Laguna Bay, Ain Sokhna. Delivery in 6 months. A built and inhabited village suitable for spending the best times in summer and winter, also suitable for real estate investment if you want to rent it with the highest daily return. The chalet has an area of 160 meters: 3 rooms - 2 bathrooms - kitchen - reception - terrace. Price before discount: 12 million. Total price after 30% discount: 10,500,000 EGP. 25% down payment over 4 years. And enjoy a private beach 1500 meters long. And a panoramic sea view. And swimming pools and parking. For more details: [redacted phone number].","Laguna bay, Ain Sukhna, Suez Chalets, Suez",10500000,EGP,3,2.0,Unfurnished,"Covered parking, Pets Allowed, Electricity Meter, Sea view, Balcony or Terrace, Lobby in Building, Service Elevators, Prayer Room, Reception/Waiting Room, First Aid Medical Center, Gym or Health Club, Swimming Pool, Jacuzzi, Sauna, Steam Room, Day Care Center, Kids Play Area, Barbeque Area, Cafeteria or Canteen, Business Center, Conference Room, Security Staff, CCTV Security, ATM Facility, 24 Hours Concierge",160 Sq. M.,Nour Ashraf,"[""https://images.bayut.eg/thumbnails/48903029-800x600.jpeg"", ""https://images.bayut.eg/thumbnails/48903030-800x600.jpeg"", ""https://images.bayut.eg/thumbnails/48903031-800x600.jpeg"", ""https://images.bayut.eg/thumbnails/48903032-800x600.jpeg"", ""https://images.bayut.eg/thumbnails/48903033-800x600.jpeg"", ""https://images.bayut.eg/thumbnails/48903034-800x600.jpeg"", ""https://images.bayut.eg/thumbnails/48903035-800x600.jpeg"", ""https://images.bayut.eg/thumbnails/48903036-800x600.jpeg"", ""https://images.bayut.eg/thumbnails/48903037-800x600.jpeg"", ""https://images.bayut.eg/thumbnails/48903038-800x600.jpeg""]",Off-Plan,Primary
https://www.bayut.eg/en/property/details-504020755.html,Bayut - calicoast5,504020755,GRAVITY,"Chalet + 50m roof with sea view, 35% discount, installments over 6 years in Cali Coast - Chalet for sale - Jefaira - Cali Coast",Chalet,"Your chance to live by the sea on the North Coast! Not just a chalet… it's a sea view you'll dream about every day! Chalet 86m + Roof 50mDirectly on the beach2 bedroomsOpen terrace with a direct sea viewOnly 10% down paymentInstallments up to 6 yearsOwn your unit in one of the most prestigious locations on the North Coast, and enjoy your summer without waiting years for delivery!Low down payment + long payment period + near delivery = an unmissable opportunityFor details and reservations, seize this opportunity and contact us at https://iwtsp. com/[redacted phone number]Your chances of comfort and investment will increase!Book now before the best units are gone!","Cali Coast, Ras Al Hekma, North Coast, Matruh Chalets, Matruh",10380000,EGP,2,1.0,Unfurnished,"Built in Kitchen Appliances, Furnished, Covered parking, Electricity Backup, Pets Allowed, Electricity Meter, Centrally Air-Conditioned, Sea view, Central Heating, Water Meter, Double Glazed Windows, Storage Areas, Natural Gas, Landline, Study Room, Central A/C & heating, Balcony or Terrace, Lobby in Building, Service Elevators, Prayer Room, Reception/Waiting Room, First Aid Medical Center, Gym or Health Club, Facilities for Disabled, Swimming Pool, Jacuzzi, Sauna, Steam Room, Day Care Center, Kids Play Area, Lawn or Garden, Barbeque Area, Cafeteria or Canteen, Waste Disposal, Maintenance Staff, Cleaning Services, Business Center, Conference Room, Security Staff, CCTV Security, Shared Kitchen, Laundry Room, Laundry Facility, Broadband Internet, Satellite/Cable TV, Intercom, 24 Hours Concierge, Maids Room, Freehold",86 Sq. M.,passant tarek,"[""https://images.bayut.eg/thumbnails/48933260-800x600.jpeg"", ""https://images.bayut.eg/thumbnails/48933261-800x600.jpeg"", ""https://images.bayut.eg/thumbnails/48933262-800x600.jpeg"", ""https://images.bayut.eg/thumbnails/48933263-800x600.jpeg"", ""https://images.bayut.eg/thumbnails/48933264-800x600.jpeg"", ""https://images.bayut.eg/thumbnails/48933265-800x600.jpeg"", ""https://images.bayut.eg/thumbnails/48933266-800x600.jpeg"", ""https://images.bayut.eg/thumbnails/48933267-800x600.jpeg"", ""https://images.bayut.eg/thumbnails/48933268-800x600.jpeg"", ""https://images.bayut.eg/thumbnails/48933269-800x600.jpeg"", ""https://images.bayut.eg/thumbnails/48933270-800x600.jpeg"", ""https://images.bayut.eg/thumbnails/48933271-800x600.jpeg"", ""https://images.bayut.eg/thumbnails/48933272-800x600.jpeg"", ""https://images.bayut.eg/thumbnails/48933273-800x600.jpeg""]",Off-Plan,Primary
https://www.bayut.eg/en/property/details-504012775.html,Bayut - 6206-QK6uFd,504012775,AL Hayah Investment,"Own a 100 sqm Sea View Chalet in Ain Sokhna Next to La Vista with a Limited-Time 30% Discount – Fully Finished, Only 25% Down Payment, and Flexible In",Chalet,"30% Discount on a 100 sqm Chalet Next to La Vista – Installments After Discount – Offer Valid Until the End of the Month Only – For Sale in Ain Sokhna – Ready for Immediate ViewingThe sea is right in front of you. . . where relaxation becomes a way of life at Laguna Bay, Ain Sokhna. Own a 100 sqm chalet next to La Vista in a fully serviced resort, featuring stunning views and a peaceful atmosphere all year round. Take delivery within a few months with a 30% discount, and pay the remaining balance in installments. The chalet comes fully finished, so you can enjoy your summer in one of the finest resorts in Ain Sokhna. This discount is available only until the end of the month. Property Details:Chalet size: 100 sqmSuper Lux finishingDelivery within a few months, with the possibility of immediate handoverDiscount: EGP 2,500,000Total price after discount: EGP 5,250,000For more details, call or WhatsApp:[redacted phone number]","Laguna bay, Ain Sukhna, Suez Chalets, Suez",5250000,EGP,2,2.0,Unfurnished,"Covered parking, Pets Allowed, Sea view, Balcony or Terrace, Gym or Health Club, Swimming Pool, Kids Play Area, Lawn or Garden, Barbeque Area, Cafeteria or Canteen, Security Staff, CCTV Security, 24 Hours Concierge",100 Sq. M.,esraa ahmed,"[""https://images.bayut.eg/thumbnails/48932357-800x600.jpeg"", ""https://images.bayut.eg/thumbnails/48932358-800x600.jpeg"", ""https://images.bayut.eg/thumbnails/48932359-800x600.jpeg"", ""https://images.bayut.eg/thumbnails/48932360-800x600.jpeg"", ""https://images.bayut.eg/thumbnails/48932361-800x600.jpeg"", ""https://images.bayut.eg/thumbnails/48932362-800x600.jpeg"", ""https://images.bayut.eg/thumbnails/48932363-800x600.jpeg"", ""https://images.bayut.eg/thumbnails/48932364-800x600.jpeg"", ""https://images.bayut.eg/thumbnails/48932365-800x600.jpeg"", ""https://images.bayut.eg/thumbnails/48932366-800x600.jpeg"", ""https://images.bayut.eg/thumbnails/48932367-800x600.jpeg"", ""https://images.bayut.eg/thumbnails/48932368-800x600.jpeg"", ""https://images.bayut.eg/thumbnails/48932369-800x600.jpeg"", ""https://images.bayut.eg/thumbnails/48932370-800x600.jpeg"", ""https://images.bayut.eg/thumbnails/48932371-800x600.jpeg"", ""https://images.bayut.eg/thumbnails/48932372-800x600.jpeg"", ""https://images.bayut.eg/thumbnails/48932373-800x600.jpeg"", ""https://images.bayut.eg/thumbnails/48932374-800x600.jpeg"", ""https://images.bayut.eg/thumbnails/48932375-800x600.jpeg"", ""https://images.bayut.eg/thumbnails/48932376-800x600.jpeg"", ""https://images.bayut.eg/thumbnails/48932377-800x600.jpeg"", ""https://images.bayut.eg/thumbnails/48932378-800x600.jpeg"", ""https://images.bayut.eg/thumbnails/48932379-800x600.jpeg"", ""https://images.bayut.eg/thumbnails/48932380-800x600.jpeg"", ""https://images.bayut.eg/thumbnails/48932381-800x600.jpeg"", ""https://images.bayut.eg/thumbnails/48932382-800x600.jpeg""]",Off-Plan,Primary
https://www.bayut.eg/en/property/details-503666619.html,Bayut - 6206-qW9tr6,503666619,AL Hayah Investment,10% down payment for an independent villa of 285m in New Zayed at unbelievable prices in Sukun Compound and installment over 10 years next to Dahshur Link,Villa,"An opportunity for contracting with a low down payment in New Zayed. A fully independent villa at the initial offer prices before the increase. A prime location in the Green Belt, close to all services and restaurants. 285 sqm of built area (ground, first, and roof) + garden. Total price: 14 million. With a 10% down payment and comfortable installments of up to 10 years. We offer you complete privacy, landscaping, and total tranquility away from the crowd. For the installment schedule and details of the areas, contact us directly: [redacted phone number].","Sukoon, New Zayed, Sheikh Zayed, Giza Villas, Giza",14000000,EGP,3,3.0,Unfurnished,"Covered parking, Pets Allowed, Electricity Meter, Balcony or Terrace, Lobby in Building, Service Elevators, Prayer Room, Reception/Waiting Room, Day Care Center, Kids Play Area, Barbeque Area, Cafeteria or Canteen, Business Center, Security Staff, CCTV Security, ATM Facility, 24 Hours Concierge",285 Sq. M.,Nour Ashraf,"[""https://images.bayut.eg/thumbnails/44340174-800x600.jpeg"", ""https://images.bayut.eg/thumbnails/44340155-800x600.jpeg"", ""https://images.bayut.eg/thumbnails/44340156-800x600.jpeg"", ""https://images.bayut.eg/thumbnails/44340157-800x600.jpeg"", ""https://images.bayut.eg/thumbnails/44340168-800x600.jpeg"", ""https://images.bayut.eg/thumbnails/44340169-800x600.jpeg"", ""https://images.bayut.eg/thumbnails/44340170-800x600.jpeg"", ""https://images.bayut.eg/thumbnails/44340171-800x600.jpeg"", ""https://images.bayut.eg/thumbnails/44340172-800x600.jpeg"", ""https://images.bayut.eg/thumbnails/44340173-800x600.jpeg""]",Off-Plan,Primary
https://www.bayut.eg/en/property/details-504017827.html,Bayut - 8068-81bYxm,504017827,AL Essamy Group,"Apartment of 141 m for sale in Madinaty B14, repeated floor with down payment and installments at the lowest total contract and at the first delivery of the stage.",Apartment,"With the first deliveries of B14 for sale at the lowest total price and the longest repayment period with the best offer. Apartment for sale in Madinaty, area 140 meters in B14 Group 141. Divided into/3 bedrooms, including a master bedroom + reception + kitchen + 2 terraces. First floor, directly near services. Financial details /Total contract: 6,870,000 installments over 12 years. Paid: 1,875,000. The offer: 2,500,000.","Madinaty, Cairo",9400000,EGP,3,2.0,Unfurnished,"Electricity Meter, Water Meter, Natural Gas, Landline, Balcony or Terrace, Elevators in Building: 2, Completion Year: 1, Total Floors: 5, Waste Disposal, Maintenance Staff, Cleaning Services, Business Center, Conference Room, Security Staff, CCTV Security, Broadband Internet, Satellite/Cable TV, 24 Hours Concierge, Nearby Shopping Malls, View",141 Sq. M.,Ahmed Mostafa,"[""https://images.bayut.eg/thumbnails/48901454-800x600.jpeg"", ""https://images.bayut.eg/thumbnails/48901455-800x600.jpeg"", ""https://images.bayut.eg/thumbnails/48901492-800x600.jpeg"", ""https://images.bayut.eg/thumbnails/48901493-800x600.jpeg"", ""https://images.bayut.eg/thumbnails/48901494-800x600.jpeg"", ""https://images.bayut.eg/thumbnails/48901495-800x600.jpeg"", ""https://images.bayut.eg/thumbnails/48901496-800x600.jpeg"", ""https://images.bayut.eg/thumbnails/48901497-800x600.jpeg"", ""https://images.bayut.eg/thumbnails/48901498-800x600.jpeg""]",Off-Plan,Primary
https://www.bayut.eg/en/property/details-504020641.html,Bayut - calicoast3,504020641,GRAVITY,Own a beachfront chalet with a 35% discount and installments over 6 years - Chalet for sale - Jefaira - Cali Coast,Chalet,"Your chance to live by the sea on the North Coast! Not just a chalet… it's a sea view you'll dream about every day! 86 sq m ChaletDirectly on the beach2 bedroomsOpen terrace with a direct sea viewOnly 10% down paymentInstallments up to 6 yearsOwn your unit in one of the most prestigious locations on the North Coast, and enjoy your summer without waiting years for delivery!Low down payment + long payment period + near delivery = an unmissable opportunityFor details and reservations, seize this opportunity and contact us at https://iwtsp. com/[redacted phone number]Your chances of comfort and investment will increase!Book now before the best units are gone!","Cali Coast, Ras Al Hekma, North Coast, Matruh Chalets, Matruh",9985000,EGP,2,1.0,Unfurnished,"Built in Kitchen Appliances, Furnished, Covered parking, Electricity Backup, Pets Allowed, Electricity Meter, Centrally Air-Conditioned, Sea view, Central Heating, Water Meter, Double Glazed Windows, Storage Areas, Natural Gas, Landline, Study Room, Central A/C & heating, Balcony or Terrace, Lobby in Building, Service Elevators, Prayer Room, Reception/Waiting Room, First Aid Medical Center, Gym or Health Club, Facilities for Disabled, Swimming Pool, Jacuzzi, Sauna, Steam Room, Day Care Center, Kids Play Area, Lawn or Garden, Barbeque Area, Cafeteria or Canteen, Waste Disposal, Maintenance Staff, Cleaning Services, Business Center, Conference Room, Security Staff, CCTV Security, Shared Kitchen, Laundry Room, Laundry Facility, Broadband Internet, Satellite/Cable TV, Intercom, 24 Hours Concierge, Maids Room, Freehold",86 Sq. M.,passant tarek,"[""https://images.bayut.eg/thumbnails/48931926-800x600.jpeg"", ""https://images.bayut.eg/thumbnails/48931927-800x600.jpeg"", ""https://images.bayut.eg/thumbnails/48931928-800x600.jpeg"", ""https://images.bayut.eg/thumbnails/48931929-800x600.jpeg"", ""https://images.bayut.eg/thumbnails/48931930-800x600.jpeg"", ""https://images.bayut.eg/thumbnails/48931931-800x600.jpeg"", ""https://images.bayut.eg/thumbnails/48931932-800x600.jpeg"", ""https://images.bayut.eg/thumbnails/48931933-800x600.jpeg"", ""https://images.bayut.eg/thumbnails/48931934-800x600.jpeg"", ""https://images.bayut.eg/thumbnails/48931935-800x600.jpeg"", ""https://images.bayut.eg/thumbnails/48931936-800x600.jpeg"", ""https://images.bayut.eg/thumbnails/48931937-800x600.jpeg"", ""https://images.bayut.eg/thumbnails/48931938-800x600.jpeg"", ""https://images.bayut.eg/thumbnails/48931939-800x600.jpeg""]",Off-Plan,Primary
https://www.bayut.eg/en/property/details-503745630.html,Bayut - 6206-OgnJyf,503745630,AL Hayah Investment,"At the lowest price you can find, own a Sky Villa for sale just minutes from Waslet Dahshur in New Zayed, with only a 10% down payment and flexible in",Villa,"A once-in-a-lifetime opportunity. Own a Sky Villa in La Joia Havre, New Zayed, and live in a premium location close to everything. A price that will not be repeated. Unit size: 160 sqmOpen roof: 95 sqmTotal price: 5,775,000 EGPDown payment: only 10%Close to Waslet Dahshur and Cairo–Alexandria Desert Road. Minutes from Mall of Egypt, 5 minutes to Mall of Arabia and Hyper One. Very close to October University and Media Production City. Your location in the Green Belt keeps you close to everything while away from the crowds. For more details, call or WhatsApp: [redacted phone number]","LA Joie Havre, New Zayed, Sheikh Zayed, Giza Villas, Giza",5775000,EGP,3,3.0,Unfurnished,"Gym or Health Club, Swimming Pool, Kids Play Area, Lawn or Garden, Barbeque Area, Cafeteria or Canteen, Security Staff",160 Sq. M.,esraa ahmed,"[""https://images.bayut.eg/thumbnails/45279865-800x600.jpeg"", ""https://images.bayut.eg/thumbnails/45279866-800x600.jpeg"", ""https://images.bayut.eg/thumbnails/45279870-800x600.jpeg"", ""https://images.bayut.eg/thumbnails/45279871-800x600.jpeg"", ""https://images.bayut.eg/thumbnails/45279872-800x600.jpeg"", ""https://images.bayut.eg/thumbnails/45279873-800x600.jpeg"", ""https://images.bayut.eg/thumbnails/45279874-800x600.jpeg"", ""https://images.bayut.eg/thumbnails/45279875-800x600.jpeg"", ""https://images.bayut.eg/thumbnails/45279876-800x600.jpeg"", ""https://images.bayut.eg/thumbnails/45279877-800x600.jpeg"", ""https://images.bayut.eg/thumbnails/45279878-800x600.jpeg""]",Off-Plan,Primary
