url,ad_id,title,city,district,seller,updated,description,price,currency,purpose,unit_price,property_type,property_age,area,rooms,facade,plan_number,plot_number,street_width,property_uses,services,guarantees,obligations,license_owner,license_expiry,advertiser_number,authorization_number,location_description,map_url,images,category
https://haraj.com.sa/en/11188730294/,11188730294,Booking of the Noble Rawdah Permit | Haraj,,,%D8%B9%D8%B6%D9%88%203309%200901,22 min. ago,,,SAR,,,,,,,,,,,,,,,,,,,,,https://v8-cdn.haraj.com.sa/flags/uk.svg | https://postcdn.haraj.com.sa/userfiles30/2026-9-17/720x1222-1_-Zz6AGFP2Em3To6.jpg-700.webp | https://v8-cdn.haraj.com.sa/assets/images/app-store-badge.png | https://v8-cdn.haraj.com.sa/assets/images/google-play-badge.png | https://v8-cdn.haraj.com.sa/logos/huawei-badge-black.png | https://v8-cdn.haraj.com.sa/logos/deal_logo.svg | https://v8-cdn.haraj.com.sa/logos/fal_logo.png | https://v8-cdn.haraj.com.sa/logos/p-twitter.svg | https://v8-cdn.haraj.com.sa/logos/p-tik-tok.svg | https://v8-cdn.haraj.com.sa/logos/p-snapchat.svg | https://v8-cdn.haraj.com.sa/logos/p-instagram.svg | https://v8-cdn.haraj.com.sa/logos/p-facebook.svg | https://v8-cdn.haraj.com.sa/logos/p-youtube.svg,Tourism
https://haraj.com.sa/en/11188729932/,11188729932,Miles Booking at 005 | Haraj,,,%D8%AB%D9%84%D8%AC%20%D8%B3%D8%A8%D8%A7%D9%8A%D8%B3%D9%8A,32 min. ago,,,SAR,,,,,,,,,,,,,,,,,,,,,https://v8-cdn.haraj.com.sa/flags/uk.svg | https://profilecdn.haraj.com.sa/4626918/avatar-md.webp | https://postcdn.haraj.com.sa/userfiles30/2026-09-09/1320x465_87BE7AB4-0E7E-4618-8D6D-9BD3E95ED3EC.jpg-700.webp | https://v8-cdn.haraj.com.sa/assets/images/app-store-badge.png | https://v8-cdn.haraj.com.sa/assets/images/google-play-badge.png | https://v8-cdn.haraj.com.sa/logos/huawei-badge-black.png | https://v8-cdn.haraj.com.sa/logos/deal_logo.svg | https://v8-cdn.haraj.com.sa/logos/fal_logo.png | https://v8-cdn.haraj.com.sa/logos/p-twitter.svg | https://v8-cdn.haraj.com.sa/logos/p-tik-tok.svg | https://v8-cdn.haraj.com.sa/logos/p-snapchat.svg | https://v8-cdn.haraj.com.sa/logos/p-instagram.svg | https://v8-cdn.haraj.com.sa/logos/p-facebook.svg | https://v8-cdn.haraj.com.sa/logos/p-youtube.svg,Tourism
https://haraj.com.sa/en/11188729169/,11188729169,مسافر من نجران إلى ابها صد رد | Haraj,,,1.xui,58 min. ago,,,SAR,,,,,,,,,,,,,,,,,,,,,https://v8-cdn.haraj.com.sa/flags/uk.svg | https://profilecdn.haraj.com.sa/13183072/avatar-md.webp | https://v8-cdn.haraj.com.sa/assets/images/app-store-badge.png | https://v8-cdn.haraj.com.sa/assets/images/google-play-badge.png | https://v8-cdn.haraj.com.sa/logos/huawei-badge-black.png | https://v8-cdn.haraj.com.sa/logos/deal_logo.svg | https://v8-cdn.haraj.com.sa/logos/fal_logo.png | https://v8-cdn.haraj.com.sa/logos/p-twitter.svg | https://v8-cdn.haraj.com.sa/logos/p-tik-tok.svg | https://v8-cdn.haraj.com.sa/logos/p-snapchat.svg | https://v8-cdn.haraj.com.sa/logos/p-instagram.svg | https://v8-cdn.haraj.com.sa/logos/p-facebook.svg | https://v8-cdn.haraj.com.sa/logos/p-youtube.svg,Tourism
https://haraj.com.sa/en/11188728570/,11188728570,Makkah Jeddah Kaddad | Haraj,,,ham20085,1 hr. ago,,,SAR,,,,,,,,,,,,,,,,,,,,,https://v8-cdn.haraj.com.sa/flags/uk.svg | https://postcdn.haraj.com.sa/userfiles30/2026-09-17/1012x1800_F0BC04DA-6FCA-4DBA-BEAE-34AB22E490A2.jpg-700.webp | https://v8-cdn.haraj.com.sa/assets/images/app-store-badge.png | https://v8-cdn.haraj.com.sa/assets/images/google-play-badge.png | https://v8-cdn.haraj.com.sa/logos/huawei-badge-black.png | https://v8-cdn.haraj.com.sa/logos/deal_logo.svg | https://v8-cdn.haraj.com.sa/logos/fal_logo.png | https://v8-cdn.haraj.com.sa/logos/p-twitter.svg | https://v8-cdn.haraj.com.sa/logos/p-tik-tok.svg | https://v8-cdn.haraj.com.sa/logos/p-snapchat.svg | https://v8-cdn.haraj.com.sa/logos/p-instagram.svg | https://v8-cdn.haraj.com.sa/logos/p-facebook.svg | https://v8-cdn.haraj.com.sa/logos/p-youtube.svg,Tourism
https://haraj.com.sa/en/11188728433/,11188728433,Travel bags for sale | Haraj,,,whalg1426,1 hr. ago,,,SAR,,,,,,,,,,,,,,,,,,,,,https://v8-cdn.haraj.com.sa/flags/uk.svg | https://postcdn.haraj.com.sa/userfiles30/2026-09-17/1800x1350_B4820C27-9D5C-49E9-8EF6-3502E5865F87.jpg-700.webp | https://v8-cdn.haraj.com.sa/assets/images/app-store-badge.png | https://v8-cdn.haraj.com.sa/assets/images/google-play-badge.png | https://v8-cdn.haraj.com.sa/logos/huawei-badge-black.png | https://v8-cdn.haraj.com.sa/logos/deal_logo.svg | https://v8-cdn.haraj.com.sa/logos/fal_logo.png | https://v8-cdn.haraj.com.sa/logos/p-twitter.svg | https://v8-cdn.haraj.com.sa/logos/p-tik-tok.svg | https://v8-cdn.haraj.com.sa/logos/p-snapchat.svg | https://v8-cdn.haraj.com.sa/logos/p-instagram.svg | https://v8-cdn.haraj.com.sa/logos/p-facebook.svg | https://v8-cdn.haraj.com.sa/logos/p-youtube.svg,Tourism
https://haraj.com.sa/en/11188728160/,11188728160,Delivery from Riyadh to any city Qassim Dammam Hafar Salwa P | Haraj,,,%D8%A7%D8%A7%D8%A8%D9%88%D8%AE%D8%A7%D9%84%D8%AF999,2 hr. ago,,,SAR,,,,,,,,,,,,,,,,,,,,,https://v8-cdn.haraj.com.sa/flags/uk.svg | https://profilecdn.haraj.com.sa/3960069/avatar-md.webp | https://postcdn.haraj.com.sa/userfiles30/2026-09-17/830x1800_6CF6E42F-4679-4634-A28F-B105D688B142.jpg-700.webp | https://postcdn.haraj.com.sa/userfiles30/2026-09-17/830x1800_1CC8EE26-9C1C-4FE1-9273-47D6F413152A.jpg-700.webp | https://v8-cdn.haraj.com.sa/assets/images/app-store-badge.png | https://v8-cdn.haraj.com.sa/assets/images/google-play-badge.png | https://v8-cdn.haraj.com.sa/logos/huawei-badge-black.png | https://v8-cdn.haraj.com.sa/logos/deal_logo.svg | https://v8-cdn.haraj.com.sa/logos/fal_logo.png | https://v8-cdn.haraj.com.sa/logos/p-twitter.svg | https://v8-cdn.haraj.com.sa/logos/p-tik-tok.svg | https://v8-cdn.haraj.com.sa/logos/p-snapchat.svg | https://v8-cdn.haraj.com.sa/logos/p-instagram.svg | https://v8-cdn.haraj.com.sa/logos/p-facebook.svg | https://v8-cdn.haraj.com.sa/logos/p-youtube.svg,Tourism
https://haraj.com.sa/en/11188727934/,11188727934,Discounted Umrah trips Mecca | Haraj,,,%D8%A3%D8%A8%D9%88_%D8%B2%D9%8A%D8%A7%D8%AF2,2 hr. ago,,,SAR,,,,,,,,,,,,,,,,,,,,,https://v8-cdn.haraj.com.sa/flags/uk.svg | https://profilecdn.haraj.com.sa/12675792/avatar-md.webp | https://postcdn.haraj.com.sa/userfiles30/2026-09-17/900x1240-1_-GO__MTc4OTYxODA2MTY4Mjk4MTI5NjE2MQ.jpg-700.webp | https://v8-cdn.haraj.com.sa/assets/images/app-store-badge.png | https://v8-cdn.haraj.com.sa/assets/images/google-play-badge.png | https://v8-cdn.haraj.com.sa/logos/huawei-badge-black.png | https://v8-cdn.haraj.com.sa/logos/deal_logo.svg | https://v8-cdn.haraj.com.sa/logos/fal_logo.png | https://v8-cdn.haraj.com.sa/logos/p-twitter.svg | https://v8-cdn.haraj.com.sa/logos/p-tik-tok.svg | https://v8-cdn.haraj.com.sa/logos/p-snapchat.svg | https://v8-cdn.haraj.com.sa/logos/p-instagram.svg | https://v8-cdn.haraj.com.sa/logos/p-facebook.svg | https://v8-cdn.haraj.com.sa/logos/p-youtube.svg,Tourism
https://haraj.com.sa/en/11188727819/,11188727819,Female Marketer and Trip Organizer Wanted | Haraj,,,dream_22,2 hr. ago,,,SAR,,,,,,,,,,,,,,,,,,,,,https://v8-cdn.haraj.com.sa/flags/uk.svg | https://v8-cdn.haraj.com.sa/logos/waffy.png | https://v8-cdn.haraj.com.sa/assets/images/app-store-badge.png | https://v8-cdn.haraj.com.sa/assets/images/google-play-badge.png | https://v8-cdn.haraj.com.sa/logos/huawei-badge-black.png | https://v8-cdn.haraj.com.sa/logos/deal_logo.svg | https://v8-cdn.haraj.com.sa/logos/fal_logo.png | https://v8-cdn.haraj.com.sa/logos/p-twitter.svg | https://v8-cdn.haraj.com.sa/logos/p-tik-tok.svg | https://v8-cdn.haraj.com.sa/logos/p-snapchat.svg | https://v8-cdn.haraj.com.sa/logos/p-instagram.svg | https://v8-cdn.haraj.com.sa/logos/p-facebook.svg | https://v8-cdn.haraj.com.sa/logos/p-youtube.svg,Tourism
https://haraj.com.sa/en/11188726647/,11188726647,A trip from Taif to Mecca today | Haraj,,,%D8%B1%D8%B1%D8%B1%D8%B1%D8%A7%D9%83,3 hr. ago,,,SAR,,,,,,,,,,,,,,,,,,,,,https://v8-cdn.haraj.com.sa/flags/uk.svg | https://postcdn.haraj.com.sa/userfiles30/2026-09-17/830x1800_432C7866-7D33-45DB-A24A-C1EC5BB03A75.jpg-700.webp | https://v8-cdn.haraj.com.sa/logos/waffy.png | https://v8-cdn.haraj.com.sa/assets/images/app-store-badge.png | https://v8-cdn.haraj.com.sa/assets/images/google-play-badge.png | https://v8-cdn.haraj.com.sa/logos/huawei-badge-black.png | https://v8-cdn.haraj.com.sa/logos/deal_logo.svg | https://v8-cdn.haraj.com.sa/logos/fal_logo.png | https://v8-cdn.haraj.com.sa/logos/p-twitter.svg | https://v8-cdn.haraj.com.sa/logos/p-tik-tok.svg | https://v8-cdn.haraj.com.sa/logos/p-snapchat.svg | https://v8-cdn.haraj.com.sa/logos/p-instagram.svg | https://v8-cdn.haraj.com.sa/logos/p-facebook.svg | https://v8-cdn.haraj.com.sa/logos/p-youtube.svg,Tourism
https://haraj.com.sa/en/11188725954/,11188725954,Refrigerator bus for rent and trips | Haraj,,,saleem11111111,3 hr. ago,,,SAR,,,,,,,,,,,,,,,,,,,,,https://v8-cdn.haraj.com.sa/flags/uk.svg | https://profilecdn.haraj.com.sa/25075817/avatar-md.webp | https://postcdn.haraj.com.sa/userfiles30/2026-09-17/900x1600-1_-GO__MTc4OTYxMjY0NDMzOTU0NTY4NzYyNQ.jpg-700.webp | https://postcdn.haraj.com.sa/userfiles30/2026-09-17/900x1600-1_-GO__MTc4OTYxMzEyOTI1MzA2NDcwNzI0MA.jpg-700.webp | https://v8-cdn.haraj.com.sa/assets/images/app-store-badge.png | https://v8-cdn.haraj.com.sa/assets/images/google-play-badge.png | https://v8-cdn.haraj.com.sa/logos/huawei-badge-black.png | https://v8-cdn.haraj.com.sa/logos/deal_logo.svg | https://v8-cdn.haraj.com.sa/logos/fal_logo.png | https://v8-cdn.haraj.com.sa/logos/p-twitter.svg | https://v8-cdn.haraj.com.sa/logos/p-tik-tok.svg | https://v8-cdn.haraj.com.sa/logos/p-snapchat.svg | https://v8-cdn.haraj.com.sa/logos/p-instagram.svg | https://v8-cdn.haraj.com.sa/logos/p-facebook.svg | https://v8-cdn.haraj.com.sa/logos/p-youtube.svg,Tourism
https://haraj.com.sa/en/11188725206/,11188725206,A trip from Taif to Mecca for passengers and pilgrims | Haraj,,,gpf.3,4 hr. ago,,,SAR,,,,,,,,,,,,,,,,,,,,,https://v8-cdn.haraj.com.sa/flags/uk.svg | https://v8-cdn.haraj.com.sa/assets/images/app-store-badge.png | https://v8-cdn.haraj.com.sa/assets/images/google-play-badge.png | https://v8-cdn.haraj.com.sa/logos/huawei-badge-black.png | https://v8-cdn.haraj.com.sa/logos/deal_logo.svg | https://v8-cdn.haraj.com.sa/logos/fal_logo.png | https://v8-cdn.haraj.com.sa/logos/p-twitter.svg | https://v8-cdn.haraj.com.sa/logos/p-tik-tok.svg | https://v8-cdn.haraj.com.sa/logos/p-snapchat.svg | https://v8-cdn.haraj.com.sa/logos/p-instagram.svg | https://v8-cdn.haraj.com.sa/logos/p-facebook.svg | https://v8-cdn.haraj.com.sa/logos/p-youtube.svg,Tourism
https://haraj.com.sa/en/11188724707/,11188724707,Tourist Packages | Haraj,,,%D8%AC%D9%88%D8%B1%D8%AC%D9%8A%D8%A7%20%D8%A8%D8%B9%D9%8A%D9%88%D9%86%20%D9%8A%D9%85%D8%A7%D9%86%D9%8A%D9%87,5 hr. ago,,,SAR,,,,,,,,,,,,,,,,,,,,,https://v8-cdn.haraj.com.sa/flags/uk.svg | https://profilecdn.haraj.com.sa/22526830/avatar-md.webp | https://v8-cdn.haraj.com.sa/assets/images/app-store-badge.png | https://v8-cdn.haraj.com.sa/assets/images/google-play-badge.png | https://v8-cdn.haraj.com.sa/logos/huawei-badge-black.png | https://v8-cdn.haraj.com.sa/logos/deal_logo.svg | https://v8-cdn.haraj.com.sa/logos/fal_logo.png | https://v8-cdn.haraj.com.sa/logos/p-twitter.svg | https://v8-cdn.haraj.com.sa/logos/p-tik-tok.svg | https://v8-cdn.haraj.com.sa/logos/p-snapchat.svg | https://v8-cdn.haraj.com.sa/logos/p-instagram.svg | https://v8-cdn.haraj.com.sa/logos/p-facebook.svg | https://v8-cdn.haraj.com.sa/logos/p-youtube.svg,Tourism
https://haraj.com.sa/en/11188724464/,11188724464,Going to Riyadh God willing at 2 oclock | Haraj,,,%D8%B3%D8%B9%D9%8A%D8%AF%20%D8%A7%D9%84%D9%82%D8%AD%D8%B7%D8%A7%D9%86%D9%8A%20276,5 hr. ago,,,SAR,,,,,,,,,,,,,,,,,,,,,https://v8-cdn.haraj.com.sa/flags/uk.svg | https://v8-cdn.haraj.com.sa/assets/images/app-store-badge.png | https://v8-cdn.haraj.com.sa/assets/images/google-play-badge.png | https://v8-cdn.haraj.com.sa/logos/huawei-badge-black.png | https://v8-cdn.haraj.com.sa/logos/deal_logo.svg | https://v8-cdn.haraj.com.sa/logos/fal_logo.png | https://v8-cdn.haraj.com.sa/logos/p-twitter.svg | https://v8-cdn.haraj.com.sa/logos/p-tik-tok.svg | https://v8-cdn.haraj.com.sa/logos/p-snapchat.svg | https://v8-cdn.haraj.com.sa/logos/p-instagram.svg | https://v8-cdn.haraj.com.sa/logos/p-facebook.svg | https://v8-cdn.haraj.com.sa/logos/p-youtube.svg,Tourism
https://haraj.com.sa/en/11188723233/,11188723233,Kaddad | Haraj,,,%D8%B9%D8%B6%D9%88%20260153,6 hr. ago,,,SAR,,,,,,,,,,,,,,,,,,,,,https://v8-cdn.haraj.com.sa/flags/uk.svg | https://v8-cdn.haraj.com.sa/assets/images/app-store-badge.png | https://v8-cdn.haraj.com.sa/assets/images/google-play-badge.png | https://v8-cdn.haraj.com.sa/logos/huawei-badge-black.png | https://v8-cdn.haraj.com.sa/logos/deal_logo.svg | https://v8-cdn.haraj.com.sa/logos/fal_logo.png | https://v8-cdn.haraj.com.sa/logos/p-twitter.svg | https://v8-cdn.haraj.com.sa/logos/p-tik-tok.svg | https://v8-cdn.haraj.com.sa/logos/p-snapchat.svg | https://v8-cdn.haraj.com.sa/logos/p-instagram.svg | https://v8-cdn.haraj.com.sa/logos/p-facebook.svg | https://v8-cdn.haraj.com.sa/logos/p-youtube.svg,Tourism
https://haraj.com.sa/en/11188723115/,11188723115,Journey | Haraj,,,faisal8898,6 hr. ago,,,SAR,,,,,,,,,,,,,,,,,,,,,https://v8-cdn.haraj.com.sa/flags/uk.svg | https://postcdn.haraj.com.sa/userfiles30/2026-09-17/588x330_F1C3575E-F47A-455E-BF09-67B8A9FD6EEC.jpg-700.webp | https://v8-cdn.haraj.com.sa/assets/images/app-store-badge.png | https://v8-cdn.haraj.com.sa/assets/images/google-play-badge.png | https://v8-cdn.haraj.com.sa/logos/huawei-badge-black.png | https://v8-cdn.haraj.com.sa/logos/deal_logo.svg | https://v8-cdn.haraj.com.sa/logos/fal_logo.png | https://v8-cdn.haraj.com.sa/logos/p-twitter.svg | https://v8-cdn.haraj.com.sa/logos/p-tik-tok.svg | https://v8-cdn.haraj.com.sa/logos/p-snapchat.svg | https://v8-cdn.haraj.com.sa/logos/p-instagram.svg | https://v8-cdn.haraj.com.sa/logos/p-facebook.svg | https://v8-cdn.haraj.com.sa/logos/p-youtube.svg,Tourism
https://haraj.com.sa/en/11188722778/,11188722778,Kaddad | Haraj,,,abom7arb1,6 hr. ago,,,SAR,,,,,,,,,,,,,,,,,,,,,https://v8-cdn.haraj.com.sa/flags/uk.svg | https://v8-cdn.haraj.com.sa/assets/images/app-store-badge.png | https://v8-cdn.haraj.com.sa/assets/images/google-play-badge.png | https://v8-cdn.haraj.com.sa/logos/huawei-badge-black.png | https://v8-cdn.haraj.com.sa/logos/deal_logo.svg | https://v8-cdn.haraj.com.sa/logos/fal_logo.png | https://v8-cdn.haraj.com.sa/logos/p-twitter.svg | https://v8-cdn.haraj.com.sa/logos/p-tik-tok.svg | https://v8-cdn.haraj.com.sa/logos/p-snapchat.svg | https://v8-cdn.haraj.com.sa/logos/p-instagram.svg | https://v8-cdn.haraj.com.sa/logos/p-facebook.svg | https://v8-cdn.haraj.com.sa/logos/p-youtube.svg,Tourism
https://haraj.com.sa/en/11188730954/,11188730954,AlQassim Sukari Dates Crushed Offers Cheapest Prices | Haraj,,,%D9%85%D8%AA%D8%AC%D8%B1%20%D8%AA%D9%85%D9%88%D8%B1%202030,3 min. ago,,,SAR,,,,,,,,,,,,,,,,,,,,,https://v8-cdn.haraj.com.sa/flags/uk.svg | https://profilecdn.haraj.com.sa/14798057/avatar-md.webp | https://postcdn.haraj.com.sa/userfiles30/2026-09-17/1242x1544_9CD2B0CA-E62E-47E5-9FB5-D721DF538412.jpg-700.webp | https://postcdn.haraj.com.sa/userfiles30/2026-09-17/1156x1600_47B195CA-B507-4A36-97C6-63F949DE203E.jpg-700.webp | https://postcdn.haraj.com.sa/userfiles30/2026-09-17/1242x854_0DC71593-2EA3-4AE1-99BE-60814B4E50C4.jpg-700.webp | https://postcdn.haraj.com.sa/userfiles30/2026-09-17/1026x1600_D6A320BD-11DE-45BF-B762-8B40A6619C75.jpg-700.webp | https://v8-cdn.haraj.com.sa/assets/images/app-store-badge.png | https://v8-cdn.haraj.com.sa/assets/images/google-play-badge.png | https://v8-cdn.haraj.com.sa/logos/huawei-badge-black.png | https://v8-cdn.haraj.com.sa/logos/deal_logo.svg | https://v8-cdn.haraj.com.sa/logos/fal_logo.png | https://v8-cdn.haraj.com.sa/logos/p-twitter.svg | https://v8-cdn.haraj.com.sa/logos/p-tik-tok.svg | https://v8-cdn.haraj.com.sa/logos/p-snapchat.svg | https://v8-cdn.haraj.com.sa/logos/p-instagram.svg | https://v8-cdn.haraj.com.sa/logos/p-facebook.svg | https://v8-cdn.haraj.com.sa/logos/p-youtube.svg,Food
https://haraj.com.sa/en/11188730944/,11188730944,Damad date paste | Haraj,,,%D8%B9%D9%85%D8%B1%20%D8%A8%D9%86%20%D8%AD%D8%B3%D9%86.,4 min. ago,,,SAR,,,,,,,,,,,,,,,,,,,,,https://v8-cdn.haraj.com.sa/flags/uk.svg | https://profilecdn.haraj.com.sa/16906883/avatar-md.webp | https://postcdn.haraj.com.sa/userfiles30/2026-9-17/899x1599-1_-UHWVo5Cag3wgzh.jpg-700.webp | https://postcdn.haraj.com.sa/userfiles30/2026-9-17/899x1599-1_-85uaU6ZqoX2fBF.jpg-700.webp | https://postcdn.haraj.com.sa/userfiles30/2026-9-17/899x1599-1_-kPt0ZGY0MUN3eY.jpg-700.webp | https://postcdn.haraj.com.sa/userfiles30/2026-9-17/1256x2760-1_-0IKtu4f6mrDXhH.jpg-700.webp | https://postcdn.haraj.com.sa/userfiles30/2026-9-17/1256x2760-1_-QoTT3GElbyDMv7.jpg-700.webp | https://v8-cdn.haraj.com.sa/assets/images/app-store-badge.png | https://v8-cdn.haraj.com.sa/assets/images/google-play-badge.png | https://v8-cdn.haraj.com.sa/logos/huawei-badge-black.png | https://v8-cdn.haraj.com.sa/logos/deal_logo.svg | https://v8-cdn.haraj.com.sa/logos/fal_logo.png | https://v8-cdn.haraj.com.sa/logos/p-twitter.svg | https://v8-cdn.haraj.com.sa/logos/p-tik-tok.svg | https://v8-cdn.haraj.com.sa/logos/p-snapchat.svg | https://v8-cdn.haraj.com.sa/logos/p-instagram.svg | https://v8-cdn.haraj.com.sa/logos/p-facebook.svg | https://v8-cdn.haraj.com.sa/logos/p-youtube.svg,Food
https://haraj.com.sa/en/11188730904/,11188730904,Red Sukari Palm Trees | Haraj,,,%D9%85%D8%B4%D8%A7%D8%AA%D9%84%20%D8%B1%D9%8A%D8%A7%D8%B6%20%D8%A7%D9%84%D8%AE%D9%8A%D8%B1,5 min. ago,,,SAR,,,,,,,,,,,,,,,,,,,,,https://v8-cdn.haraj.com.sa/flags/uk.svg | https://postcdn.haraj.com.sa/userfiles30/2026-9-17/720x949-1_-JXGUCS2bVbLL8i.jpg-700.webp | https://postcdn.haraj.com.sa/userfiles30/2026-9-17/720x895-1_-DtCGoGec3YTots.jpg-700.webp | https://v8-cdn.haraj.com.sa/assets/images/app-store-badge.png | https://v8-cdn.haraj.com.sa/assets/images/google-play-badge.png | https://v8-cdn.haraj.com.sa/logos/huawei-badge-black.png | https://v8-cdn.haraj.com.sa/logos/deal_logo.svg | https://v8-cdn.haraj.com.sa/logos/fal_logo.png | https://v8-cdn.haraj.com.sa/logos/p-twitter.svg | https://v8-cdn.haraj.com.sa/logos/p-tik-tok.svg | https://v8-cdn.haraj.com.sa/logos/p-snapchat.svg | https://v8-cdn.haraj.com.sa/logos/p-instagram.svg | https://v8-cdn.haraj.com.sa/logos/p-facebook.svg | https://v8-cdn.haraj.com.sa/logos/p-youtube.svg,Food
https://haraj.com.sa/en/11188730862/,11188730862,Ikhlas Ashiqar Premium | Haraj,,,%D8%A7%D8%A8%D9%88%D8%B5%D8%A7%D9%84%D8%AD%20%D8%A7%D9%84%D9%88%D9%87%D8%A8%D9%8A05,6 min. ago,,,SAR,,,,,,,,,,,,,,,,,,,,,https://v8-cdn.haraj.com.sa/flags/uk.svg | https://profilecdn.haraj.com.sa/24310677/avatar-md.webp | https://postcdn.haraj.com.sa/userfiles30/2026-9-17/682x1024-1_-W8CTTBOp0VNCtu.jpg-700.webp | https://postcdn.haraj.com.sa/userfiles30/2026-9-17/768x1024-1_-RniF22bcbWhaji.jpg-700.webp | https://postcdn.haraj.com.sa/userfiles30/2026-9-17/768x1024-1_-uHxTFFizQNy98e.jpg-700.webp | https://postcdn.haraj.com.sa/userfiles30/2026-9-17/768x1024-1_-nJZqbak8s61CEc.jpg-700.webp | https://postcdn.haraj.com.sa/userfiles30/2026-9-17/768x1024-1_-SJQ3wJlPDFIIxf.jpg-700.webp | https://postcdn.haraj.com.sa/userfiles30/2026-9-17/768x1024-1_-8uyC2t4LdDDsMN.jpg-700.webp | https://postcdn.haraj.com.sa/userfiles30/2026-9-17/1200x1199-1_-c1PjVgbWcv5sKM.jpg-700.webp | https://postcdn.haraj.com.sa/userfiles30/2026-9-17/768x1024-1_-B7sPEW5Siujs2Y.jpg-700.webp | https://v8-cdn.haraj.com.sa/logos/waffy.png | https://v8-cdn.haraj.com.sa/assets/images/app-store-badge.png | https://v8-cdn.haraj.com.sa/assets/images/google-play-badge.png | https://v8-cdn.haraj.com.sa/logos/huawei-badge-black.png | https://v8-cdn.haraj.com.sa/logos/deal_logo.svg | https://v8-cdn.haraj.com.sa/logos/fal_logo.png | https://v8-cdn.haraj.com.sa/logos/p-twitter.svg | https://v8-cdn.haraj.com.sa/logos/p-tik-tok.svg | https://v8-cdn.haraj.com.sa/logos/p-snapchat.svg | https://v8-cdn.haraj.com.sa/logos/p-instagram.svg | https://v8-cdn.haraj.com.sa/logos/p-facebook.svg | https://v8-cdn.haraj.com.sa/logos/p-youtube.svg,Food
https://haraj.com.sa/en/11188730827/,11188730827,Saffari Bisha | Haraj,,,%D8%B9%D8%A8%D9%80%D9%80%D8%AF%D8%A7%D9%84%D9%85%D8%AC%D9%8A%D9%80%D9%80%D8%AF,7 min. ago,,,SAR,,,,,,,,,,,,,,,,,,,,,https://v8-cdn.haraj.com.sa/flags/uk.svg | https://postcdn.haraj.com.sa/userfiles30/2026-09-17/1008x1792_328EE682-3D32-4AF5-AAA9-02D6D0B2A343.jpg-700.webp | https://postcdn.haraj.com.sa/userfiles30/2026-09-17/1008x1792_27F699CF-2A93-4ABF-ACAE-40D6E59E2CD4.jpg-700.webp | https://postcdn.haraj.com.sa/userfiles30/2026-09-17/1008x1792_29BC5675-BBFC-4232-9732-C883CBB0A1C1.jpg-700.webp | https://v8-cdn.haraj.com.sa/logos/waffy.png | https://v8-cdn.haraj.com.sa/assets/images/app-store-badge.png | https://v8-cdn.haraj.com.sa/assets/images/google-play-badge.png | https://v8-cdn.haraj.com.sa/logos/huawei-badge-black.png | https://v8-cdn.haraj.com.sa/logos/deal_logo.svg | https://v8-cdn.haraj.com.sa/logos/fal_logo.png | https://v8-cdn.haraj.com.sa/logos/p-twitter.svg | https://v8-cdn.haraj.com.sa/logos/p-tik-tok.svg | https://v8-cdn.haraj.com.sa/logos/p-snapchat.svg | https://v8-cdn.haraj.com.sa/logos/p-instagram.svg | https://v8-cdn.haraj.com.sa/logos/p-facebook.svg | https://v8-cdn.haraj.com.sa/logos/p-youtube.svg,Food
https://haraj.com.sa/en/11188730741/,11188730741,Cafes Operations Manager and Barista with over 10 years of e | Haraj,,,islam%20elshwakh,10 min. ago,,,SAR,,,,,,,,,,,,,,,,,,,,,https://v8-cdn.haraj.com.sa/flags/uk.svg | https://postcdn.haraj.com.sa/userfiles30/2026-9-17/1200x1600-1_-NY80i9ZwA3bjW5.jpg-700.webp | https://postcdn.haraj.com.sa/userfiles30/2026-9-17/768x1024-1_-W07dmlKkDs9eBx.jpg-700.webp | https://v8-cdn.haraj.com.sa/assets/images/app-store-badge.png | https://v8-cdn.haraj.com.sa/assets/images/google-play-badge.png | https://v8-cdn.haraj.com.sa/logos/huawei-badge-black.png | https://v8-cdn.haraj.com.sa/logos/deal_logo.svg | https://v8-cdn.haraj.com.sa/logos/fal_logo.png | https://v8-cdn.haraj.com.sa/logos/p-twitter.svg | https://v8-cdn.haraj.com.sa/logos/p-tik-tok.svg | https://v8-cdn.haraj.com.sa/logos/p-snapchat.svg | https://v8-cdn.haraj.com.sa/logos/p-instagram.svg | https://v8-cdn.haraj.com.sa/logos/p-facebook.svg | https://v8-cdn.haraj.com.sa/logos/p-youtube.svg,Food
https://haraj.com.sa/en/11188730466/,11188730466,Authentic Yemeni Taste Sabaya Bint AlSahn Dmool Kaak Cake S | Haraj,,,%D9%85%D8%A7%D8%AC%D8%AF%20%D8%B4%D9%85%D8%A7%D8%AE,18 min. ago,,,SAR,,,,,,,,,,,,,,,,,,,,,https://v8-cdn.haraj.com.sa/flags/uk.svg | https://profilecdn.haraj.com.sa/20265780/avatar-md.webp | https://postcdn.haraj.com.sa/userfiles30/2026-9-17/682x605-1_-zCP5Fxis12yKO0.jpg-700.webp | https://postcdn.haraj.com.sa/userfiles30/2026-9-17/720x728-1_-78HPAf7zCerOwk.jpg-700.webp | https://postcdn.haraj.com.sa/userfiles30/2026-9-17/720x931-1_-7zKqCLr6a25T3y.jpg-700.webp | https://postcdn.haraj.com.sa/userfiles30/2026-9-17/650x641-1_-duawyPDP7Ezc9G.jpg-700.webp | https://postcdn.haraj.com.sa/userfiles30/2026-9-17/683x635-1_-8nUe7UyDq6X2Xy.jpg-700.webp | https://postcdn.haraj.com.sa/userfiles30/2026-9-17/720x882-1_-R43SL6b2sBEaUI.jpg-700.webp | https://postcdn.haraj.com.sa/userfiles30/2026-9-17/720x910-1_-bzewzw7gZEu6IX.jpg-700.webp | https://postcdn.haraj.com.sa/userfiles30/2026-9-17/800x1280-1_-QgXqEzMjB4mgh1.jpg-700.webp | https://postcdn.haraj.com.sa/userfiles30/2026-9-17/446x1024-1_-cLnGHLFQ36uVbg.jpg-700.webp | https://postcdn.haraj.com.sa/userfiles30/2026-9-17/720x591-1_-OWLWU3KlJSfqjm.jpg-700.webp | https://v8-cdn.haraj.com.sa/assets/images/app-store-badge.png | https://v8-cdn.haraj.com.sa/assets/images/google-play-badge.png | https://v8-cdn.haraj.com.sa/logos/huawei-badge-black.png | https://v8-cdn.haraj.com.sa/logos/deal_logo.svg | https://v8-cdn.haraj.com.sa/logos/fal_logo.png | https://v8-cdn.haraj.com.sa/logos/p-twitter.svg | https://v8-cdn.haraj.com.sa/logos/p-tik-tok.svg | https://v8-cdn.haraj.com.sa/logos/p-snapchat.svg | https://v8-cdn.haraj.com.sa/logos/p-instagram.svg | https://v8-cdn.haraj.com.sa/logos/p-facebook.svg | https://v8-cdn.haraj.com.sa/logos/p-youtube.svg,Food
https://haraj.com.sa/en/11188730429/,11188730429,Original cow ghee guaranteed from the south Jazan | Haraj,,,%D8%AA%D8%B1%D9%83%D9%8A%2055881,19 min. ago,,,SAR,,,,,,,,,,,,,,,,,,,,,https://v8-cdn.haraj.com.sa/flags/uk.svg | https://postcdn.haraj.com.sa/userfiles30/2026-09-17/434x514-1_-GO__MTc4OTYyMzMzNzQ1NDc0Njg2Mjk2MQ.jpg-700.webp | https://postcdn.haraj.com.sa/userfiles30/2026-09-17/494x734-1_-GO__MTc4OTYyMzMzNzQ3ODYyMTY1NjIzMw.jpg-700.webp | https://v8-cdn.haraj.com.sa/logos/waffy.png | https://v8-cdn.haraj.com.sa/assets/images/app-store-badge.png | https://v8-cdn.haraj.com.sa/assets/images/google-play-badge.png | https://v8-cdn.haraj.com.sa/logos/huawei-badge-black.png | https://v8-cdn.haraj.com.sa/logos/deal_logo.svg | https://v8-cdn.haraj.com.sa/logos/fal_logo.png | https://v8-cdn.haraj.com.sa/logos/p-twitter.svg | https://v8-cdn.haraj.com.sa/logos/p-tik-tok.svg | https://v8-cdn.haraj.com.sa/logos/p-snapchat.svg | https://v8-cdn.haraj.com.sa/logos/p-instagram.svg | https://v8-cdn.haraj.com.sa/logos/p-facebook.svg | https://v8-cdn.haraj.com.sa/logos/p-youtube.svg,Food
https://haraj.com.sa/en/11188730381/,11188730381,Presenting the most delicious pastries at unbelievable price | Haraj,,,%D8%B3%D9%84%D9%85%D8%A7%D9%86%20%D8%A7%D9%85%D9%8A%D8%B1,20 min. ago,,,SAR,,,,,,,,,,,,,,,,,,,,,https://v8-cdn.haraj.com.sa/flags/uk.svg | https://v8-cdn.haraj.com.sa/assets/images/app-store-badge.png | https://v8-cdn.haraj.com.sa/assets/images/google-play-badge.png | https://v8-cdn.haraj.com.sa/logos/huawei-badge-black.png | https://v8-cdn.haraj.com.sa/logos/deal_logo.svg | https://v8-cdn.haraj.com.sa/logos/fal_logo.png | https://v8-cdn.haraj.com.sa/logos/p-twitter.svg | https://v8-cdn.haraj.com.sa/logos/p-tik-tok.svg | https://v8-cdn.haraj.com.sa/logos/p-snapchat.svg | https://v8-cdn.haraj.com.sa/logos/p-instagram.svg | https://v8-cdn.haraj.com.sa/logos/p-facebook.svg | https://v8-cdn.haraj.com.sa/logos/p-youtube.svg,Food
https://haraj.com.sa/en/11188730360/,11188730360,Premium Saqai Dates Rolled | Haraj,,,abdullah.9990,21 min. ago,,,SAR,,,,,,,,,,,,,,,,,,,,,https://v8-cdn.haraj.com.sa/flags/uk.svg | https://postcdn.haraj.com.sa/userfiles30/2026-09-17/1350x1800_3702D7A1-1DCF-4155-89BB-05326CEB6355.jpg-700.webp | https://v8-cdn.haraj.com.sa/logos/waffy.png | https://v8-cdn.haraj.com.sa/assets/images/app-store-badge.png | https://v8-cdn.haraj.com.sa/assets/images/google-play-badge.png | https://v8-cdn.haraj.com.sa/logos/huawei-badge-black.png | https://v8-cdn.haraj.com.sa/logos/deal_logo.svg | https://v8-cdn.haraj.com.sa/logos/fal_logo.png | https://v8-cdn.haraj.com.sa/logos/p-twitter.svg | https://v8-cdn.haraj.com.sa/logos/p-tik-tok.svg | https://v8-cdn.haraj.com.sa/logos/p-snapchat.svg | https://v8-cdn.haraj.com.sa/logos/p-instagram.svg | https://v8-cdn.haraj.com.sa/logos/p-facebook.svg | https://v8-cdn.haraj.com.sa/logos/p-youtube.svg,Food
https://haraj.com.sa/en/11188730301/,11188730301,ISO 100 dietary supplement | Haraj,,,njk.d,23 min. ago,,,SAR,,,,,,,,,,,,,,,,,,,,,https://v8-cdn.haraj.com.sa/flags/uk.svg | https://postcdn.haraj.com.sa/userfiles30/2026-09-17/1350x1800_5FA06F1B-95C6-4647-A2FB-701F6CAAF52C.jpg-700.webp | https://postcdn.haraj.com.sa/userfiles30/2026-09-17/1350x1800_5E5D8A7A-EEC0-4029-A8DC-9713CE8249B4.jpg-700.webp | https://postcdn.haraj.com.sa/userfiles30/2026-09-17/1350x1800_1816D0A8-DABE-4E3F-9605-0869CB2C4BBA.jpg-700.webp | https://postcdn.haraj.com.sa/userfiles30/2026-09-17/1350x1800_A36222BE-C152-4EE6-93B2-111AA1B9810F.jpg-700.webp | https://v8-cdn.haraj.com.sa/logos/waffy.png | https://v8-cdn.haraj.com.sa/assets/images/app-store-badge.png | https://v8-cdn.haraj.com.sa/assets/images/google-play-badge.png | https://v8-cdn.haraj.com.sa/logos/huawei-badge-black.png | https://v8-cdn.haraj.com.sa/logos/deal_logo.svg | https://v8-cdn.haraj.com.sa/logos/fal_logo.png | https://v8-cdn.haraj.com.sa/logos/p-twitter.svg | https://v8-cdn.haraj.com.sa/logos/p-tik-tok.svg | https://v8-cdn.haraj.com.sa/logos/p-snapchat.svg | https://v8-cdn.haraj.com.sa/logos/p-instagram.svg | https://v8-cdn.haraj.com.sa/logos/p-facebook.svg | https://v8-cdn.haraj.com.sa/logos/p-youtube.svg,Food
https://haraj.com.sa/en/11188730289/,11188730289,Sukkari Mutafal Dates 3 kg | Haraj,,,%D8%A7%D8%A8%D8%A4%20%D8%A2%D8%AD%D9%85%D8%AF,23 min. ago,,,SAR,,,,,,,,,,,,,,,,,,,,,https://v8-cdn.haraj.com.sa/flags/uk.svg | https://postcdn.haraj.com.sa/userfiles30/2026-09-17/831x1800_364C7B12-D4EB-46C5-8A2A-B3B96730A9E1.jpg-700.webp | https://v8-cdn.haraj.com.sa/logos/waffy.png | https://v8-cdn.haraj.com.sa/assets/images/app-store-badge.png | https://v8-cdn.haraj.com.sa/assets/images/google-play-badge.png | https://v8-cdn.haraj.com.sa/logos/huawei-badge-black.png | https://v8-cdn.haraj.com.sa/logos/deal_logo.svg | https://v8-cdn.haraj.com.sa/logos/fal_logo.png | https://v8-cdn.haraj.com.sa/logos/p-twitter.svg | https://v8-cdn.haraj.com.sa/logos/p-tik-tok.svg | https://v8-cdn.haraj.com.sa/logos/p-snapchat.svg | https://v8-cdn.haraj.com.sa/logos/p-instagram.svg | https://v8-cdn.haraj.com.sa/logos/p-facebook.svg | https://v8-cdn.haraj.com.sa/logos/p-youtube.svg,Food
https://haraj.com.sa/en/11188730286/,11188730286,Coffee catering with four thermoses for sale | Haraj,,,%D8%B9%D8%B6%D9%88%2032%2018916,23 min. ago,,,SAR,,,,,,,,,,,,,,,,,,,,,https://v8-cdn.haraj.com.sa/flags/uk.svg | https://postcdn.haraj.com.sa/userfiles30/2026-09-17/900x1247-1_-GO__MTc4OTYyMzA2NTQ3NjUzMDMwMDM5NQ.jpg-700.webp | https://postcdn.haraj.com.sa/userfiles30/2026-09-17/900x1600-1_-GO__MTc4OTYyMzA2NTg5Nzg3NjIzNDI3MA.jpg-700.webp | https://v8-cdn.haraj.com.sa/assets/images/app-store-badge.png | https://v8-cdn.haraj.com.sa/assets/images/google-play-badge.png | https://v8-cdn.haraj.com.sa/logos/huawei-badge-black.png | https://v8-cdn.haraj.com.sa/logos/deal_logo.svg | https://v8-cdn.haraj.com.sa/logos/fal_logo.png | https://v8-cdn.haraj.com.sa/logos/p-twitter.svg | https://v8-cdn.haraj.com.sa/logos/p-tik-tok.svg | https://v8-cdn.haraj.com.sa/logos/p-snapchat.svg | https://v8-cdn.haraj.com.sa/logos/p-instagram.svg | https://v8-cdn.haraj.com.sa/logos/p-facebook.svg | https://v8-cdn.haraj.com.sa/logos/p-youtube.svg,Food
https://haraj.com.sa/en/11188730257/,11188730257,Sidr Honey for communication | Haraj,,,%D9%85%D8%AD%D9%85%D8%AF%20%D8%A7%D8%A8%D9%88%20%D8%AD%D9%85%D8%AF%D8%A7,24 min. ago,,,SAR,,,,,,,,,,,,,,,,,,,,,https://v8-cdn.haraj.com.sa/flags/uk.svg | https://postcdn.haraj.com.sa/userfiles30/2026-09-17/685x1600_EA3E7280-1B6D-46C8-A21B-C6AE7BBC0BC2.jpg-700.webp | https://postcdn.haraj.com.sa/userfiles30/2026-09-17/874x1800_3659399C-E995-4903-90AF-8B01F7490914.jpg-700.webp | https://v8-cdn.haraj.com.sa/assets/images/app-store-badge.png | https://v8-cdn.haraj.com.sa/assets/images/google-play-badge.png | https://v8-cdn.haraj.com.sa/logos/huawei-badge-black.png | https://v8-cdn.haraj.com.sa/logos/deal_logo.svg | https://v8-cdn.haraj.com.sa/logos/fal_logo.png | https://v8-cdn.haraj.com.sa/logos/p-twitter.svg | https://v8-cdn.haraj.com.sa/logos/p-tik-tok.svg | https://v8-cdn.haraj.com.sa/logos/p-snapchat.svg | https://v8-cdn.haraj.com.sa/logos/p-instagram.svg | https://v8-cdn.haraj.com.sa/logos/p-facebook.svg | https://v8-cdn.haraj.com.sa/logos/p-youtube.svg,Food
https://haraj.com.sa/en/11188730154/,11188730154,Oil trap oil catcher oil strainer for restaurants and car wa | Haraj,,,%D9%85%D8%AA%D8%AC%D8%B1%20%D9%85%D8%B5%D8%A7%D8%A6%D8%AF%20%D8%A7%D9%84%D8%B2%D9%8A%D8%AA%20%D9%84%D9%84%D9%85%D8%B7%D8%A7%D8%B9%D9%85,27 min. ago,,,SAR,,,,,,,,,,,,,,,,,,,,,https://v8-cdn.haraj.com.sa/flags/uk.svg | https://profilecdn.haraj.com.sa/25245487/avatar-md.webp | https://postcdn.haraj.com.sa/userfiles30/2026-9-17/1024x766-1_-6V577FToAIfK9A.jpg-700.webp | https://postcdn.haraj.com.sa/userfiles30/2026-9-17/1086x1448-1_-jYBXZtOiAEP65a.jpg-700.webp | https://postcdn.haraj.com.sa/userfiles30/2026-9-17/1086x1448-1_-TTaqspCHzOZPOE.jpg-700.webp | https://postcdn.haraj.com.sa/userfiles30/2026-9-17/1280x963-1_-xpsw25vOpYVF0a.jpg-700.webp | https://postcdn.haraj.com.sa/userfiles30/2026-9-17/738x1600-1_-urs4TOy80j5h8y.jpg-700.webp | https://postcdn.haraj.com.sa/userfiles30/2026-9-17/720x1600-1_-1SNQaFCYeKkr43.jpg-700.webp | https://v8-cdn.haraj.com.sa/assets/images/app-store-badge.png | https://v8-cdn.haraj.com.sa/assets/images/google-play-badge.png | https://v8-cdn.haraj.com.sa/logos/huawei-badge-black.png | https://v8-cdn.haraj.com.sa/logos/deal_logo.svg | https://v8-cdn.haraj.com.sa/logos/fal_logo.png | https://v8-cdn.haraj.com.sa/logos/p-twitter.svg | https://v8-cdn.haraj.com.sa/logos/p-tik-tok.svg | https://v8-cdn.haraj.com.sa/logos/p-snapchat.svg | https://v8-cdn.haraj.com.sa/logos/p-instagram.svg | https://v8-cdn.haraj.com.sa/logos/p-facebook.svg | https://v8-cdn.haraj.com.sa/logos/p-youtube.svg,Food
https://haraj.com.sa/en/11188730090/,11188730090,Cardboard Factory | Haraj,,,mohamed%20omar%20saad11,29 min. ago,,,SAR,,,,,,,,,,,,,,,,,,,,,https://v8-cdn.haraj.com.sa/flags/uk.svg | https://postcdn.haraj.com.sa/userfiles30/2026-09-17/1290x1783_6223FB42-52AD-4450-8777-B35350628E34.jpg-700.webp | https://postcdn.haraj.com.sa/userfiles30/2026-09-17/1290x1767_18A0F6FB-BB73-41B7-BEA5-DF111043307A.jpg-700.webp | https://v8-cdn.haraj.com.sa/assets/images/app-store-badge.png | https://v8-cdn.haraj.com.sa/assets/images/google-play-badge.png | https://v8-cdn.haraj.com.sa/logos/huawei-badge-black.png | https://v8-cdn.haraj.com.sa/logos/deal_logo.svg | https://v8-cdn.haraj.com.sa/logos/fal_logo.png | https://v8-cdn.haraj.com.sa/logos/p-twitter.svg | https://v8-cdn.haraj.com.sa/logos/p-tik-tok.svg | https://v8-cdn.haraj.com.sa/logos/p-snapchat.svg | https://v8-cdn.haraj.com.sa/logos/p-instagram.svg | https://v8-cdn.haraj.com.sa/logos/p-facebook.svg | https://v8-cdn.haraj.com.sa/logos/p-youtube.svg,Food
https://haraj.com.sa/en/11188730008/,11188730008,Similac Max Pro Milk | Haraj,,,nawal%20ali%20ahmed,31 min. ago,,,SAR,,,,,,,,,,,,,,,,,,,,,https://v8-cdn.haraj.com.sa/flags/uk.svg | https://postcdn.haraj.com.sa/userfiles30/2026-09-17/1350x1800_99D36BFB-574A-409D-B784-D5E36E95E5B1.jpg-700.webp | https://postcdn.haraj.com.sa/userfiles30/2026-09-17/1350x1800_DE7704B5-8C2D-4D19-A18A-CFA5440CBBEB.jpg-700.webp | https://postcdn.haraj.com.sa/userfiles30/2026-09-17/1350x1800_E549D8D4-75EB-4300-804E-9F9928598FB3.jpg-700.webp | https://postcdn.haraj.com.sa/userfiles30/2026-09-17/1350x1800_E42DFBF4-B6C2-4241-BA3C-8E8BF3367B91.jpg-700.webp | https://v8-cdn.haraj.com.sa/logos/waffy.png | https://v8-cdn.haraj.com.sa/assets/images/app-store-badge.png | https://v8-cdn.haraj.com.sa/assets/images/google-play-badge.png | https://v8-cdn.haraj.com.sa/logos/huawei-badge-black.png | https://v8-cdn.haraj.com.sa/logos/deal_logo.svg | https://v8-cdn.haraj.com.sa/logos/fal_logo.png | https://v8-cdn.haraj.com.sa/logos/p-twitter.svg | https://v8-cdn.haraj.com.sa/logos/p-tik-tok.svg | https://v8-cdn.haraj.com.sa/logos/p-snapchat.svg | https://v8-cdn.haraj.com.sa/logos/p-instagram.svg | https://v8-cdn.haraj.com.sa/logos/p-facebook.svg | https://v8-cdn.haraj.com.sa/logos/p-youtube.svg,Food
https://haraj.com.sa/en/11188729780/,11188729780,2 date presses for dates and molasses for sale | Haraj,,,abu_turki22,39 min. ago,,,SAR,,,,,,,,,,,,,,,,,,,,,https://v8-cdn.haraj.com.sa/flags/uk.svg | https://profilecdn.haraj.com.sa/77234/avatar-md.webp | https://postcdn.haraj.com.sa/userfiles30/2026-09-17/1280x960_FA78B1FE-DA15-4117-8C3B-2469B6201946.jpg-700.webp | https://postcdn.haraj.com.sa/userfiles30/2026-09-17/1280x960_F075CE57-56EE-46F9-BDA2-B072122287DB.jpg-700.webp | https://v8-cdn.haraj.com.sa/assets/images/app-store-badge.png | https://v8-cdn.haraj.com.sa/assets/images/google-play-badge.png | https://v8-cdn.haraj.com.sa/logos/huawei-badge-black.png | https://v8-cdn.haraj.com.sa/logos/deal_logo.svg | https://v8-cdn.haraj.com.sa/logos/fal_logo.png | https://v8-cdn.haraj.com.sa/logos/p-twitter.svg | https://v8-cdn.haraj.com.sa/logos/p-tik-tok.svg | https://v8-cdn.haraj.com.sa/logos/p-snapchat.svg | https://v8-cdn.haraj.com.sa/logos/p-instagram.svg | https://v8-cdn.haraj.com.sa/logos/p-facebook.svg | https://v8-cdn.haraj.com.sa/logos/p-youtube.svg,Food
https://haraj.com.sa/en/11188729727/,11188729727,Date type secret large grain | Haraj,,,ksa_0911,40 min. ago,,,SAR,,,,,,,,,,,,,,,,,,,,,https://v8-cdn.haraj.com.sa/flags/uk.svg | https://profilecdn.haraj.com.sa/15366047/avatar-md.webp | https://postcdn.haraj.com.sa/userfiles30/2026-09-17/900x1600_E76AE577-C48F-4AD5-BE21-76DF103A897C.jpg-700.webp | https://postcdn.haraj.com.sa/userfiles30/2026-09-17/900x1600_2198ADC7-6222-4E76-AB24-BA659FEB8D76.jpg-700.webp | https://v8-cdn.haraj.com.sa/assets/images/app-store-badge.png | https://v8-cdn.haraj.com.sa/assets/images/google-play-badge.png | https://v8-cdn.haraj.com.sa/logos/huawei-badge-black.png | https://v8-cdn.haraj.com.sa/logos/deal_logo.svg | https://v8-cdn.haraj.com.sa/logos/fal_logo.png | https://v8-cdn.haraj.com.sa/logos/p-twitter.svg | https://v8-cdn.haraj.com.sa/logos/p-tik-tok.svg | https://v8-cdn.haraj.com.sa/logos/p-snapchat.svg | https://v8-cdn.haraj.com.sa/logos/p-instagram.svg | https://v8-cdn.haraj.com.sa/logos/p-facebook.svg | https://v8-cdn.haraj.com.sa/logos/p-youtube.svg,Food
https://haraj.com.sa/en/11188729722/,11188729722,Tomorrow a distinguished milk | Haraj,,,%D8%B9%D8%B6%D9%88%208880994,40 min. ago,,,SAR,,,,,,,,,,,,,,,,,,,,,https://v8-cdn.haraj.com.sa/flags/uk.svg | https://postcdn.haraj.com.sa/userfiles30/2026-09-17/498x1194_E4EDD23D-9813-46AD-BD2A-FAEA798D92C1.jpg-700.webp | https://postcdn.haraj.com.sa/userfiles30/2026-09-17/715x1202_FCEB642E-172D-41F4-AEAF-305DFCE9D32D.jpg-700.webp | https://postcdn.haraj.com.sa/userfiles30/2026-09-17/496x1133_B9BD2300-DA5D-4C26-8252-6C8474665F07.jpg-700.webp | https://v8-cdn.haraj.com.sa/assets/images/app-store-badge.png | https://v8-cdn.haraj.com.sa/assets/images/google-play-badge.png | https://v8-cdn.haraj.com.sa/logos/huawei-badge-black.png | https://v8-cdn.haraj.com.sa/logos/deal_logo.svg | https://v8-cdn.haraj.com.sa/logos/fal_logo.png | https://v8-cdn.haraj.com.sa/logos/p-twitter.svg | https://v8-cdn.haraj.com.sa/logos/p-tik-tok.svg | https://v8-cdn.haraj.com.sa/logos/p-snapchat.svg | https://v8-cdn.haraj.com.sa/logos/p-instagram.svg | https://v8-cdn.haraj.com.sa/logos/p-facebook.svg | https://v8-cdn.haraj.com.sa/logos/p-youtube.svg,Food
https://haraj.com.sa/en/11188730913/,11188730913,Foundational and followup teacher for primary and intermedia | Haraj,,,fatimamhmd,6 min. ago,,,SAR,,,,,,,,,,,,,,,,,,,,,https://v8-cdn.haraj.com.sa/flags/uk.svg | https://postcdn.haraj.com.sa/userfiles30/2026-09-17/1178x1138_69CB20C6-6074-462A-9DDB-5B500EBC990C.jpg-700.webp | https://v8-cdn.haraj.com.sa/assets/images/app-store-badge.png | https://v8-cdn.haraj.com.sa/assets/images/google-play-badge.png | https://v8-cdn.haraj.com.sa/logos/huawei-badge-black.png | https://v8-cdn.haraj.com.sa/logos/deal_logo.svg | https://v8-cdn.haraj.com.sa/logos/fal_logo.png | https://v8-cdn.haraj.com.sa/logos/p-twitter.svg | https://v8-cdn.haraj.com.sa/logos/p-tik-tok.svg | https://v8-cdn.haraj.com.sa/logos/p-snapchat.svg | https://v8-cdn.haraj.com.sa/logos/p-instagram.svg | https://v8-cdn.haraj.com.sa/logos/p-facebook.svg | https://v8-cdn.haraj.com.sa/logos/p-youtube.svg,Coaching
https://haraj.com.sa/en/11188730757/,11188730757,Saudi Electronic University Assignments | Haraj,,,abu%20salah95,11 min. ago,,,SAR,,,,,,,,,,,,,,,,,,,,,https://v8-cdn.haraj.com.sa/flags/uk.svg | https://postcdn.haraj.com.sa/userfiles30/2026-9-17/1024x1536-1_-mWJ2yeH1T4CGei.jpg-700.webp | https://v8-cdn.haraj.com.sa/assets/images/app-store-badge.png | https://v8-cdn.haraj.com.sa/assets/images/google-play-badge.png | https://v8-cdn.haraj.com.sa/logos/huawei-badge-black.png | https://v8-cdn.haraj.com.sa/logos/deal_logo.svg | https://v8-cdn.haraj.com.sa/logos/fal_logo.png | https://v8-cdn.haraj.com.sa/logos/p-twitter.svg | https://v8-cdn.haraj.com.sa/logos/p-tik-tok.svg | https://v8-cdn.haraj.com.sa/logos/p-snapchat.svg | https://v8-cdn.haraj.com.sa/logos/p-instagram.svg | https://v8-cdn.haraj.com.sa/logos/p-facebook.svg | https://v8-cdn.haraj.com.sa/logos/p-youtube.svg,Coaching
https://haraj.com.sa/en/11188730665/,11188730665,National Day Offers Advanced Course with Specialties | Haraj,,,%D9%83%D8%A7%D8%A8%D8%AA%D9%86%20_%20%D8%AE%D8%A7%D9%84%D8%AF,13 min. ago,,,SAR,,,,,,,,,,,,,,,,,,,,,https://v8-cdn.haraj.com.sa/flags/uk.svg | https://profilecdn.haraj.com.sa/14732539/avatar-md.webp | https://postcdn.haraj.com.sa/userfiles30/2026-09-17/1024x1536_D0273699-5C80-4655-BBB7-6D8D765EA5C7.jpg-700.webp | https://v8-cdn.haraj.com.sa/assets/images/app-store-badge.png | https://v8-cdn.haraj.com.sa/assets/images/google-play-badge.png | https://v8-cdn.haraj.com.sa/logos/huawei-badge-black.png | https://v8-cdn.haraj.com.sa/logos/deal_logo.svg | https://v8-cdn.haraj.com.sa/logos/fal_logo.png | https://v8-cdn.haraj.com.sa/logos/p-twitter.svg | https://v8-cdn.haraj.com.sa/logos/p-tik-tok.svg | https://v8-cdn.haraj.com.sa/logos/p-snapchat.svg | https://v8-cdn.haraj.com.sa/logos/p-instagram.svg | https://v8-cdn.haraj.com.sa/logos/p-facebook.svg | https://v8-cdn.haraj.com.sa/logos/p-youtube.svg,Coaching
https://haraj.com.sa/en/11188730595/,11188730595,Intensive Conversation Course 50 Discount | Haraj,,,the%20prof93,15 min. ago,,,SAR,,,,,,,,,,,,,,,,,,,,,https://v8-cdn.haraj.com.sa/flags/uk.svg | https://postcdn.haraj.com.sa/userfiles30/2026-09-17/1093x976_9C9577AB-6A50-4A5E-A668-4A60ADDE96E0.jpg-700.webp | https://v8-cdn.haraj.com.sa/assets/images/app-store-badge.png | https://v8-cdn.haraj.com.sa/assets/images/google-play-badge.png | https://v8-cdn.haraj.com.sa/logos/huawei-badge-black.png | https://v8-cdn.haraj.com.sa/logos/deal_logo.svg | https://v8-cdn.haraj.com.sa/logos/fal_logo.png | https://v8-cdn.haraj.com.sa/logos/p-twitter.svg | https://v8-cdn.haraj.com.sa/logos/p-tik-tok.svg | https://v8-cdn.haraj.com.sa/logos/p-snapchat.svg | https://v8-cdn.haraj.com.sa/logos/p-instagram.svg | https://v8-cdn.haraj.com.sa/logos/p-facebook.svg | https://v8-cdn.haraj.com.sa/logos/p-youtube.svg,Coaching
https://haraj.com.sa/en/11188730538/,11188730538,Private Online Math Tutor for Qudurat Tahsili High School U | Haraj,,,%D9%85%D8%AF%D8%B1%D8%B3%20_%20%D8%B1%D9%8A%D8%A7%D8%B6%D9%8A%D8%A7%D8%AA,17 min. ago,,,SAR,,,,,,,,,,,,,,,,,,,,,https://v8-cdn.haraj.com.sa/flags/uk.svg | https://postcdn.haraj.com.sa/userfiles30/2026-09-17/900x491-1_-GO__MTc4OTYyMzQ4Njg0MjY5NTc0MDg3MQ.jpg-700.webp | https://v8-cdn.haraj.com.sa/assets/images/app-store-badge.png | https://v8-cdn.haraj.com.sa/assets/images/google-play-badge.png | https://v8-cdn.haraj.com.sa/logos/huawei-badge-black.png | https://v8-cdn.haraj.com.sa/logos/deal_logo.svg | https://v8-cdn.haraj.com.sa/logos/fal_logo.png | https://v8-cdn.haraj.com.sa/logos/p-twitter.svg | https://v8-cdn.haraj.com.sa/logos/p-tik-tok.svg | https://v8-cdn.haraj.com.sa/logos/p-snapchat.svg | https://v8-cdn.haraj.com.sa/logos/p-instagram.svg | https://v8-cdn.haraj.com.sa/logos/p-facebook.svg | https://v8-cdn.haraj.com.sa/logos/p-youtube.svg,Coaching
https://haraj.com.sa/en/11188730501/,11188730501,Quran Memorization Teacher Al Khaleej Al Hamra Ishbiliya Al | Haraj,,,%D8%A7%D9%84%D8%A7%D8%B3%D8%AA%D8%A7%D8%B0.%20%D9%85%D8%AD%D9%85%D8%AF%20%D8%A3%D8%AD%D9%85%D8%AF,18 min. ago,,,SAR,,,,,,,,,,,,,,,,,,,,,https://v8-cdn.haraj.com.sa/flags/uk.svg | https://profilecdn.haraj.com.sa/26013992/avatar-md.webp | https://postcdn.haraj.com.sa/userfiles30/2026-9-17/768x1024-1_-F4P3ey8jKBQQhx.jpg-700.webp | https://v8-cdn.haraj.com.sa/logos/waffy.png | https://v8-cdn.haraj.com.sa/assets/images/app-store-badge.png | https://v8-cdn.haraj.com.sa/assets/images/google-play-badge.png | https://v8-cdn.haraj.com.sa/logos/huawei-badge-black.png | https://v8-cdn.haraj.com.sa/logos/deal_logo.svg | https://v8-cdn.haraj.com.sa/logos/fal_logo.png | https://v8-cdn.haraj.com.sa/logos/p-twitter.svg | https://v8-cdn.haraj.com.sa/logos/p-tik-tok.svg | https://v8-cdn.haraj.com.sa/logos/p-snapchat.svg | https://v8-cdn.haraj.com.sa/logos/p-instagram.svg | https://v8-cdn.haraj.com.sa/logos/p-facebook.svg | https://v8-cdn.haraj.com.sa/logos/p-youtube.svg,Coaching
https://haraj.com.sa/en/11188730433/,11188730433,Math Teacher | Haraj,,,mr%209999,20 min. ago,,,SAR,,,,,,,,,,,,,,,,,,,,,https://v8-cdn.haraj.com.sa/flags/uk.svg | https://postcdn.haraj.com.sa/userfiles30/2026-09-17/1072x818_9C0F5DB3-5B80-4002-8EF3-505D68F2F671.jpg-700.webp | https://v8-cdn.haraj.com.sa/assets/images/app-store-badge.png | https://v8-cdn.haraj.com.sa/assets/images/google-play-badge.png | https://v8-cdn.haraj.com.sa/logos/huawei-badge-black.png | https://v8-cdn.haraj.com.sa/logos/deal_logo.svg | https://v8-cdn.haraj.com.sa/logos/fal_logo.png | https://v8-cdn.haraj.com.sa/logos/p-twitter.svg | https://v8-cdn.haraj.com.sa/logos/p-tik-tok.svg | https://v8-cdn.haraj.com.sa/logos/p-snapchat.svg | https://v8-cdn.haraj.com.sa/logos/p-instagram.svg | https://v8-cdn.haraj.com.sa/logos/p-facebook.svg | https://v8-cdn.haraj.com.sa/logos/p-youtube.svg,Coaching
https://haraj.com.sa/en/11188730374/,11188730374,English teacher foundational learning from scratch for excel | Haraj,,,%D9%85%D8%AD%D9%85%D9%88%D8%AF%20%D9%85%D8%B5%D8%B7%D9%81%D9%8A%202500,22 min. ago,,,SAR,,,,,,,,,,,,,,,,,,,,,https://v8-cdn.haraj.com.sa/flags/uk.svg | https://v8-cdn.haraj.com.sa/logos/waffy.png | https://v8-cdn.haraj.com.sa/assets/images/app-store-badge.png | https://v8-cdn.haraj.com.sa/assets/images/google-play-badge.png | https://v8-cdn.haraj.com.sa/logos/huawei-badge-black.png | https://v8-cdn.haraj.com.sa/logos/deal_logo.svg | https://v8-cdn.haraj.com.sa/logos/fal_logo.png | https://v8-cdn.haraj.com.sa/logos/p-twitter.svg | https://v8-cdn.haraj.com.sa/logos/p-tik-tok.svg | https://v8-cdn.haraj.com.sa/logos/p-snapchat.svg | https://v8-cdn.haraj.com.sa/logos/p-instagram.svg | https://v8-cdn.haraj.com.sa/logos/p-facebook.svg | https://v8-cdn.haraj.com.sa/logos/p-youtube.svg,Coaching
https://haraj.com.sa/en/11188730372/,11188730372,Psychological Therapist for Adults and Children Behavior Mod | Haraj,,,%D8%AF%20%D8%A3%D8%AD%D9%85%D8%AF%201993,22 min. ago,,,SAR,,,,,,,,,,,,,,,,,,,,,https://v8-cdn.haraj.com.sa/flags/uk.svg | https://profilecdn.haraj.com.sa/16741718/avatar-md.webp | https://postcdn.haraj.com.sa/userfiles30/2026-9-17/950x1024-1_-seDBQkLvffjesn.jpg-700.webp | https://postcdn.haraj.com.sa/userfiles30/2026-9-17/1320x1188-1_-b0GvoPexV5RkgP.jpg-700.webp | https://v8-cdn.haraj.com.sa/logos/waffy.png | https://v8-cdn.haraj.com.sa/assets/images/app-store-badge.png | https://v8-cdn.haraj.com.sa/assets/images/google-play-badge.png | https://v8-cdn.haraj.com.sa/logos/huawei-badge-black.png | https://v8-cdn.haraj.com.sa/logos/deal_logo.svg | https://v8-cdn.haraj.com.sa/logos/fal_logo.png | https://v8-cdn.haraj.com.sa/logos/p-twitter.svg | https://v8-cdn.haraj.com.sa/logos/p-tik-tok.svg | https://v8-cdn.haraj.com.sa/logos/p-snapchat.svg | https://v8-cdn.haraj.com.sa/logos/p-instagram.svg | https://v8-cdn.haraj.com.sa/logos/p-facebook.svg | https://v8-cdn.haraj.com.sa/logos/p-youtube.svg,Coaching
https://haraj.com.sa/en/11188730158/,11188730158,Data Entry and Text Processing Course Best Price | Haraj,,,ema11_11,28 min. ago,,,SAR,,,,,,,,,,,,,,,,,,,,,https://v8-cdn.haraj.com.sa/flags/uk.svg | https://profilecdn.haraj.com.sa/5003714/avatar-md.webp | https://postcdn.haraj.com.sa/userfiles30/2026-09-17/1290x1513_B1D1D4DD-7A23-475A-A968-B92E5203474D.jpg-700.webp | https://v8-cdn.haraj.com.sa/assets/images/app-store-badge.png | https://v8-cdn.haraj.com.sa/assets/images/google-play-badge.png | https://v8-cdn.haraj.com.sa/logos/huawei-badge-black.png | https://v8-cdn.haraj.com.sa/logos/deal_logo.svg | https://v8-cdn.haraj.com.sa/logos/fal_logo.png | https://v8-cdn.haraj.com.sa/logos/p-twitter.svg | https://v8-cdn.haraj.com.sa/logos/p-tik-tok.svg | https://v8-cdn.haraj.com.sa/logos/p-snapchat.svg | https://v8-cdn.haraj.com.sa/logos/p-instagram.svg | https://v8-cdn.haraj.com.sa/logos/p-facebook.svg | https://v8-cdn.haraj.com.sa/logos/p-youtube.svg,Coaching
https://haraj.com.sa/en/11188730129/,11188730129,English Teacher in Riyadh | Haraj,,,%D9%85%D8%AD%D9%85%D8%AF%20%D8%A7%D9%84%D8%AF%D9%88%D9%83,29 min. ago,,,SAR,,,,,,,,,,,,,,,,,,,,,https://v8-cdn.haraj.com.sa/flags/uk.svg | https://v8-cdn.haraj.com.sa/assets/images/app-store-badge.png | https://v8-cdn.haraj.com.sa/assets/images/google-play-badge.png | https://v8-cdn.haraj.com.sa/logos/huawei-badge-black.png | https://v8-cdn.haraj.com.sa/logos/deal_logo.svg | https://v8-cdn.haraj.com.sa/logos/fal_logo.png | https://v8-cdn.haraj.com.sa/logos/p-twitter.svg | https://v8-cdn.haraj.com.sa/logos/p-tik-tok.svg | https://v8-cdn.haraj.com.sa/logos/p-snapchat.svg | https://v8-cdn.haraj.com.sa/logos/p-instagram.svg | https://v8-cdn.haraj.com.sa/logos/p-facebook.svg | https://v8-cdn.haraj.com.sa/logos/p-youtube.svg,Coaching
https://haraj.com.sa/en/11188730123/,11188730123,Math and Quantitative Abilities Teacher | Haraj,,,%D9%85%D9%87%D9%86%D8%AF%D8%B3%D9%87%20%D8%A7%D8%B3%D8%B1%D8%A7%D8%A155,29 min. ago,,,SAR,,,,,,,,,,,,,,,,,,,,,https://v8-cdn.haraj.com.sa/flags/uk.svg | https://profilecdn.haraj.com.sa/24545471/avatar-md.webp | https://postcdn.haraj.com.sa/userfiles30/2026-9-17/693x806-1_-Ndt6SYDA4Smj65.jpg-700.webp | https://v8-cdn.haraj.com.sa/assets/images/app-store-badge.png | https://v8-cdn.haraj.com.sa/assets/images/google-play-badge.png | https://v8-cdn.haraj.com.sa/logos/huawei-badge-black.png | https://v8-cdn.haraj.com.sa/logos/deal_logo.svg | https://v8-cdn.haraj.com.sa/logos/fal_logo.png | https://v8-cdn.haraj.com.sa/logos/p-twitter.svg | https://v8-cdn.haraj.com.sa/logos/p-tik-tok.svg | https://v8-cdn.haraj.com.sa/logos/p-snapchat.svg | https://v8-cdn.haraj.com.sa/logos/p-instagram.svg | https://v8-cdn.haraj.com.sa/logos/p-facebook.svg | https://v8-cdn.haraj.com.sa/logos/p-youtube.svg,Coaching
https://haraj.com.sa/en/11188730122/,11188730122,Swimming coach required | Haraj,,,%D8%A7%D8%A8%D9%88%D8%B7%D8%A7%D8%B1%D9%82%20%D8%A7%D9%84%D8%AF%D8%B9%D8%A7%D8%B3,29 min. ago,,,SAR,,,,,,,,,,,,,,,,,,,,,https://v8-cdn.haraj.com.sa/flags/uk.svg | https://profilecdn.haraj.com.sa/2534113/avatar-md.webp | https://v8-cdn.haraj.com.sa/assets/images/app-store-badge.png | https://v8-cdn.haraj.com.sa/assets/images/google-play-badge.png | https://v8-cdn.haraj.com.sa/logos/huawei-badge-black.png | https://v8-cdn.haraj.com.sa/logos/deal_logo.svg | https://v8-cdn.haraj.com.sa/logos/fal_logo.png | https://v8-cdn.haraj.com.sa/logos/p-twitter.svg | https://v8-cdn.haraj.com.sa/logos/p-tik-tok.svg | https://v8-cdn.haraj.com.sa/logos/p-snapchat.svg | https://v8-cdn.haraj.com.sa/logos/p-instagram.svg | https://v8-cdn.haraj.com.sa/logos/p-facebook.svg | https://v8-cdn.haraj.com.sa/logos/p-youtube.svg,Coaching
https://haraj.com.sa/en/11188730070/,11188730070,Private tutor wanted | Haraj,,,%D9%87%D8%AF%D8%A7%D9%8A%D8%A7%20%D8%A7%D9%84%D8%B4%D8%B1%D9%82%D9%8A%D9%87,31 min. ago,,,SAR,,,,,,,,,,,,,,,,,,,,,https://v8-cdn.haraj.com.sa/flags/uk.svg | https://v8-cdn.haraj.com.sa/assets/images/app-store-badge.png | https://v8-cdn.haraj.com.sa/assets/images/google-play-badge.png | https://v8-cdn.haraj.com.sa/logos/huawei-badge-black.png | https://v8-cdn.haraj.com.sa/logos/deal_logo.svg | https://v8-cdn.haraj.com.sa/logos/fal_logo.png | https://v8-cdn.haraj.com.sa/logos/p-twitter.svg | https://v8-cdn.haraj.com.sa/logos/p-tik-tok.svg | https://v8-cdn.haraj.com.sa/logos/p-snapchat.svg | https://v8-cdn.haraj.com.sa/logos/p-instagram.svg | https://v8-cdn.haraj.com.sa/logos/p-facebook.svg | https://v8-cdn.haraj.com.sa/logos/p-youtube.svg,Coaching
https://haraj.com.sa/en/11188730026/,11188730026,Foundation and Followup Teacher | Haraj,,,%D8%A3%D8%A8%D9%88%20%D8%B9%D9%85%D8%B1%201973,32 min. ago,,,SAR,,,,,,,,,,,,,,,,,,,,,https://v8-cdn.haraj.com.sa/flags/uk.svg | https://postcdn.haraj.com.sa/userfiles30/2026-9-17/682x1024-1_-W19sjv3E5INFLX.jpg-700.webp | https://v8-cdn.haraj.com.sa/assets/images/app-store-badge.png | https://v8-cdn.haraj.com.sa/assets/images/google-play-badge.png | https://v8-cdn.haraj.com.sa/logos/huawei-badge-black.png | https://v8-cdn.haraj.com.sa/logos/deal_logo.svg | https://v8-cdn.haraj.com.sa/logos/fal_logo.png | https://v8-cdn.haraj.com.sa/logos/p-twitter.svg | https://v8-cdn.haraj.com.sa/logos/p-tik-tok.svg | https://v8-cdn.haraj.com.sa/logos/p-snapchat.svg | https://v8-cdn.haraj.com.sa/logos/p-instagram.svg | https://v8-cdn.haraj.com.sa/logos/p-facebook.svg | https://v8-cdn.haraj.com.sa/logos/p-youtube.svg,Coaching
https://haraj.com.sa/en/11188729975/,11188729975,Chemistry Teacher Arabic International and Science Subjects | Haraj,,,%D8%AE%D8%A7%D9%84%D8%AF%20%D8%B3%D8%A7%D9%85%D9%8A%200592,34 min. ago,,,SAR,,,,,,,,,,,,,,,,,,,,,https://v8-cdn.haraj.com.sa/flags/uk.svg | https://profilecdn.haraj.com.sa/25875432/avatar-md.webp | https://postcdn.haraj.com.sa/userfiles30/2026-9-17/720x1604-1_-a8pdXh9OBTTOU5.jpg-700.webp | https://v8-cdn.haraj.com.sa/assets/images/app-store-badge.png | https://v8-cdn.haraj.com.sa/assets/images/google-play-badge.png | https://v8-cdn.haraj.com.sa/logos/huawei-badge-black.png | https://v8-cdn.haraj.com.sa/logos/deal_logo.svg | https://v8-cdn.haraj.com.sa/logos/fal_logo.png | https://v8-cdn.haraj.com.sa/logos/p-twitter.svg | https://v8-cdn.haraj.com.sa/logos/p-tik-tok.svg | https://v8-cdn.haraj.com.sa/logos/p-snapchat.svg | https://v8-cdn.haraj.com.sa/logos/p-instagram.svg | https://v8-cdn.haraj.com.sa/logos/p-facebook.svg | https://v8-cdn.haraj.com.sa/logos/p-youtube.svg,Coaching
https://haraj.com.sa/en/11188729947/,11188729947,Online 11 STEP Training | Haraj,,,nouf.teaches,35 min. ago,,,SAR,,,,,,,,,,,,,,,,,,,,,https://v8-cdn.haraj.com.sa/flags/uk.svg | https://postcdn.haraj.com.sa/userfiles30/2026-09-17/900x636-1_-GO__MTc4OTYyMjQzMjMxNDE0NTU3NzExMw.jpg-700.webp | https://v8-cdn.haraj.com.sa/assets/images/app-store-badge.png | https://v8-cdn.haraj.com.sa/assets/images/google-play-badge.png | https://v8-cdn.haraj.com.sa/logos/huawei-badge-black.png | https://v8-cdn.haraj.com.sa/logos/deal_logo.svg | https://v8-cdn.haraj.com.sa/logos/fal_logo.png | https://v8-cdn.haraj.com.sa/logos/p-twitter.svg | https://v8-cdn.haraj.com.sa/logos/p-tik-tok.svg | https://v8-cdn.haraj.com.sa/logos/p-snapchat.svg | https://v8-cdn.haraj.com.sa/logos/p-instagram.svg | https://v8-cdn.haraj.com.sa/logos/p-facebook.svg | https://v8-cdn.haraj.com.sa/logos/p-youtube.svg,Coaching
https://haraj.com.sa/en/11188729866/,11188729866,Jordanian Tutor | Haraj,,,physics%20teacher%207920,37 min. ago,,,SAR,,,,,,,,,,,,,,,,,,,,,https://v8-cdn.haraj.com.sa/flags/uk.svg | https://postcdn.haraj.com.sa/userfiles30/2026-9-17/1024x1536-1_-ZPWo6t9Pso26fy.jpg-700.webp | https://v8-cdn.haraj.com.sa/assets/images/app-store-badge.png | https://v8-cdn.haraj.com.sa/assets/images/google-play-badge.png | https://v8-cdn.haraj.com.sa/logos/huawei-badge-black.png | https://v8-cdn.haraj.com.sa/logos/deal_logo.svg | https://v8-cdn.haraj.com.sa/logos/fal_logo.png | https://v8-cdn.haraj.com.sa/logos/p-twitter.svg | https://v8-cdn.haraj.com.sa/logos/p-tik-tok.svg | https://v8-cdn.haraj.com.sa/logos/p-snapchat.svg | https://v8-cdn.haraj.com.sa/logos/p-instagram.svg | https://v8-cdn.haraj.com.sa/logos/p-facebook.svg | https://v8-cdn.haraj.com.sa/logos/p-youtube.svg,Coaching
https://haraj.com.sa/en/11188729853/,11188729853,Classes and reviews for medical and health fields students | Haraj,,,dr%20omnia%20ahmed,37 min. ago,,,SAR,,,,,,,,,,,,,,,,,,,,,https://v8-cdn.haraj.com.sa/flags/uk.svg | https://postcdn.haraj.com.sa/userfiles30/2026-09-17/828x1792_FA20AA7D-00AE-459D-ACF0-CA31BB47C679.jpg-700.webp | https://v8-cdn.haraj.com.sa/logos/waffy.png | https://v8-cdn.haraj.com.sa/assets/images/app-store-badge.png | https://v8-cdn.haraj.com.sa/assets/images/google-play-badge.png | https://v8-cdn.haraj.com.sa/logos/huawei-badge-black.png | https://v8-cdn.haraj.com.sa/logos/deal_logo.svg | https://v8-cdn.haraj.com.sa/logos/fal_logo.png | https://v8-cdn.haraj.com.sa/logos/p-twitter.svg | https://v8-cdn.haraj.com.sa/logos/p-tik-tok.svg | https://v8-cdn.haraj.com.sa/logos/p-snapchat.svg | https://v8-cdn.haraj.com.sa/logos/p-instagram.svg | https://v8-cdn.haraj.com.sa/logos/p-facebook.svg | https://v8-cdn.haraj.com.sa/logos/p-youtube.svg,Coaching
https://haraj.com.sa/en/11188729633/,11188729633,Private Tutor | Haraj,,,%D9%84%D8%A7%20%D8%B4%D9%8A%D8%A6%20%D9%8A%D8%B0%D9%83%D8%B1,44 min. ago,,,SAR,,,,,,,,,,,,,,,,,,,,,https://v8-cdn.haraj.com.sa/flags/uk.svg | https://v8-cdn.haraj.com.sa/assets/images/app-store-badge.png | https://v8-cdn.haraj.com.sa/assets/images/google-play-badge.png | https://v8-cdn.haraj.com.sa/logos/huawei-badge-black.png | https://v8-cdn.haraj.com.sa/logos/deal_logo.svg | https://v8-cdn.haraj.com.sa/logos/fal_logo.png | https://v8-cdn.haraj.com.sa/logos/p-twitter.svg | https://v8-cdn.haraj.com.sa/logos/p-tik-tok.svg | https://v8-cdn.haraj.com.sa/logos/p-snapchat.svg | https://v8-cdn.haraj.com.sa/logos/p-instagram.svg | https://v8-cdn.haraj.com.sa/logos/p-facebook.svg | https://v8-cdn.haraj.com.sa/logos/p-youtube.svg,Coaching
https://haraj.com.sa/en/11188729498/,11188729498,University Computer Instructor Programming Networks and Dat | Haraj,,,ma_monem,49 min. ago,,,SAR,,,,,,,,,,,,,,,,,,,,,https://v8-cdn.haraj.com.sa/flags/uk.svg | https://v8-cdn.haraj.com.sa/assets/images/app-store-badge.png | https://v8-cdn.haraj.com.sa/assets/images/google-play-badge.png | https://v8-cdn.haraj.com.sa/logos/huawei-badge-black.png | https://v8-cdn.haraj.com.sa/logos/deal_logo.svg | https://v8-cdn.haraj.com.sa/logos/fal_logo.png | https://v8-cdn.haraj.com.sa/logos/p-twitter.svg | https://v8-cdn.haraj.com.sa/logos/p-tik-tok.svg | https://v8-cdn.haraj.com.sa/logos/p-snapchat.svg | https://v8-cdn.haraj.com.sa/logos/p-instagram.svg | https://v8-cdn.haraj.com.sa/logos/p-facebook.svg | https://v8-cdn.haraj.com.sa/logos/p-youtube.svg,Coaching
https://haraj.com.sa/en/11188731083/,11188731083,Looking for a job | Haraj,,,h05523,3 min. ago,,,SAR,,,,,,,,,,,,,,,,,,,,,https://v8-cdn.haraj.com.sa/flags/uk.svg | https://v8-cdn.haraj.com.sa/assets/images/app-store-badge.png | https://v8-cdn.haraj.com.sa/assets/images/google-play-badge.png | https://v8-cdn.haraj.com.sa/logos/huawei-badge-black.png | https://v8-cdn.haraj.com.sa/logos/deal_logo.svg | https://v8-cdn.haraj.com.sa/logos/fal_logo.png | https://v8-cdn.haraj.com.sa/logos/p-twitter.svg | https://v8-cdn.haraj.com.sa/logos/p-tik-tok.svg | https://v8-cdn.haraj.com.sa/logos/p-snapchat.svg | https://v8-cdn.haraj.com.sa/logos/p-instagram.svg | https://v8-cdn.haraj.com.sa/logos/p-facebook.svg | https://v8-cdn.haraj.com.sa/logos/p-youtube.svg,Jobs
https://haraj.com.sa/en/11188731011/,11188731011,Sudanese worker looking for work with sheep or camels availa | Haraj,,,%D8%B5%D9%84%D8%A7%D8%AD%20%D8%A7%D9%84%D8%B4%D9%86%D8%A8%D9%84%D9%8A,5 min. ago,,,SAR,,,,,,,,,,,,,,,,,,,,,https://v8-cdn.haraj.com.sa/flags/uk.svg | https://v8-cdn.haraj.com.sa/assets/images/app-store-badge.png | https://v8-cdn.haraj.com.sa/assets/images/google-play-badge.png | https://v8-cdn.haraj.com.sa/logos/huawei-badge-black.png | https://v8-cdn.haraj.com.sa/logos/deal_logo.svg | https://v8-cdn.haraj.com.sa/logos/fal_logo.png | https://v8-cdn.haraj.com.sa/logos/p-twitter.svg | https://v8-cdn.haraj.com.sa/logos/p-tik-tok.svg | https://v8-cdn.haraj.com.sa/logos/p-snapchat.svg | https://v8-cdn.haraj.com.sa/logos/p-instagram.svg | https://v8-cdn.haraj.com.sa/logos/p-facebook.svg | https://v8-cdn.haraj.com.sa/logos/p-youtube.svg,Jobs
https://haraj.com.sa/en/11188730989/,11188730989,Looking for a job | Haraj,,,%D8%B9%D8%A7%D9%85%D9%84%20%D8%A7%D8%B4%D8%AA%D9%8A%20%D8%B9%D9%85%D9%84,5 min. ago,,,SAR,,,,,,,,,,,,,,,,,,,,,https://v8-cdn.haraj.com.sa/flags/uk.svg | https://profilecdn.haraj.com.sa/24123504/avatar-md.webp | https://v8-cdn.haraj.com.sa/assets/images/app-store-badge.png | https://v8-cdn.haraj.com.sa/assets/images/google-play-badge.png | https://v8-cdn.haraj.com.sa/logos/huawei-badge-black.png | https://v8-cdn.haraj.com.sa/logos/deal_logo.svg | https://v8-cdn.haraj.com.sa/logos/fal_logo.png | https://v8-cdn.haraj.com.sa/logos/p-twitter.svg | https://v8-cdn.haraj.com.sa/logos/p-tik-tok.svg | https://v8-cdn.haraj.com.sa/logos/p-snapchat.svg | https://v8-cdn.haraj.com.sa/logos/p-instagram.svg | https://v8-cdn.haraj.com.sa/logos/p-facebook.svg | https://v8-cdn.haraj.com.sa/logos/p-youtube.svg,Jobs
https://haraj.com.sa/en/11188730966/,11188730966,Looking for a job as an accountant or related | Haraj,,,%D8%B9%D8%B6%D9%88%2068%2085945,6 min. ago,,,SAR,,,,,,,,,,,,,,,,,,,,,https://v8-cdn.haraj.com.sa/flags/uk.svg | https://v8-cdn.haraj.com.sa/assets/images/app-store-badge.png | https://v8-cdn.haraj.com.sa/assets/images/google-play-badge.png | https://v8-cdn.haraj.com.sa/logos/huawei-badge-black.png | https://v8-cdn.haraj.com.sa/logos/deal_logo.svg | https://v8-cdn.haraj.com.sa/logos/fal_logo.png | https://v8-cdn.haraj.com.sa/logos/p-twitter.svg | https://v8-cdn.haraj.com.sa/logos/p-tik-tok.svg | https://v8-cdn.haraj.com.sa/logos/p-snapchat.svg | https://v8-cdn.haraj.com.sa/logos/p-instagram.svg | https://v8-cdn.haraj.com.sa/logos/p-facebook.svg | https://v8-cdn.haraj.com.sa/logos/p-youtube.svg,Jobs
https://haraj.com.sa/en/11188730957/,11188730957,Seeking a job as a teacher administrator or assistant with a | Haraj,,,vellar,6 min. ago,,,SAR,,,,,,,,,,,,,,,,,,,,,https://v8-cdn.haraj.com.sa/flags/uk.svg | https://profilecdn.haraj.com.sa/18499020/avatar-md.webp | https://v8-cdn.haraj.com.sa/assets/images/app-store-badge.png | https://v8-cdn.haraj.com.sa/assets/images/google-play-badge.png | https://v8-cdn.haraj.com.sa/logos/huawei-badge-black.png | https://v8-cdn.haraj.com.sa/logos/deal_logo.svg | https://v8-cdn.haraj.com.sa/logos/fal_logo.png | https://v8-cdn.haraj.com.sa/logos/p-twitter.svg | https://v8-cdn.haraj.com.sa/logos/p-tik-tok.svg | https://v8-cdn.haraj.com.sa/logos/p-snapchat.svg | https://v8-cdn.haraj.com.sa/logos/p-instagram.svg | https://v8-cdn.haraj.com.sa/logos/p-facebook.svg | https://v8-cdn.haraj.com.sa/logos/p-youtube.svg,Jobs
https://haraj.com.sa/en/11188730915/,11188730915,Legal Consultant and PhD in Law | Haraj,,,abdelaziz16,8 min. ago,,,SAR,,,,,,,,,,,,,,,,,,,,,https://v8-cdn.haraj.com.sa/flags/uk.svg | https://v8-cdn.haraj.com.sa/assets/images/app-store-badge.png | https://v8-cdn.haraj.com.sa/assets/images/google-play-badge.png | https://v8-cdn.haraj.com.sa/logos/huawei-badge-black.png | https://v8-cdn.haraj.com.sa/logos/deal_logo.svg | https://v8-cdn.haraj.com.sa/logos/fal_logo.png | https://v8-cdn.haraj.com.sa/logos/p-twitter.svg | https://v8-cdn.haraj.com.sa/logos/p-tik-tok.svg | https://v8-cdn.haraj.com.sa/logos/p-snapchat.svg | https://v8-cdn.haraj.com.sa/logos/p-instagram.svg | https://v8-cdn.haraj.com.sa/logos/p-facebook.svg | https://v8-cdn.haraj.com.sa/logos/p-youtube.svg,Jobs
https://haraj.com.sa/en/11188730884/,11188730884,Model 2012h1 | Haraj,,,%D8%A7%D8%A8%D9%88%20%D8%A7%D8%AD%D9%85%D8%AF%20%D8%A3%D9%88%20%D8%B9%D8%A7%D8%A6%D8%B4%D9%87,9 min. ago,,,SAR,,,,,,,,,,,,,,,,,,,,,https://v8-cdn.haraj.com.sa/flags/uk.svg | https://v8-cdn.haraj.com.sa/logos/waffy.png | https://v8-cdn.haraj.com.sa/assets/images/app-store-badge.png | https://v8-cdn.haraj.com.sa/assets/images/google-play-badge.png | https://v8-cdn.haraj.com.sa/logos/huawei-badge-black.png | https://v8-cdn.haraj.com.sa/logos/deal_logo.svg | https://v8-cdn.haraj.com.sa/logos/fal_logo.png | https://v8-cdn.haraj.com.sa/logos/p-twitter.svg | https://v8-cdn.haraj.com.sa/logos/p-tik-tok.svg | https://v8-cdn.haraj.com.sa/logos/p-snapchat.svg | https://v8-cdn.haraj.com.sa/logos/p-instagram.svg | https://v8-cdn.haraj.com.sa/logos/p-facebook.svg | https://v8-cdn.haraj.com.sa/logos/p-youtube.svg,Jobs
https://haraj.com.sa/en/11188730873/,11188730873,Looking for work from 12 AM to 6 AM Medina only | Haraj,,,%D8%A7%D8%A8%D9%88%20%D8%A7%D9%84%D8%AE%D9%8A%D8%A7%D8%B7,9 min. ago,,,SAR,,,,,,,,,,,,,,,,,,,,,https://v8-cdn.haraj.com.sa/flags/uk.svg | https://v8-cdn.haraj.com.sa/assets/images/app-store-badge.png | https://v8-cdn.haraj.com.sa/assets/images/google-play-badge.png | https://v8-cdn.haraj.com.sa/logos/huawei-badge-black.png | https://v8-cdn.haraj.com.sa/logos/deal_logo.svg | https://v8-cdn.haraj.com.sa/logos/fal_logo.png | https://v8-cdn.haraj.com.sa/logos/p-twitter.svg | https://v8-cdn.haraj.com.sa/logos/p-tik-tok.svg | https://v8-cdn.haraj.com.sa/logos/p-snapchat.svg | https://v8-cdn.haraj.com.sa/logos/p-instagram.svg | https://v8-cdn.haraj.com.sa/logos/p-facebook.svg | https://v8-cdn.haraj.com.sa/logos/p-youtube.svg,Jobs
https://haraj.com.sa/en/11188730773/,11188730773,Private Driver | Haraj,,,%D8%A7%D9%84%D9%85%D9%87%D8%A7%D9%85%20%D8%A7%D9%84%D9%81%D9%88%D8%B1%D9%8A%D9%87,12 min. ago,,,SAR,,,,,,,,,,,,,,,,,,,,,https://v8-cdn.haraj.com.sa/flags/uk.svg | https://v8-cdn.haraj.com.sa/assets/images/app-store-badge.png | https://v8-cdn.haraj.com.sa/assets/images/google-play-badge.png | https://v8-cdn.haraj.com.sa/logos/huawei-badge-black.png | https://v8-cdn.haraj.com.sa/logos/deal_logo.svg | https://v8-cdn.haraj.com.sa/logos/fal_logo.png | https://v8-cdn.haraj.com.sa/logos/p-twitter.svg | https://v8-cdn.haraj.com.sa/logos/p-tik-tok.svg | https://v8-cdn.haraj.com.sa/logos/p-snapchat.svg | https://v8-cdn.haraj.com.sa/logos/p-instagram.svg | https://v8-cdn.haraj.com.sa/logos/p-facebook.svg | https://v8-cdn.haraj.com.sa/logos/p-youtube.svg,Jobs
https://haraj.com.sa/en/11188730765/,11188730765,Search for Warehouse Supervisor Job | Haraj,,,%D9%85%D8%AD%D9%85%D9%88%D8%AF%20%D9%85%D8%AD%D9%85%D8%AF%20%D8%B1%D8%AC%D8%A8%203746,13 min. ago,,,SAR,,,,,,,,,,,,,,,,,,,,,https://v8-cdn.haraj.com.sa/flags/uk.svg | https://v8-cdn.haraj.com.sa/assets/images/app-store-badge.png | https://v8-cdn.haraj.com.sa/assets/images/google-play-badge.png | https://v8-cdn.haraj.com.sa/logos/huawei-badge-black.png | https://v8-cdn.haraj.com.sa/logos/deal_logo.svg | https://v8-cdn.haraj.com.sa/logos/fal_logo.png | https://v8-cdn.haraj.com.sa/logos/p-twitter.svg | https://v8-cdn.haraj.com.sa/logos/p-tik-tok.svg | https://v8-cdn.haraj.com.sa/logos/p-snapchat.svg | https://v8-cdn.haraj.com.sa/logos/p-instagram.svg | https://v8-cdn.haraj.com.sa/logos/p-facebook.svg | https://v8-cdn.haraj.com.sa/logos/p-youtube.svg,Jobs
https://haraj.com.sa/en/11188730749/,11188730749,Looking for a job Riyadh | Haraj,,,%D8%B9%D8%B6%D9%88%2091%2029726,13 min. ago,,,SAR,,,,,,,,,,,,,,,,,,,,,https://v8-cdn.haraj.com.sa/flags/uk.svg | https://profilecdn.haraj.com.sa/23605343/avatar-md.webp | https://v8-cdn.haraj.com.sa/assets/images/app-store-badge.png | https://v8-cdn.haraj.com.sa/assets/images/google-play-badge.png | https://v8-cdn.haraj.com.sa/logos/huawei-badge-black.png | https://v8-cdn.haraj.com.sa/logos/deal_logo.svg | https://v8-cdn.haraj.com.sa/logos/fal_logo.png | https://v8-cdn.haraj.com.sa/logos/p-twitter.svg | https://v8-cdn.haraj.com.sa/logos/p-tik-tok.svg | https://v8-cdn.haraj.com.sa/logos/p-snapchat.svg | https://v8-cdn.haraj.com.sa/logos/p-instagram.svg | https://v8-cdn.haraj.com.sa/logos/p-facebook.svg | https://v8-cdn.haraj.com.sa/logos/p-youtube.svg,Jobs
https://haraj.com.sa/en/11188730725/,11188730725,Looking for a job | Haraj,,,%D9%84%D9%8A%D8%A7%D8%B3%D9%87%20%D9%85%D9%84%D9%88%D9%86%D9%87%20%D8%A8%D8%AF%D9%8A%D9%84%20%D8%A7%D9%84%D8%AD%D8%AC%D8%B1%203514,14 min. ago,,,SAR,,,,,,,,,,,,,,,,,,,,,https://v8-cdn.haraj.com.sa/flags/uk.svg | https://profilecdn.haraj.com.sa/20459325/avatar-md.webp | https://v8-cdn.haraj.com.sa/assets/images/app-store-badge.png | https://v8-cdn.haraj.com.sa/assets/images/google-play-badge.png | https://v8-cdn.haraj.com.sa/logos/huawei-badge-black.png | https://v8-cdn.haraj.com.sa/logos/deal_logo.svg | https://v8-cdn.haraj.com.sa/logos/fal_logo.png | https://v8-cdn.haraj.com.sa/logos/p-twitter.svg | https://v8-cdn.haraj.com.sa/logos/p-tik-tok.svg | https://v8-cdn.haraj.com.sa/logos/p-snapchat.svg | https://v8-cdn.haraj.com.sa/logos/p-instagram.svg | https://v8-cdn.haraj.com.sa/logos/p-facebook.svg | https://v8-cdn.haraj.com.sa/logos/p-youtube.svg,Jobs
https://haraj.com.sa/en/11188730720/,11188730720,Looking for a job as a loader with a drivers license I drive | Haraj,,,%D8%A3%D9%8A%D9%85%D9%86%20%D9%8A%D8%AD%D9%8A%20%D8%B2%D9%83%D8%B1%D9%8A%D8%A7%20%D8%B3%D9%88%D8%AF%D8%A7%D9%86%D9%8A,14 min. ago,,,SAR,,,,,,,,,,,,,,,,,,,,,https://v8-cdn.haraj.com.sa/flags/uk.svg | https://v8-cdn.haraj.com.sa/assets/images/app-store-badge.png | https://v8-cdn.haraj.com.sa/assets/images/google-play-badge.png | https://v8-cdn.haraj.com.sa/logos/huawei-badge-black.png | https://v8-cdn.haraj.com.sa/logos/deal_logo.svg | https://v8-cdn.haraj.com.sa/logos/fal_logo.png | https://v8-cdn.haraj.com.sa/logos/p-twitter.svg | https://v8-cdn.haraj.com.sa/logos/p-tik-tok.svg | https://v8-cdn.haraj.com.sa/logos/p-snapchat.svg | https://v8-cdn.haraj.com.sa/logos/p-instagram.svg | https://v8-cdn.haraj.com.sa/logos/p-facebook.svg | https://v8-cdn.haraj.com.sa/logos/p-youtube.svg,Jobs
https://haraj.com.sa/en/11188730676/,11188730676,Job Application | Haraj,,,amedsss,15 min. ago,,,SAR,,,,,,,,,,,,,,,,,,,,https://maps.app.goo.gl/zyBe8Jz3cfvM759W7?g_st=ic\nGroup,https://v8-cdn.haraj.com.sa/flags/uk.svg | https://v8-cdn.haraj.com.sa/assets/images/app-store-badge.png | https://v8-cdn.haraj.com.sa/assets/images/google-play-badge.png | https://v8-cdn.haraj.com.sa/logos/huawei-badge-black.png | https://v8-cdn.haraj.com.sa/logos/deal_logo.svg | https://v8-cdn.haraj.com.sa/logos/fal_logo.png | https://v8-cdn.haraj.com.sa/logos/p-twitter.svg | https://v8-cdn.haraj.com.sa/logos/p-tik-tok.svg | https://v8-cdn.haraj.com.sa/logos/p-snapchat.svg | https://v8-cdn.haraj.com.sa/logos/p-instagram.svg | https://v8-cdn.haraj.com.sa/logos/p-facebook.svg | https://v8-cdn.haraj.com.sa/logos/p-youtube.svg,Jobs
https://haraj.com.sa/en/11188730674/,11188730674,Al Madinah Al Munawarah Boredom | Haraj,,,ghjujh,15 min. ago,,,SAR,,,,,,,,,,,,,,,,,,,,,https://v8-cdn.haraj.com.sa/flags/uk.svg | https://profilecdn.haraj.com.sa/4652349/avatar-md.webp | https://v8-cdn.haraj.com.sa/assets/images/app-store-badge.png | https://v8-cdn.haraj.com.sa/assets/images/google-play-badge.png | https://v8-cdn.haraj.com.sa/logos/huawei-badge-black.png | https://v8-cdn.haraj.com.sa/logos/deal_logo.svg | https://v8-cdn.haraj.com.sa/logos/fal_logo.png | https://v8-cdn.haraj.com.sa/logos/p-twitter.svg | https://v8-cdn.haraj.com.sa/logos/p-tik-tok.svg | https://v8-cdn.haraj.com.sa/logos/p-snapchat.svg | https://v8-cdn.haraj.com.sa/logos/p-instagram.svg | https://v8-cdn.haraj.com.sa/logos/p-facebook.svg | https://v8-cdn.haraj.com.sa/logos/p-youtube.svg,Jobs
https://haraj.com.sa/en/11188730616/,11188730616,General Accountant | Haraj,,,ahmed%20abdalrahman%201416,17 min. ago,,,SAR,,,,,,,,,,,,,,,,,,,,,https://v8-cdn.haraj.com.sa/flags/uk.svg | https://profilecdn.haraj.com.sa/22767582/avatar-md.webp | https://v8-cdn.haraj.com.sa/logos/waffy.png | https://v8-cdn.haraj.com.sa/assets/images/app-store-badge.png | https://v8-cdn.haraj.com.sa/assets/images/google-play-badge.png | https://v8-cdn.haraj.com.sa/logos/huawei-badge-black.png | https://v8-cdn.haraj.com.sa/logos/deal_logo.svg | https://v8-cdn.haraj.com.sa/logos/fal_logo.png | https://v8-cdn.haraj.com.sa/logos/p-twitter.svg | https://v8-cdn.haraj.com.sa/logos/p-tik-tok.svg | https://v8-cdn.haraj.com.sa/logos/p-snapchat.svg | https://v8-cdn.haraj.com.sa/logos/p-instagram.svg | https://v8-cdn.haraj.com.sa/logos/p-facebook.svg | https://v8-cdn.haraj.com.sa/logos/p-youtube.svg,Jobs
https://haraj.com.sa/en/11188731203/,11188731203,بقر | Haraj,,,%D9%85%D9%81%D8%B1%D8%AD%20%D8%AC%D8%A7%D8%A8%D8%B1%20%D9%85%D9%86%D8%AC%D8%AD%D9%8A,,,,SAR,,,,,,,,,,,,,,,,,,,,,https://v8-cdn.haraj.com.sa/flags/uk.svg | https://postcdn.haraj.com.sa/userfiles30/2026-09-17/1350x1800_7CEA7434-F710-4EDE-986E-1542302350E1_live.jpg-700.webp | https://v8-cdn.haraj.com.sa/assets/images/app-store-badge.png | https://v8-cdn.haraj.com.sa/assets/images/google-play-badge.png | https://v8-cdn.haraj.com.sa/logos/huawei-badge-black.png | https://v8-cdn.haraj.com.sa/logos/deal_logo.svg | https://v8-cdn.haraj.com.sa/logos/fal_logo.png | https://v8-cdn.haraj.com.sa/logos/p-twitter.svg | https://v8-cdn.haraj.com.sa/logos/p-tik-tok.svg | https://v8-cdn.haraj.com.sa/logos/p-snapchat.svg | https://v8-cdn.haraj.com.sa/logos/p-instagram.svg | https://v8-cdn.haraj.com.sa/logos/p-facebook.svg | https://v8-cdn.haraj.com.sa/logos/p-youtube.svg,Animals
https://haraj.com.sa/en/11188731179/,11188731179,للبيع ديك هندي موقع سيهات | Haraj,,,77hashim,,,,SAR,,,,,,,,,,,,,,,,,,,,,https://v8-cdn.haraj.com.sa/flags/uk.svg | https://postcdn.haraj.com.sa/userfiles30/2026-09-17/832x1800_28824BD3-BA05-4D16-A7CC-5B6330469074.jpg-700.webp | https://postcdn.haraj.com.sa/userfiles30/2026-09-17/832x1800_8FFBD0D6-D643-4FB8-95D7-97E640D545AE.jpg-700.webp | https://v8-cdn.haraj.com.sa/assets/images/app-store-badge.png | https://v8-cdn.haraj.com.sa/assets/images/google-play-badge.png | https://v8-cdn.haraj.com.sa/logos/huawei-badge-black.png | https://v8-cdn.haraj.com.sa/logos/deal_logo.svg | https://v8-cdn.haraj.com.sa/logos/fal_logo.png | https://v8-cdn.haraj.com.sa/logos/p-twitter.svg | https://v8-cdn.haraj.com.sa/logos/p-tik-tok.svg | https://v8-cdn.haraj.com.sa/logos/p-snapchat.svg | https://v8-cdn.haraj.com.sa/logos/p-instagram.svg | https://v8-cdn.haraj.com.sa/logos/p-facebook.svg | https://v8-cdn.haraj.com.sa/logos/p-youtube.svg,Animals
https://haraj.com.sa/en/11188731158/,11188731158,للبيع طلي جبر ابو 9 شهور | Haraj,,,ksadrug,2 min. ago,,,SAR,,,,,,,,,,,,,,,,,,,,,https://v8-cdn.haraj.com.sa/flags/uk.svg | https://profilecdn.haraj.com.sa/17882906/avatar-md.webp | https://postcdn.haraj.com.sa/userfiles30/2026-09-17/830x1800_0CF6F6E8-F383-4F9C-88F7-EA6BE8FE6AF5.jpg-700.webp | https://postcdn.haraj.com.sa/userfiles30/2026-09-17/830x1800_06EC66A1-B123-487C-B2DA-2E442F1D3C7A.jpg-700.webp | https://v8-cdn.haraj.com.sa/assets/images/app-store-badge.png | https://v8-cdn.haraj.com.sa/assets/images/google-play-badge.png | https://v8-cdn.haraj.com.sa/logos/huawei-badge-black.png | https://v8-cdn.haraj.com.sa/logos/deal_logo.svg | https://v8-cdn.haraj.com.sa/logos/fal_logo.png | https://v8-cdn.haraj.com.sa/logos/p-twitter.svg | https://v8-cdn.haraj.com.sa/logos/p-tik-tok.svg | https://v8-cdn.haraj.com.sa/logos/p-snapchat.svg | https://v8-cdn.haraj.com.sa/logos/p-instagram.svg | https://v8-cdn.haraj.com.sa/logos/p-facebook.svg | https://v8-cdn.haraj.com.sa/logos/p-youtube.svg,Animals
https://haraj.com.sa/en/11188731154/,11188731154,حايل للبيع | Haraj,,,%D8%A7%D8%A8%D9%88%D8%B3%D8%A7%D9%84%D9%85%201639,2 min. ago,,,SAR,,,,,,,,,,,,,,,,,,,,,https://v8-cdn.haraj.com.sa/flags/uk.svg | https://profilecdn.haraj.com.sa/1679398/avatar-md.webp | https://postcdn.haraj.com.sa/userfiles30/2026-09-17/1350x1800_D7D61EB9-7F27-41FB-B761-147E4A589E00.jpg-700.webp | https://postcdn.haraj.com.sa/userfiles30/2026-09-17/1012x1800_4220D491-8B87-49CB-ACD4-9D9D869BD085.jpg-700.webp | https://v8-cdn.haraj.com.sa/assets/images/app-store-badge.png | https://v8-cdn.haraj.com.sa/assets/images/google-play-badge.png | https://v8-cdn.haraj.com.sa/logos/huawei-badge-black.png | https://v8-cdn.haraj.com.sa/logos/deal_logo.svg | https://v8-cdn.haraj.com.sa/logos/fal_logo.png | https://v8-cdn.haraj.com.sa/logos/p-twitter.svg | https://v8-cdn.haraj.com.sa/logos/p-tik-tok.svg | https://v8-cdn.haraj.com.sa/logos/p-snapchat.svg | https://v8-cdn.haraj.com.sa/logos/p-instagram.svg | https://v8-cdn.haraj.com.sa/logos/p-facebook.svg | https://v8-cdn.haraj.com.sa/logos/p-youtube.svg,Animals
https://haraj.com.sa/en/11188731153/,11188731153,كتنز للبيع | Haraj,,,ret2jq,2 min. ago,,,SAR,,,,,,,,,,,,,,,,,,,,,https://v8-cdn.haraj.com.sa/flags/uk.svg | https://profilecdn.haraj.com.sa/14476782/avatar-md.webp | https://postcdn.haraj.com.sa/userfiles30/2026-09-17/1012x1800_40087298-930C-4DCC-9420-34E1A10FC634.jpg-700.webp | https://postcdn.haraj.com.sa/userfiles30/2026-09-17/1012x1800_7A120066-19D4-4315-A855-1684A5A4003A.jpg-700.webp | https://postcdn.haraj.com.sa/userfiles30/2026-09-17/1012x1800_B38A799E-4079-4062-A969-541B551F1848.jpg-700.webp | https://postcdn.haraj.com.sa/userfiles30/2026-09-17/832x1800_13D25768-669E-40B2-B69E-4EEFFD0B8E77.jpg-700.webp | https://postcdn.haraj.com.sa/userfiles30/2026-09-17/832x1800_D27C796D-F031-4AFE-B295-76A5D9726E8C.jpg-700.webp | https://postcdn.haraj.com.sa/userfiles30/2026-09-17/832x1800_A4871F51-2F97-4095-BE5D-23CCCBCE080D.jpg-700.webp | https://postcdn.haraj.com.sa/userfiles30/2026-09-17/832x1800_A54DE646-8FEC-406E-8198-1D25B8830863.jpg-700.webp | https://postcdn.haraj.com.sa/userfiles30/2026-09-17/832x1800_27274DF9-B1C5-46D9-A5FD-EEC3369D3400.jpg-700.webp | https://postcdn.haraj.com.sa/userfiles30/2026-09-17/832x1800_12D89467-A673-40BF-A8F1-0444A5C865BF.jpg-700.webp | https://v8-cdn.haraj.com.sa/assets/images/app-store-badge.png | https://v8-cdn.haraj.com.sa/assets/images/google-play-badge.png | https://v8-cdn.haraj.com.sa/logos/huawei-badge-black.png | https://v8-cdn.haraj.com.sa/logos/deal_logo.svg | https://v8-cdn.haraj.com.sa/logos/fal_logo.png | https://v8-cdn.haraj.com.sa/logos/p-twitter.svg | https://v8-cdn.haraj.com.sa/logos/p-tik-tok.svg | https://v8-cdn.haraj.com.sa/logos/p-snapchat.svg | https://v8-cdn.haraj.com.sa/logos/p-instagram.svg | https://v8-cdn.haraj.com.sa/logos/p-facebook.svg | https://v8-cdn.haraj.com.sa/logos/p-youtube.svg,Animals
https://haraj.com.sa/en/11188731149/,11188731149,خرفان كفو للبيع | Haraj,,,%D8%A7%D8%A8%D9%88%20%D8%B3%D8%B9%D9%88%D8%AF%20353,2 min. ago,,,SAR,,,,,,,,,,,,,,,,,,,,,https://v8-cdn.haraj.com.sa/flags/uk.svg | https://postcdn.haraj.com.sa/userfiles30/2026-09-17/1013x1800_0B9566CB-5859-4557-B2DA-36C81AA0EC0B.jpg-700.webp | https://postcdn.haraj.com.sa/userfiles30/2026-09-17/1013x1800_BE02FFC6-1AD5-4459-8519-03BB35BD8EC8.jpg-700.webp | https://postcdn.haraj.com.sa/userfiles30/2026-09-17/1013x1800_1AE6A467-BC2A-42FE-9F15-EF2240BCBD9F.jpg-700.webp | https://v8-cdn.haraj.com.sa/assets/images/app-store-badge.png | https://v8-cdn.haraj.com.sa/assets/images/google-play-badge.png | https://v8-cdn.haraj.com.sa/logos/huawei-badge-black.png | https://v8-cdn.haraj.com.sa/logos/deal_logo.svg | https://v8-cdn.haraj.com.sa/logos/fal_logo.png | https://v8-cdn.haraj.com.sa/logos/p-twitter.svg | https://v8-cdn.haraj.com.sa/logos/p-tik-tok.svg | https://v8-cdn.haraj.com.sa/logos/p-snapchat.svg | https://v8-cdn.haraj.com.sa/logos/p-instagram.svg | https://v8-cdn.haraj.com.sa/logos/p-facebook.svg | https://v8-cdn.haraj.com.sa/logos/p-youtube.svg,Animals
https://haraj.com.sa/en/11188731146/,11188731146,حوض سمك للبيع فيه 3 سمكات | Haraj,,,jyrditxgxf,2 min. ago,,,SAR,,,,,,,,,,,,,,,,,,,,,https://v8-cdn.haraj.com.sa/flags/uk.svg | https://postcdn.haraj.com.sa/userfiles30/2026-9-17/1024x576-1_-rHYQ9JKbbcVvPn.jpg-700.webp | https://postcdn.haraj.com.sa/userfiles30/2026-9-17/576x1024-1_-UGE8jjFym2B0fk.jpg-700.webp | https://v8-cdn.haraj.com.sa/assets/images/app-store-badge.png | https://v8-cdn.haraj.com.sa/assets/images/google-play-badge.png | https://v8-cdn.haraj.com.sa/logos/huawei-badge-black.png | https://v8-cdn.haraj.com.sa/logos/deal_logo.svg | https://v8-cdn.haraj.com.sa/logos/fal_logo.png | https://v8-cdn.haraj.com.sa/logos/p-twitter.svg | https://v8-cdn.haraj.com.sa/logos/p-tik-tok.svg | https://v8-cdn.haraj.com.sa/logos/p-snapchat.svg | https://v8-cdn.haraj.com.sa/logos/p-instagram.svg | https://v8-cdn.haraj.com.sa/logos/p-facebook.svg | https://v8-cdn.haraj.com.sa/logos/p-youtube.svg,Animals
https://haraj.com.sa/en/11188731143/,11188731143,Pakistani Chicken | Haraj,,,%D8%B4%D9%87%20%D8%B1%D8%A7.%D9%86%D9%8A,2 min. ago,,,SAR,,,,,,,,,,,,,,,,,,,,,https://v8-cdn.haraj.com.sa/flags/uk.svg | https://profilecdn.haraj.com.sa/15879240/avatar-md.webp | https://postcdn.haraj.com.sa/userfiles30/2026-09-17/1016x1800_9469600C-C731-4F40-A832-2A90BAFB9ED9.jpg-700.webp | https://v8-cdn.haraj.com.sa/assets/images/app-store-badge.png | https://v8-cdn.haraj.com.sa/assets/images/google-play-badge.png | https://v8-cdn.haraj.com.sa/logos/huawei-badge-black.png | https://v8-cdn.haraj.com.sa/logos/deal_logo.svg | https://v8-cdn.haraj.com.sa/logos/fal_logo.png | https://v8-cdn.haraj.com.sa/logos/p-twitter.svg | https://v8-cdn.haraj.com.sa/logos/p-tik-tok.svg | https://v8-cdn.haraj.com.sa/logos/p-snapchat.svg | https://v8-cdn.haraj.com.sa/logos/p-instagram.svg | https://v8-cdn.haraj.com.sa/logos/p-facebook.svg | https://v8-cdn.haraj.com.sa/logos/p-youtube.svg,Animals
https://haraj.com.sa/en/11188731134/,11188731134,Advertisement to sell house items contact WhatsApp for refri | Haraj,,,%D8%B9%D8%B6%D9%88%203%2074685,2 min. ago,,,SAR,,,,,,,,,,,,,,,,,,,,,https://v8-cdn.haraj.com.sa/flags/uk.svg | https://profilecdn.haraj.com.sa/23475756/avatar-md.webp | https://postcdn.haraj.com.sa/userfiles30/2026-09-17/830x1800_10E17DA8-DC80-4377-AC26-258C659718EE.jpg-700.webp | https://postcdn.haraj.com.sa/userfiles30/2026-09-17/830x1800_8BD8AB92-EE67-4F7E-A3A6-138D2EFAD13D.jpg-700.webp | https://postcdn.haraj.com.sa/userfiles30/2026-09-17/1290x1258_F1FFA1E3-95FF-4425-BB76-D4F6769BCB02.jpg-700.webp | https://postcdn.haraj.com.sa/userfiles30/2026-09-17/1071x1800_D639169C-AD69-4778-976A-6CC121409C12.jpg-700.webp | https://postcdn.haraj.com.sa/userfiles30/2026-09-17/1275x1800_D5F532D2-35F9-4FD1-8EAB-E86C33E4DF3A.jpg-700.webp | https://postcdn.haraj.com.sa/userfiles30/2026-09-17/1012x1800_71FA8B89-58C6-4258-A500-8C353280A44F.jpg-700.webp | https://postcdn.haraj.com.sa/userfiles30/2026-09-17/1012x1800_411B46D6-F443-490B-859D-7A1C241C79D8.jpg-700.webp | https://postcdn.haraj.com.sa/userfiles30/2026-09-17/919x709_518658DB-15D4-4B49-9926-316A6D742C3E.jpg-700.webp | https://postcdn.haraj.com.sa/userfiles30/2026-09-17/713x788_F409475B-8F9C-4C72-A531-E45BF63B5090.jpg-700.webp | https://postcdn.haraj.com.sa/userfiles30/2026-09-17/1290x1499_4D4F20F2-89D4-40BB-BCE0-4D78910DAD17.jpg-700.webp | https://postcdn.haraj.com.sa/userfiles30/2026-09-17/946x1556_828D6D0A-9141-4612-846F-A19CE6B4502B.jpg-700.webp | https://postcdn.haraj.com.sa/userfiles30/2026-09-17/1290x1592_9DEB8F5C-587F-439F-9D7F-6D64E18B6795.jpg-700.webp | https://postcdn.haraj.com.sa/userfiles30/2026-09-17/1199x1359_F8274E6F-831B-4D32-B350-0E63939B083A.jpg-700.webp | https://postcdn.haraj.com.sa/userfiles30/2026-09-17/1273x1800_87B1A5CC-8988-4543-916F-DA4AE4B6447B.jpg-700.webp | https://postcdn.haraj.com.sa/userfiles30/2026-09-17/1290x1070_21F9614C-CAD5-4D0B-95AD-CAB375CA5170.jpg-700.webp | https://v8-cdn.haraj.com.sa/assets/images/app-store-badge.png | https://v8-cdn.haraj.com.sa/assets/images/google-play-badge.png | https://v8-cdn.haraj.com.sa/logos/huawei-badge-black.png | https://v8-cdn.haraj.com.sa/logos/deal_logo.svg | https://v8-cdn.haraj.com.sa/logos/fal_logo.png | https://v8-cdn.haraj.com.sa/logos/p-twitter.svg | https://v8-cdn.haraj.com.sa/logos/p-tik-tok.svg | https://v8-cdn.haraj.com.sa/logos/p-snapchat.svg | https://v8-cdn.haraj.com.sa/logos/p-instagram.svg | https://v8-cdn.haraj.com.sa/logos/p-facebook.svg | https://v8-cdn.haraj.com.sa/logos/p-youtube.svg,Animals
https://haraj.com.sa/en/11188731133/,11188731133,Good Hashi | Haraj,,,%D8%B3%D9%80%D8%B9%D9%80%D8%AF,2 min. ago,,,SAR,,,,,,,,,,,,,,,,,,,,,https://v8-cdn.haraj.com.sa/flags/uk.svg | https://postcdn.haraj.com.sa/userfiles30/2026-09-17/1350x1800_9A6DF70C-A73E-4AF0-B9A7-4FE6135B8BF6.jpg-700.webp | https://postcdn.haraj.com.sa/userfiles30/2026-09-17/1350x1800_2548478F-4E37-4162-9CA4-7DF440C5BA52.jpg-700.webp | https://v8-cdn.haraj.com.sa/assets/images/app-store-badge.png | https://v8-cdn.haraj.com.sa/assets/images/google-play-badge.png | https://v8-cdn.haraj.com.sa/logos/huawei-badge-black.png | https://v8-cdn.haraj.com.sa/logos/deal_logo.svg | https://v8-cdn.haraj.com.sa/logos/fal_logo.png | https://v8-cdn.haraj.com.sa/logos/p-twitter.svg | https://v8-cdn.haraj.com.sa/logos/p-tik-tok.svg | https://v8-cdn.haraj.com.sa/logos/p-snapchat.svg | https://v8-cdn.haraj.com.sa/logos/p-instagram.svg | https://v8-cdn.haraj.com.sa/logos/p-facebook.svg | https://v8-cdn.haraj.com.sa/logos/p-youtube.svg,Animals
https://haraj.com.sa/en/11188731130/,11188731130,4 sheep and a ram | Haraj,,,%D8%A7%D8%A8%D9%88%D9%81%D8%A7%D8%B1%D8%B366666,3 min. ago,,,SAR,,,,,,,,,,,,,,,,,,,,,https://v8-cdn.haraj.com.sa/flags/uk.svg | https://profilecdn.haraj.com.sa/20692819/avatar-md.webp | https://postcdn.haraj.com.sa/userfiles30/2026-09-17/1350x1800_3F6D6CCE-4535-4B0C-B4B4-3306EC13C2B4.jpg-700.webp | https://postcdn.haraj.com.sa/userfiles30/2026-09-17/1350x1800_F4928F4F-7303-4600-9D8E-F23D935F0CFA.jpg-700.webp | https://postcdn.haraj.com.sa/userfiles30/2026-09-17/1350x1800_3D8C3978-F00F-44AC-BD1E-737D6BC35EC3.jpg-700.webp | https://postcdn.haraj.com.sa/userfiles30/2026-09-17/1350x1800_E99F13F8-3BD6-4EDC-BC2A-9F73AA4EBA29.jpg-700.webp | https://postcdn.haraj.com.sa/userfiles30/2026-09-17/1350x1800_0FE2C3C0-72A3-4872-8DA1-071A369636EA.jpg-700.webp | https://postcdn.haraj.com.sa/userfiles30/2026-09-17/1350x1800_4381B487-1766-4B6C-B369-EA41EFB85F66.jpg-700.webp | https://postcdn.haraj.com.sa/userfiles30/2026-09-17/1350x1800_EE0DE71E-519D-44C2-8F92-8BD2F231A44D.jpg-700.webp | https://postcdn.haraj.com.sa/userfiles30/2026-09-17/1350x1800_BD30CE04-FB1C-4BBC-9E69-F97007EA55F9.jpg-700.webp | https://postcdn.haraj.com.sa/userfiles30/2026-09-17/1800x1350_0862C133-B6FA-4FF6-B734-04FD3D42FB3E.jpg-700.webp | https://postcdn.haraj.com.sa/userfiles30/2026-09-17/1800x1350_9EC86363-3458-460D-B842-D15C12FAABFE.jpg-700.webp | https://v8-cdn.haraj.com.sa/logos/ncw.png | https://v8-cdn.haraj.com.sa/assets/images/app-store-badge.png | https://v8-cdn.haraj.com.sa/assets/images/google-play-badge.png | https://v8-cdn.haraj.com.sa/logos/huawei-badge-black.png | https://v8-cdn.haraj.com.sa/logos/deal_logo.svg | https://v8-cdn.haraj.com.sa/logos/fal_logo.png | https://v8-cdn.haraj.com.sa/logos/p-twitter.svg | https://v8-cdn.haraj.com.sa/logos/p-tik-tok.svg | https://v8-cdn.haraj.com.sa/logos/p-snapchat.svg | https://v8-cdn.haraj.com.sa/logos/p-instagram.svg | https://v8-cdn.haraj.com.sa/logos/p-facebook.svg | https://v8-cdn.haraj.com.sa/logos/p-youtube.svg,Animals
https://haraj.com.sa/en/11188731123/,11188731123,Good Naeimi Yearlings | Haraj,,,%D8%A7%D8%A8%D9%88%D8%B9%D8%A8%D8%AF%D8%A7%D9%84%D9%84%D9%8766711,3 min. ago,,,SAR,,,,,,,,,,,,,,,,,,,,,https://v8-cdn.haraj.com.sa/flags/uk.svg | https://profilecdn.haraj.com.sa/1987458/avatar-md.webp | https://postcdn.haraj.com.sa/userfiles30/2026-09-17/817x817_A575638C-F675-4B53-89B9-1B033B452816.jpg-700.webp | https://postcdn.haraj.com.sa/userfiles30/2026-09-17/1046x1046_12E45218-C3BC-4067-A3FB-D02EDDB395DD.jpg-700.webp | https://postcdn.haraj.com.sa/userfiles30/2026-09-17/852x852_FDA732C8-FD41-44B1-854F-87FA7B4228A3.jpg-700.webp | https://postcdn.haraj.com.sa/userfiles30/2026-09-17/713x713_A8C1735D-C8B6-4223-B575-0896FEDE69BC.jpg-700.webp | https://postcdn.haraj.com.sa/userfiles30/2026-09-17/1276x1276_A0900165-7592-41E7-A336-413E101433B5.jpg-700.webp | https://v8-cdn.haraj.com.sa/assets/images/app-store-badge.png | https://v8-cdn.haraj.com.sa/assets/images/google-play-badge.png | https://v8-cdn.haraj.com.sa/logos/huawei-badge-black.png | https://v8-cdn.haraj.com.sa/logos/deal_logo.svg | https://v8-cdn.haraj.com.sa/logos/fal_logo.png | https://v8-cdn.haraj.com.sa/logos/p-twitter.svg | https://v8-cdn.haraj.com.sa/logos/p-tik-tok.svg | https://v8-cdn.haraj.com.sa/logos/p-snapchat.svg | https://v8-cdn.haraj.com.sa/logos/p-instagram.svg | https://v8-cdn.haraj.com.sa/logos/p-facebook.svg | https://v8-cdn.haraj.com.sa/logos/p-youtube.svg,Animals
https://haraj.com.sa/en/11188731118/,11188731118,A purebred stallion his offspring are wellknown | Haraj,,,ss102090%202375,3 min. ago,,,SAR,,,,,,,,,,,,,,,,,,,,,https://v8-cdn.haraj.com.sa/flags/uk.svg | https://postcdn.haraj.com.sa/userfiles30/2026-09-17/832x1800_C0AFDFC6-53D4-4AC0-99AE-9010A912300D.jpg-700.webp | https://v8-cdn.haraj.com.sa/assets/images/app-store-badge.png | https://v8-cdn.haraj.com.sa/assets/images/google-play-badge.png | https://v8-cdn.haraj.com.sa/logos/huawei-badge-black.png | https://v8-cdn.haraj.com.sa/logos/deal_logo.svg | https://v8-cdn.haraj.com.sa/logos/fal_logo.png | https://v8-cdn.haraj.com.sa/logos/p-twitter.svg | https://v8-cdn.haraj.com.sa/logos/p-tik-tok.svg | https://v8-cdn.haraj.com.sa/logos/p-snapchat.svg | https://v8-cdn.haraj.com.sa/logos/p-instagram.svg | https://v8-cdn.haraj.com.sa/logos/p-facebook.svg | https://v8-cdn.haraj.com.sa/logos/p-youtube.svg,Animals
https://haraj.com.sa/en/11188731101/,11188731101,Scottish cats ready for adoption | Haraj,,,ibra6622,4 min. ago,,,SAR,,,,,,,,,,,,,,,,,,,,,https://v8-cdn.haraj.com.sa/flags/uk.svg | https://profilecdn.haraj.com.sa/3838382/avatar-md.webp | https://postcdn.haraj.com.sa/userfiles30/2026-09-17/1350x1800_4E3C4FF4-E657-478C-8B04-0718458F5D5B.jpg-700.webp | https://postcdn.haraj.com.sa/userfiles30/2026-09-17/1350x1800_5FD91ED8-25A5-4C88-9044-D894CC4E2205.jpg-700.webp | https://postcdn.haraj.com.sa/userfiles30/2026-09-17/1350x1800_DF131FC0-0708-4A43-9F93-8924B6DE56B6.jpg-700.webp | https://postcdn.haraj.com.sa/userfiles30/2026-09-17/1350x1800_E4870940-40E1-4B90-A93B-B36A827652A5.jpg-700.webp | https://postcdn.haraj.com.sa/userfiles30/2026-09-17/1350x1800_50592752-0B73-4A62-84BC-5305765D3F6C.jpg-700.webp | https://postcdn.haraj.com.sa/userfiles30/2026-09-17/1350x1800_30A96E53-186D-400A-90D1-8D2E46B77220.jpg-700.webp | https://postcdn.haraj.com.sa/userfiles30/2026-09-17/1350x1800_AA98EC49-9467-40D2-B183-7628ACB23E2C.jpg-700.webp | https://postcdn.haraj.com.sa/userfiles30/2026-09-17/1350x1800_4C9BEE7B-04DA-4365-B19C-D225516E7CEC.jpg-700.webp | https://postcdn.haraj.com.sa/userfiles30/2026-09-17/1350x1800_29C99331-804E-4BA8-A7A1-C300C25B1AA6.jpg-700.webp | https://postcdn.haraj.com.sa/userfiles30/2026-09-17/1350x1800_A131108C-8C24-43E4-86E1-1C8187486C9C.jpg-700.webp | https://postcdn.haraj.com.sa/userfiles30/2026-09-17/1350x1800_1CB34792-CD23-49E7-986B-7DFE617638B6.jpg-700.webp | https://postcdn.haraj.com.sa/userfiles30/2026-09-17/1350x1800_8A6B1B23-6E24-4302-94B5-04BB6DE29DBA.jpg-700.webp | https://postcdn.haraj.com.sa/userfiles30/2026-09-17/1350x1800_5A104DF4-9A8D-4DFB-BB1E-D11DB68C8161.jpg-700.webp | https://postcdn.haraj.com.sa/userfiles30/2026-09-17/1350x1800_3CC90F35-6A06-47E2-91B2-BF693B0F8DA3.jpg-700.webp | https://postcdn.haraj.com.sa/userfiles30/2026-09-17/1012x1800_2914F0EE-7C66-4817-AB84-6EC8146E2023.jpg-700.webp | https://v8-cdn.haraj.com.sa/assets/images/app-store-badge.png | https://v8-cdn.haraj.com.sa/assets/images/google-play-badge.png | https://v8-cdn.haraj.com.sa/logos/huawei-badge-black.png | https://v8-cdn.haraj.com.sa/logos/deal_logo.svg | https://v8-cdn.haraj.com.sa/logos/fal_logo.png | https://v8-cdn.haraj.com.sa/logos/p-twitter.svg | https://v8-cdn.haraj.com.sa/logos/p-tik-tok.svg | https://v8-cdn.haraj.com.sa/logos/p-snapchat.svg | https://v8-cdn.haraj.com.sa/logos/p-instagram.svg | https://v8-cdn.haraj.com.sa/logos/p-facebook.svg | https://v8-cdn.haraj.com.sa/logos/p-youtube.svg,Animals
https://haraj.com.sa/en/11188731098/,11188731098,Good pregnancy | Haraj,,,%D8%A3%D9%84%D9%84%D9%87%20%D9%88%D9%83%D8%A8%D8%B1%20%D9%88%D8%A7%D9%84%D8%AD%D9%85%D8%AF%20%D9%84%D9%84%D9%87,4 min. ago,,,SAR,,,,,,,,,,,,,,,,,,,,,https://v8-cdn.haraj.com.sa/flags/uk.svg | https://postcdn.haraj.com.sa/userfiles30/2026-09-17/832x1800_5292B495-8B96-4118-A4D2-0E688300E00B.jpg-700.webp | https://postcdn.haraj.com.sa/userfiles30/2026-09-17/832x1800_5EA73609-899C-4799-96A1-349F9B1A32D1.jpg-700.webp | https://v8-cdn.haraj.com.sa/assets/images/app-store-badge.png | https://v8-cdn.haraj.com.sa/assets/images/google-play-badge.png | https://v8-cdn.haraj.com.sa/logos/huawei-badge-black.png | https://v8-cdn.haraj.com.sa/logos/deal_logo.svg | https://v8-cdn.haraj.com.sa/logos/fal_logo.png | https://v8-cdn.haraj.com.sa/logos/p-twitter.svg | https://v8-cdn.haraj.com.sa/logos/p-tik-tok.svg | https://v8-cdn.haraj.com.sa/logos/p-snapchat.svg | https://v8-cdn.haraj.com.sa/logos/p-instagram.svg | https://v8-cdn.haraj.com.sa/logos/p-facebook.svg | https://v8-cdn.haraj.com.sa/logos/p-youtube.svg,Animals
https://haraj.com.sa/en/11188731086/,11188731086,Tomorrows female camel for sale | Haraj,,,%D8%A7%D8%A8%D9%88%20%D9%85%D8%AD%D9%85%D8%AF%207825,4 min. ago,,,SAR,,,,,,,,,,,,,,,,,,,,,https://v8-cdn.haraj.com.sa/flags/uk.svg | https://postcdn.haraj.com.sa/userfiles30/2026-09-17/1179x1792_F2D1CDA1-1030-4EBA-9D6A-F920057E8207.jpg-700.webp | https://postcdn.haraj.com.sa/userfiles30/2026-09-17/1350x1800_37B05B8A-C784-44A9-A92D-7FBD6F769077.jpg-700.webp | https://postcdn.haraj.com.sa/userfiles30/2026-09-17/1350x1800_AE21D80C-D2FE-4D0C-9F48-559082A0169C.jpg-700.webp | https://v8-cdn.haraj.com.sa/logos/ncw.png | https://v8-cdn.haraj.com.sa/assets/images/app-store-badge.png | https://v8-cdn.haraj.com.sa/assets/images/google-play-badge.png | https://v8-cdn.haraj.com.sa/logos/huawei-badge-black.png | https://v8-cdn.haraj.com.sa/logos/deal_logo.svg | https://v8-cdn.haraj.com.sa/logos/fal_logo.png | https://v8-cdn.haraj.com.sa/logos/p-twitter.svg | https://v8-cdn.haraj.com.sa/logos/p-tik-tok.svg | https://v8-cdn.haraj.com.sa/logos/p-snapchat.svg | https://v8-cdn.haraj.com.sa/logos/p-instagram.svg | https://v8-cdn.haraj.com.sa/logos/p-facebook.svg | https://v8-cdn.haraj.com.sa/logos/p-youtube.svg,Animals
https://haraj.com.sa/en/11188731082/,11188731082,Two Blackberries both clean and working as guaranteed never | Haraj,,,%D8%B9%D8%B6%D9%88%2059216,4 min. ago,,,SAR,,,,,,,,,,,,,,,,,,,,,https://v8-cdn.haraj.com.sa/flags/uk.svg | https://postcdn.haraj.com.sa/userfiles30/2026-9-17/766x1024-1_-FrXKOIc9CeIDG1.jpg-700.webp | https://postcdn.haraj.com.sa/userfiles30/2026-9-17/766x1024-1_-ieEyXlnRp6stvO.jpg-700.webp | https://postcdn.haraj.com.sa/userfiles30/2026-9-17/766x1024-1_-ApaHKsZtl5ZLHT.jpg-700.webp | https://postcdn.haraj.com.sa/userfiles30/2026-9-17/766x1024-1_-CiRMClmUh65MWE.jpg-700.webp | https://postcdn.haraj.com.sa/userfiles30/2026-9-17/766x1024-1_-1Ws6HUyL6q84zU.jpg-700.webp | https://postcdn.haraj.com.sa/userfiles30/2026-9-17/766x1024-1_-Lss1yAx4G2PUnp.jpg-700.webp | https://postcdn.haraj.com.sa/userfiles30/2026-9-17/766x1024-1_-pHDa1xtzgcxkqB.jpg-700.webp | https://postcdn.haraj.com.sa/userfiles30/2026-9-17/766x1024-1_-iE7zYsZYgjc5tx.jpg-700.webp | https://postcdn.haraj.com.sa/userfiles30/2026-9-17/766x1024-1_-cMpnsJ3D6IxxoO.jpg-700.webp | https://v8-cdn.haraj.com.sa/assets/images/app-store-badge.png | https://v8-cdn.haraj.com.sa/assets/images/google-play-badge.png | https://v8-cdn.haraj.com.sa/logos/huawei-badge-black.png | https://v8-cdn.haraj.com.sa/logos/deal_logo.svg | https://v8-cdn.haraj.com.sa/logos/fal_logo.png | https://v8-cdn.haraj.com.sa/logos/p-twitter.svg | https://v8-cdn.haraj.com.sa/logos/p-tik-tok.svg | https://v8-cdn.haraj.com.sa/logos/p-snapchat.svg | https://v8-cdn.haraj.com.sa/logos/p-instagram.svg | https://v8-cdn.haraj.com.sa/logos/p-facebook.svg | https://v8-cdn.haraj.com.sa/logos/p-youtube.svg,Animals
https://haraj.com.sa/en/11188731070/,11188731070,Himalayan Flame Point Kittens for Adoption | Haraj,,,oldschoool,5 min. ago,,,SAR,,,,,,,,,,,,,,,,,,,,,https://v8-cdn.haraj.com.sa/flags/uk.svg | https://postcdn.haraj.com.sa/userfiles30/2026-09-17/1200x1600_353C866B-B518-4848-B65D-88ECCB73FA1A.jpg-700.webp | https://postcdn.haraj.com.sa/userfiles30/2026-09-17/1206x1172_D1184EEB-E320-4727-918E-D8410F99E65A.jpg-700.webp | https://postcdn.haraj.com.sa/userfiles30/2026-09-17/1200x1600_723EAE14-EEA9-470C-98D0-7347E946D8E0.jpg-700.webp | https://v8-cdn.haraj.com.sa/assets/images/app-store-badge.png | https://v8-cdn.haraj.com.sa/assets/images/google-play-badge.png | https://v8-cdn.haraj.com.sa/logos/huawei-badge-black.png | https://v8-cdn.haraj.com.sa/logos/deal_logo.svg | https://v8-cdn.haraj.com.sa/logos/fal_logo.png | https://v8-cdn.haraj.com.sa/logos/p-twitter.svg | https://v8-cdn.haraj.com.sa/logos/p-tik-tok.svg | https://v8-cdn.haraj.com.sa/logos/p-snapchat.svg | https://v8-cdn.haraj.com.sa/logos/p-instagram.svg | https://v8-cdn.haraj.com.sa/logos/p-facebook.svg | https://v8-cdn.haraj.com.sa/logos/p-youtube.svg,Animals
https://haraj.com.sa/en/11188731057/,11188731057,Dutch Cockatoo with its young | Haraj,,,%D9%87%D9%8A%D8%A7%D8%A1%20%D9%84%D8%B7%D9%8A%D9%88%D8%B1%20%D8%A7%D9%84%D8%B2%D9%8A%D9%86%D9%87,5 min. ago,,,SAR,,,,,,,,,,,,,,,,,,,,,https://v8-cdn.haraj.com.sa/flags/uk.svg | https://profilecdn.haraj.com.sa/3272335/avatar-md.webp | https://postcdn.haraj.com.sa/userfiles30/2026-09-17/1012x1800_EC9DCD1E-1540-4FE6-8FE1-FC8C887D7467.jpg-700.webp | https://postcdn.haraj.com.sa/userfiles30/2026-09-17/1012x1800_F46F7FCD-8B7A-4D30-B9ED-A369801FD1B6.jpg-700.webp | https://postcdn.haraj.com.sa/userfiles30/2026-09-17/1012x1800_196993BB-F26D-49FE-970F-1C4AB9BEBB70.jpg-700.webp | https://postcdn.haraj.com.sa/userfiles30/2026-09-17/1012x1800_A39E5BCF-0A20-4D36-8E4E-56FB06177C28.jpg-700.webp | https://postcdn.haraj.com.sa/userfiles30/2026-09-17/1012x1800_A28722F6-B5C5-4ED1-B5E9-B0A95D87B49B.jpg-700.webp | https://postcdn.haraj.com.sa/userfiles30/2026-09-17/1012x1800_EAF5CB15-C7F6-48A1-80F9-4500F0AE7072.jpg-700.webp | https://v8-cdn.haraj.com.sa/assets/images/app-store-badge.png | https://v8-cdn.haraj.com.sa/assets/images/google-play-badge.png | https://v8-cdn.haraj.com.sa/logos/huawei-badge-black.png | https://v8-cdn.haraj.com.sa/logos/deal_logo.svg | https://v8-cdn.haraj.com.sa/logos/fal_logo.png | https://v8-cdn.haraj.com.sa/logos/p-twitter.svg | https://v8-cdn.haraj.com.sa/logos/p-tik-tok.svg | https://v8-cdn.haraj.com.sa/logos/p-snapchat.svg | https://v8-cdn.haraj.com.sa/logos/p-instagram.svg | https://v8-cdn.haraj.com.sa/logos/p-facebook.svg | https://v8-cdn.haraj.com.sa/logos/p-youtube.svg,Animals
https://haraj.com.sa/en/11188731048/,11188731048,Tame female Stone Curlew | Haraj,,,123789%D8%A7%D8%B1%D9%88%D8%A7%D8%AF,5 min. ago,,,SAR,,,,,,,,,,,,,,,,,,,,,https://v8-cdn.haraj.com.sa/flags/uk.svg | https://postcdn.haraj.com.sa/userfiles30/2026-09-17/1012x1800_03D3491D-8DD1-4ECF-BD4C-FE208709494C.jpg-700.webp | https://postcdn.haraj.com.sa/userfiles30/2026-09-17/1012x1800_F79D70A5-08A6-417D-98C3-4FF4FD3DC8B5.jpg-700.webp | https://postcdn.haraj.com.sa/userfiles30/2026-09-17/1012x1800_1F657AC9-C790-444E-B44B-97B4F7ACA11E.jpg-700.webp | https://postcdn.haraj.com.sa/userfiles30/2026-09-17/1012x1800_151A62E5-9CDA-464C-8E76-C0D810778138.jpg-700.webp | https://v8-cdn.haraj.com.sa/logos/ncw.png | https://v8-cdn.haraj.com.sa/assets/images/app-store-badge.png | https://v8-cdn.haraj.com.sa/assets/images/google-play-badge.png | https://v8-cdn.haraj.com.sa/logos/huawei-badge-black.png | https://v8-cdn.haraj.com.sa/logos/deal_logo.svg | https://v8-cdn.haraj.com.sa/logos/fal_logo.png | https://v8-cdn.haraj.com.sa/logos/p-twitter.svg | https://v8-cdn.haraj.com.sa/logos/p-tik-tok.svg | https://v8-cdn.haraj.com.sa/logos/p-snapchat.svg | https://v8-cdn.haraj.com.sa/logos/p-instagram.svg | https://v8-cdn.haraj.com.sa/logos/p-facebook.svg | https://v8-cdn.haraj.com.sa/logos/p-youtube.svg,Animals
https://haraj.com.sa/en/11188731047/,11188731047,AlUla Rams Number 8 Good Ones | Haraj,,,the%20a6,5 min. ago,,,SAR,,,,,,,,,,,,,,,,,,,,,https://v8-cdn.haraj.com.sa/flags/uk.svg | https://postcdn.haraj.com.sa/userfiles30/2026-09-17/828x1800_2A6C5CA1-F559-441F-937B-3F2DDC7F5586.jpg-700.webp | https://postcdn.haraj.com.sa/userfiles30/2026-09-17/828x1800_9F27D4FE-4E3D-448B-9936-95AC2D38A184.jpg-700.webp | https://postcdn.haraj.com.sa/userfiles30/2026-09-17/828x1800_75EDFC05-918C-4504-96AA-CEB06EE55858.jpg-700.webp | https://postcdn.haraj.com.sa/userfiles30/2026-09-17/828x1800_AB9DAB5C-098A-44CD-AC54-DFB43DAFFE58.jpg-700.webp | https://v8-cdn.haraj.com.sa/assets/images/app-store-badge.png | https://v8-cdn.haraj.com.sa/assets/images/google-play-badge.png | https://v8-cdn.haraj.com.sa/logos/huawei-badge-black.png | https://v8-cdn.haraj.com.sa/logos/deal_logo.svg | https://v8-cdn.haraj.com.sa/logos/fal_logo.png | https://v8-cdn.haraj.com.sa/logos/p-twitter.svg | https://v8-cdn.haraj.com.sa/logos/p-tik-tok.svg | https://v8-cdn.haraj.com.sa/logos/p-snapchat.svg | https://v8-cdn.haraj.com.sa/logos/p-instagram.svg | https://v8-cdn.haraj.com.sa/logos/p-facebook.svg | https://v8-cdn.haraj.com.sa/logos/p-youtube.svg,Animals
https://haraj.com.sa/en/11188731041/,11188731041,Goats | Haraj,,,.%D8%A3%D8%A8%D9%88%20%D8%B3%D9%84%D9%85%D9%89,6 min. ago,,,SAR,,,,,,,,,,,,,,,,,,,,,https://v8-cdn.haraj.com.sa/flags/uk.svg | https://profilecdn.haraj.com.sa/3004984/avatar-md.webp | https://postcdn.haraj.com.sa/userfiles30/2026-09-17/828x1800_BA0B7A5B-0D25-4AC1-B3BD-BF863859E12F.jpg-700.webp | https://postcdn.haraj.com.sa/userfiles30/2026-09-17/828x1800_DC671376-4920-415C-B56D-7FDB6855A7CA.jpg-700.webp | https://postcdn.haraj.com.sa/userfiles30/2026-09-17/828x1800_8ADD3458-FB27-438F-BFF6-98842DB0F8A3.jpg-700.webp | https://postcdn.haraj.com.sa/userfiles30/2026-09-17/828x1800_B8D62204-40EB-4C21-86D9-D71152AA7A22.jpg-700.webp | https://v8-cdn.haraj.com.sa/assets/images/app-store-badge.png | https://v8-cdn.haraj.com.sa/assets/images/google-play-badge.png | https://v8-cdn.haraj.com.sa/logos/huawei-badge-black.png | https://v8-cdn.haraj.com.sa/logos/deal_logo.svg | https://v8-cdn.haraj.com.sa/logos/fal_logo.png | https://v8-cdn.haraj.com.sa/logos/p-twitter.svg | https://v8-cdn.haraj.com.sa/logos/p-tik-tok.svg | https://v8-cdn.haraj.com.sa/logos/p-snapchat.svg | https://v8-cdn.haraj.com.sa/logos/p-instagram.svg | https://v8-cdn.haraj.com.sa/logos/p-facebook.svg | https://v8-cdn.haraj.com.sa/logos/p-youtube.svg,Animals
https://haraj.com.sa/en/11188731025/,11188731025,Happy Liberties KFU | Haraj,,,%D8%B9%D8%B6%D9%88%2012%2091011,6 min. ago,,,SAR,,,,,,,,,,,,,,,,,,,,,https://v8-cdn.haraj.com.sa/flags/uk.svg | https://postcdn.haraj.com.sa/userfiles30/2026-09-17/828x1800_E9A4C0C3-7484-4784-B60A-58042359F1A8.jpg-700.webp | https://postcdn.haraj.com.sa/userfiles30/2026-09-17/828x1800_4FA72C76-332C-473B-B8BD-B2D664D86860.jpg-700.webp | https://postcdn.haraj.com.sa/userfiles30/2026-09-17/828x1800_A09339C6-F013-4D7D-ACF8-899DBF9D135D.jpg-700.webp | https://postcdn.haraj.com.sa/userfiles30/2026-09-17/828x1800_BAC90026-4C52-4551-9B9B-88E07FE29628.jpg-700.webp | https://postcdn.haraj.com.sa/userfiles30/2026-09-17/828x1800_2140AC2F-781C-4652-81A0-636FEAF9FD0E.jpg-700.webp | https://postcdn.haraj.com.sa/userfiles30/2026-09-17/828x1800_C6A08779-0C6A-4C55-B494-55A97FFD3ED6.jpg-700.webp | https://v8-cdn.haraj.com.sa/logos/ncw.png | https://v8-cdn.haraj.com.sa/assets/images/app-store-badge.png | https://v8-cdn.haraj.com.sa/assets/images/google-play-badge.png | https://v8-cdn.haraj.com.sa/logos/huawei-badge-black.png | https://v8-cdn.haraj.com.sa/logos/deal_logo.svg | https://v8-cdn.haraj.com.sa/logos/fal_logo.png | https://v8-cdn.haraj.com.sa/logos/p-twitter.svg | https://v8-cdn.haraj.com.sa/logos/p-tik-tok.svg | https://v8-cdn.haraj.com.sa/logos/p-snapchat.svg | https://v8-cdn.haraj.com.sa/logos/p-instagram.svg | https://v8-cdn.haraj.com.sa/logos/p-facebook.svg | https://v8-cdn.haraj.com.sa/logos/p-youtube.svg,Animals
https://haraj.com.sa/en/11188731009/,11188731009,Turkish Bath | Haraj,,,%D8%A7%D8%A8%D9%88%D8%AE%D8%A7%D9%84%D8%AF%20%D8%A7%D9%84%D8%B9%D8%A7%D9%84%D9%85%D9%8A%20%D9%A1,7 min. ago,,,SAR,,,,,,,,,,,,,,,,,,,,,https://v8-cdn.haraj.com.sa/flags/uk.svg | https://profilecdn.haraj.com.sa/2315545/avatar-md.webp | https://postcdn.haraj.com.sa/userfiles30/2026-09-17/832x1800_66053CD0-BA39-45C2-A6F4-B55B84E08731.jpg-700.webp | https://postcdn.haraj.com.sa/userfiles30/2026-09-17/1350x1800_1D484E44-90F8-481A-B66C-FB158DCE82BF.jpg-700.webp | https://v8-cdn.haraj.com.sa/logos/ncw.png | https://v8-cdn.haraj.com.sa/assets/images/app-store-badge.png | https://v8-cdn.haraj.com.sa/assets/images/google-play-badge.png | https://v8-cdn.haraj.com.sa/logos/huawei-badge-black.png | https://v8-cdn.haraj.com.sa/logos/deal_logo.svg | https://v8-cdn.haraj.com.sa/logos/fal_logo.png | https://v8-cdn.haraj.com.sa/logos/p-twitter.svg | https://v8-cdn.haraj.com.sa/logos/p-tik-tok.svg | https://v8-cdn.haraj.com.sa/logos/p-snapchat.svg | https://v8-cdn.haraj.com.sa/logos/p-instagram.svg | https://v8-cdn.haraj.com.sa/logos/p-facebook.svg | https://v8-cdn.haraj.com.sa/logos/p-youtube.svg,Animals
https://haraj.com.sa/en/11188730987/,11188730987,Nafie dates large quantities | Haraj,,,%D9%88%D8%A7%D8%AF%D9%8A%20%D8%A7%D9%84%D8%B9%D8%B2%D9%88%D9%85,7 min. ago,,,SAR,,,,,,,,,,,,,,,,,,,,,https://v8-cdn.haraj.com.sa/flags/uk.svg | https://profilecdn.haraj.com.sa/12406664/avatar-md.webp | https://postcdn.haraj.com.sa/userfiles30/2026-09-17/899x1599_1821AB2B-6722-4BF5-B364-9FD485F0C13D.jpg-700.webp | https://postcdn.haraj.com.sa/userfiles30/2026-09-17/899x1599_F8A578B3-724D-4E24-A324-1913C733F8CA.jpg-700.webp | https://v8-cdn.haraj.com.sa/assets/images/app-store-badge.png | https://v8-cdn.haraj.com.sa/assets/images/google-play-badge.png | https://v8-cdn.haraj.com.sa/logos/huawei-badge-black.png | https://v8-cdn.haraj.com.sa/logos/deal_logo.svg | https://v8-cdn.haraj.com.sa/logos/fal_logo.png | https://v8-cdn.haraj.com.sa/logos/p-twitter.svg | https://v8-cdn.haraj.com.sa/logos/p-tik-tok.svg | https://v8-cdn.haraj.com.sa/logos/p-snapchat.svg | https://v8-cdn.haraj.com.sa/logos/p-instagram.svg | https://v8-cdn.haraj.com.sa/logos/p-facebook.svg | https://v8-cdn.haraj.com.sa/logos/p-youtube.svg,Animals
https://haraj.com.sa/en/11188730980/,11188730980,Castrated goat for slaughter | Haraj,,,%D8%B9%D8%B6%D9%88%D8%A7%20110,8 min. ago,,,SAR,,,,,,,,,,,,,,,,,,,,,https://v8-cdn.haraj.com.sa/flags/uk.svg | https://postcdn.haraj.com.sa/userfiles30/2026-09-17/828x1792_B301016A-4823-4041-AA5A-480CB60C1D66.jpg-700.webp | https://v8-cdn.haraj.com.sa/assets/images/app-store-badge.png | https://v8-cdn.haraj.com.sa/assets/images/google-play-badge.png | https://v8-cdn.haraj.com.sa/logos/huawei-badge-black.png | https://v8-cdn.haraj.com.sa/logos/deal_logo.svg | https://v8-cdn.haraj.com.sa/logos/fal_logo.png | https://v8-cdn.haraj.com.sa/logos/p-twitter.svg | https://v8-cdn.haraj.com.sa/logos/p-tik-tok.svg | https://v8-cdn.haraj.com.sa/logos/p-snapchat.svg | https://v8-cdn.haraj.com.sa/logos/p-instagram.svg | https://v8-cdn.haraj.com.sa/logos/p-facebook.svg | https://v8-cdn.haraj.com.sa/logos/p-youtube.svg,Animals
https://haraj.com.sa/en/11188730962/,11188730962,Purebred Sheep | Haraj,,,%D8%A7%D8%A8%D9%88%20%D8%A8%D8%A7%D8%B3%D9%84%20%D9%88%D8%A8%D8%A7%D8%B3%D9%85,8 min. ago,,,SAR,,,,,,,,,,,,,,,,,,,,,https://v8-cdn.haraj.com.sa/flags/uk.svg | https://postcdn.haraj.com.sa/userfiles30/2026-09-17/900x1600-1_-GO__MTc4OTYyNDI3MjA3NzI5OTMxMzkxNg.jpg-700.webp | https://postcdn.haraj.com.sa/userfiles30/2026-09-17/900x820-1_-GO__MTc4OTYyNDI3MjM0ODQ5NDI3MDI2Mg.jpg-700.webp | https://postcdn.haraj.com.sa/userfiles30/2026-09-17/900x985-1_-GO__MTc4OTYyNDI3MjUyMDQzNDQ0NTg3MA.jpg-700.webp | https://v8-cdn.haraj.com.sa/assets/images/app-store-badge.png | https://v8-cdn.haraj.com.sa/assets/images/google-play-badge.png | https://v8-cdn.haraj.com.sa/logos/huawei-badge-black.png | https://v8-cdn.haraj.com.sa/logos/deal_logo.svg | https://v8-cdn.haraj.com.sa/logos/fal_logo.png | https://v8-cdn.haraj.com.sa/logos/p-twitter.svg | https://v8-cdn.haraj.com.sa/logos/p-tik-tok.svg | https://v8-cdn.haraj.com.sa/logos/p-snapchat.svg | https://v8-cdn.haraj.com.sa/logos/p-instagram.svg | https://v8-cdn.haraj.com.sa/logos/p-facebook.svg | https://v8-cdn.haraj.com.sa/logos/p-youtube.svg,Animals
https://haraj.com.sa/en/11188730959/,11188730959,Sheep for sale | Haraj,,,%D8%A7%D8%B3%D8%A7%D9%85%D9%87%20%D9%85%D8%B4%D9%84%D9%88%D9%8A,8 min. ago,,,SAR,,,,,,,,,,,,,,,,,,,,,https://v8-cdn.haraj.com.sa/flags/uk.svg | https://postcdn.haraj.com.sa/userfiles30/2026-09-17/1012x1800_C81A3B59-699F-4609-B866-B683727DFA99.jpg-700.webp | https://postcdn.haraj.com.sa/userfiles30/2026-09-17/1012x1800_2D637D8A-D15C-4CF8-BF16-D815FD7BC070.jpg-700.webp | https://v8-cdn.haraj.com.sa/assets/images/app-store-badge.png | https://v8-cdn.haraj.com.sa/assets/images/google-play-badge.png | https://v8-cdn.haraj.com.sa/logos/huawei-badge-black.png | https://v8-cdn.haraj.com.sa/logos/deal_logo.svg | https://v8-cdn.haraj.com.sa/logos/fal_logo.png | https://v8-cdn.haraj.com.sa/logos/p-twitter.svg | https://v8-cdn.haraj.com.sa/logos/p-tik-tok.svg | https://v8-cdn.haraj.com.sa/logos/p-snapchat.svg | https://v8-cdn.haraj.com.sa/logos/p-instagram.svg | https://v8-cdn.haraj.com.sa/logos/p-facebook.svg | https://v8-cdn.haraj.com.sa/logos/p-youtube.svg,Animals
https://haraj.com.sa/en/11188730953/,11188730953,A good goat | Haraj,,,%D8%B9%D8%B6%D9%88%2065432,8 min. ago,,,SAR,,,,,,,,,,,,,,,,,,,,,https://v8-cdn.haraj.com.sa/flags/uk.svg | https://postcdn.haraj.com.sa/userfiles30/2026-09-17/1350x1800_2E72D7B8-892C-43FD-B3AC-D97F65143A6B.jpg-700.webp | https://postcdn.haraj.com.sa/userfiles30/2026-09-17/1350x1800_23A47EB3-F74C-4001-BE1D-E26DF14C3965.jpg-700.webp | https://v8-cdn.haraj.com.sa/assets/images/app-store-badge.png | https://v8-cdn.haraj.com.sa/assets/images/google-play-badge.png | https://v8-cdn.haraj.com.sa/logos/huawei-badge-black.png | https://v8-cdn.haraj.com.sa/logos/deal_logo.svg | https://v8-cdn.haraj.com.sa/logos/fal_logo.png | https://v8-cdn.haraj.com.sa/logos/p-twitter.svg | https://v8-cdn.haraj.com.sa/logos/p-tik-tok.svg | https://v8-cdn.haraj.com.sa/logos/p-snapchat.svg | https://v8-cdn.haraj.com.sa/logos/p-instagram.svg | https://v8-cdn.haraj.com.sa/logos/p-facebook.svg | https://v8-cdn.haraj.com.sa/logos/p-youtube.svg,Animals
https://haraj.com.sa/en/11188730952/,11188730952,Conure | Haraj,,,we2222,9 min. ago,,,SAR,,,,,,,,,,,,,,,,,,,,,https://v8-cdn.haraj.com.sa/flags/uk.svg | https://profilecdn.haraj.com.sa/13250172/avatar-md.webp | https://postcdn.haraj.com.sa/userfiles30/2026-09-17/1800x1012_02B03DD8-FB74-4CED-9E27-922B2E7F1B4C.jpg-700.webp | https://postcdn.haraj.com.sa/userfiles30/2026-09-17/1012x1800_6B96C454-9C52-4133-B3E3-9DD9AB196B42.jpg-700.webp | https://postcdn.haraj.com.sa/userfiles30/2026-09-17/1012x1800_8034B2A9-0B6D-4EF6-BB1B-BB84587ACA32.jpg-700.webp | https://postcdn.haraj.com.sa/userfiles30/2026-09-17/1012x1800_2B77E3AD-86CA-40D7-B1DA-358943A3BCD1.jpg-700.webp | https://v8-cdn.haraj.com.sa/assets/images/app-store-badge.png | https://v8-cdn.haraj.com.sa/assets/images/google-play-badge.png | https://v8-cdn.haraj.com.sa/logos/huawei-badge-black.png | https://v8-cdn.haraj.com.sa/logos/deal_logo.svg | https://v8-cdn.haraj.com.sa/logos/fal_logo.png | https://v8-cdn.haraj.com.sa/logos/p-twitter.svg | https://v8-cdn.haraj.com.sa/logos/p-tik-tok.svg | https://v8-cdn.haraj.com.sa/logos/p-snapchat.svg | https://v8-cdn.haraj.com.sa/logos/p-instagram.svg | https://v8-cdn.haraj.com.sa/logos/p-facebook.svg | https://v8-cdn.haraj.com.sa/logos/p-youtube.svg,Animals
https://haraj.com.sa/en/11188730947/,11188730947,Rooster for sale | Haraj,,,m%20..98,9 min. ago,,,SAR,,,,,,,,,,,,,,,,,,,,,https://v8-cdn.haraj.com.sa/flags/uk.svg | https://profilecdn.haraj.com.sa/22381287/avatar-md.webp | https://postcdn.haraj.com.sa/userfiles30/2026-9-17/768x1024-1_-GAIBwaIsYNIV8t.jpg-700.webp | https://v8-cdn.haraj.com.sa/assets/images/app-store-badge.png | https://v8-cdn.haraj.com.sa/assets/images/google-play-badge.png | https://v8-cdn.haraj.com.sa/logos/huawei-badge-black.png | https://v8-cdn.haraj.com.sa/logos/deal_logo.svg | https://v8-cdn.haraj.com.sa/logos/fal_logo.png | https://v8-cdn.haraj.com.sa/logos/p-twitter.svg | https://v8-cdn.haraj.com.sa/logos/p-tik-tok.svg | https://v8-cdn.haraj.com.sa/logos/p-snapchat.svg | https://v8-cdn.haraj.com.sa/logos/p-instagram.svg | https://v8-cdn.haraj.com.sa/logos/p-facebook.svg | https://v8-cdn.haraj.com.sa/logos/p-youtube.svg,Animals
https://haraj.com.sa/en/11188730935/,11188730935,Rabbits and Wibran | Haraj,,,mohamad1441,9 min. ago,,,SAR,,,,,,,,,,,,,,,,,,,,,https://v8-cdn.haraj.com.sa/flags/uk.svg | https://postcdn.haraj.com.sa/userfiles30/2026-09-17/710x532-1_-GO__MTc4OTYyNDExMTY5NzkzMzU5NTcw.jpg-700.webp | https://v8-cdn.haraj.com.sa/assets/images/app-store-badge.png | https://v8-cdn.haraj.com.sa/assets/images/google-play-badge.png | https://v8-cdn.haraj.com.sa/logos/huawei-badge-black.png | https://v8-cdn.haraj.com.sa/logos/deal_logo.svg | https://v8-cdn.haraj.com.sa/logos/fal_logo.png | https://v8-cdn.haraj.com.sa/logos/p-twitter.svg | https://v8-cdn.haraj.com.sa/logos/p-tik-tok.svg | https://v8-cdn.haraj.com.sa/logos/p-snapchat.svg | https://v8-cdn.haraj.com.sa/logos/p-instagram.svg | https://v8-cdn.haraj.com.sa/logos/p-facebook.svg | https://v8-cdn.haraj.com.sa/logos/p-youtube.svg,Animals
https://haraj.com.sa/en/11188730903/,11188730903,Najdi ram locked | Haraj,,,%D8%A3%D9%86%D8%A7%20%D8%B9%D9%86%D8%AF%D9%8A%20%D9%81%D9%83%D8%B1%D8%A9,10 min. ago,,,SAR,,,,,,,,,,,,,,,,,,,,,https://v8-cdn.haraj.com.sa/flags/uk.svg | https://postcdn.haraj.com.sa/userfiles30/2026-09-17/1012x1800_7FF5E0E9-A5DB-4BD2-A03C-C4296E621132.jpg-700.webp | https://postcdn.haraj.com.sa/userfiles30/2026-09-17/1012x1800_C2AF1AE3-EDEF-4888-A102-87AE3889D714.jpg-700.webp | https://postcdn.haraj.com.sa/userfiles30/2026-09-17/1012x1800_50549C74-C93D-49CC-A7E9-497D2269322C.jpg-700.webp | https://v8-cdn.haraj.com.sa/assets/images/app-store-badge.png | https://v8-cdn.haraj.com.sa/assets/images/google-play-badge.png | https://v8-cdn.haraj.com.sa/logos/huawei-badge-black.png | https://v8-cdn.haraj.com.sa/logos/deal_logo.svg | https://v8-cdn.haraj.com.sa/logos/fal_logo.png | https://v8-cdn.haraj.com.sa/logos/p-twitter.svg | https://v8-cdn.haraj.com.sa/logos/p-tik-tok.svg | https://v8-cdn.haraj.com.sa/logos/p-snapchat.svg | https://v8-cdn.haraj.com.sa/logos/p-instagram.svg | https://v8-cdn.haraj.com.sa/logos/p-facebook.svg | https://v8-cdn.haraj.com.sa/logos/p-youtube.svg,Animals
https://haraj.com.sa/en/11188730894/,11188730894,Cypriot Goat | Haraj,,,abo_hamoud515,10 min. ago,,,SAR,,,,,,,,,,,,,,,,,,,,,https://v8-cdn.haraj.com.sa/flags/uk.svg | https://profilecdn.haraj.com.sa/24344344/avatar-md.webp | https://postcdn.haraj.com.sa/userfiles30/2026-09-17/1012x1800_34DEBC0F-B83C-46FF-90D0-BB7C49F90DD7.jpg-700.webp | https://postcdn.haraj.com.sa/userfiles30/2026-09-17/1012x1800_5353772B-6209-4D33-B4A5-A9568CD4C80A.jpg-700.webp | https://postcdn.haraj.com.sa/userfiles30/2026-09-17/1012x1800_0DFDDEF7-6708-4DC9-A63C-B3EBC1AC1ED6.jpg-700.webp | https://postcdn.haraj.com.sa/userfiles30/2026-09-17/1012x1800_C9D34234-E4E5-41A8-B8F6-0164713B12CB.jpg-700.webp | https://v8-cdn.haraj.com.sa/assets/images/app-store-badge.png | https://v8-cdn.haraj.com.sa/assets/images/google-play-badge.png | https://v8-cdn.haraj.com.sa/logos/huawei-badge-black.png | https://v8-cdn.haraj.com.sa/logos/deal_logo.svg | https://v8-cdn.haraj.com.sa/logos/fal_logo.png | https://v8-cdn.haraj.com.sa/logos/p-twitter.svg | https://v8-cdn.haraj.com.sa/logos/p-tik-tok.svg | https://v8-cdn.haraj.com.sa/logos/p-snapchat.svg | https://v8-cdn.haraj.com.sa/logos/p-instagram.svg | https://v8-cdn.haraj.com.sa/logos/p-facebook.svg | https://v8-cdn.haraj.com.sa/logos/p-youtube.svg,Animals
https://haraj.com.sa/en/11188730888/,11188730888,Rose Pet | Haraj,,,%D8%B9%D8%A7%D9%84%D9%85%20%D8%A7%D9%84%D8%AD%D9%8A%D9%88%D8%A7%D9%86%D8%A7%D8%AA%20%D8%A7%D9%84%D8%A3%D9%88%D9%84,11 min. ago,,,SAR,,,,,,,,,,,,,,,,,,,,,https://v8-cdn.haraj.com.sa/flags/uk.svg | https://profilecdn.haraj.com.sa/22587823/avatar-md.webp | https://postcdn.haraj.com.sa/userfiles30/2026-09-17/1350x1800_F9D1463F-552B-4431-92E0-57AFB11059FA.jpg-700.webp | https://postcdn.haraj.com.sa/userfiles30/2026-09-17/1350x1800_01490BA3-50AD-4A3D-823A-CEBC81750DD2.jpg-700.webp | https://postcdn.haraj.com.sa/userfiles30/2026-09-17/1350x1800_F104B5C8-0D25-48B2-8B9E-4A3AA1099825.jpg-700.webp | https://postcdn.haraj.com.sa/userfiles30/2026-09-17/1350x1800_28B07AF2-CD9D-4856-AD63-70B162C67EAE.jpg-700.webp | https://postcdn.haraj.com.sa/userfiles30/2026-09-17/1350x1800_831250C1-7C2C-4CCA-A819-4291B1D21122.jpg-700.webp | https://postcdn.haraj.com.sa/userfiles30/2026-09-17/1350x1800_5479FA3C-41EE-4B34-B999-7660DD5E98EB.jpg-700.webp | https://postcdn.haraj.com.sa/userfiles30/2026-09-17/1350x1800_190C75EB-7D41-4AFF-A275-F76A23E297F8.jpg-700.webp | https://postcdn.haraj.com.sa/userfiles30/2026-09-17/1350x1800_57CCD020-B5A9-4896-A993-450687D4DAAF.jpg-700.webp | https://postcdn.haraj.com.sa/userfiles30/2026-09-17/1350x1800_8208FBE2-38F8-42B5-AF5F-C45167F0B8D7.jpg-700.webp | https://postcdn.haraj.com.sa/userfiles30/2026-09-17/1350x1800_20F4EA26-E8A7-4866-AB51-113A99303C10.jpg-700.webp | https://v8-cdn.haraj.com.sa/assets/images/app-store-badge.png | https://v8-cdn.haraj.com.sa/assets/images/google-play-badge.png | https://v8-cdn.haraj.com.sa/logos/huawei-badge-black.png | https://v8-cdn.haraj.com.sa/logos/deal_logo.svg | https://v8-cdn.haraj.com.sa/logos/fal_logo.png | https://v8-cdn.haraj.com.sa/logos/p-twitter.svg | https://v8-cdn.haraj.com.sa/logos/p-tik-tok.svg | https://v8-cdn.haraj.com.sa/logos/p-snapchat.svg | https://v8-cdn.haraj.com.sa/logos/p-instagram.svg | https://v8-cdn.haraj.com.sa/logos/p-facebook.svg | https://v8-cdn.haraj.com.sa/logos/p-youtube.svg,Animals
https://haraj.com.sa/en/11188730881/,11188730881,Purebred Camel | Haraj,,,asdfg79,11 min. ago,,,SAR,,,,,,,,,,,,,,,,,,,,,https://v8-cdn.haraj.com.sa/flags/uk.svg | https://v8-cdn.haraj.com.sa/assets/images/app-store-badge.png | https://v8-cdn.haraj.com.sa/assets/images/google-play-badge.png | https://v8-cdn.haraj.com.sa/logos/huawei-badge-black.png | https://v8-cdn.haraj.com.sa/logos/deal_logo.svg | https://v8-cdn.haraj.com.sa/logos/fal_logo.png | https://v8-cdn.haraj.com.sa/logos/p-twitter.svg | https://v8-cdn.haraj.com.sa/logos/p-tik-tok.svg | https://v8-cdn.haraj.com.sa/logos/p-snapchat.svg | https://v8-cdn.haraj.com.sa/logos/p-instagram.svg | https://v8-cdn.haraj.com.sa/logos/p-facebook.svg | https://v8-cdn.haraj.com.sa/logos/p-youtube.svg,Animals
https://haraj.com.sa/en/11188731220/,11188731220,جهاز مجهر لجراحة الاسنان | Haraj,,,khaled.0%200,,,,SAR,,,,,,,,,,,,,,,,,,,,,https://v8-cdn.haraj.com.sa/flags/uk.svg | https://postcdn.haraj.com.sa/userfiles30/2026-09-17/700x700_E3CFE884-3639-41BE-BE05-50F41DA59AA5.jpg-700.webp | https://postcdn.haraj.com.sa/userfiles30/2026-09-17/591x1280_67BF55BE-55C8-42BE-81A9-AD6F750EC70D.jpg-700.webp | https://postcdn.haraj.com.sa/userfiles30/2026-09-17/720x1280_BDE18F39-8370-453A-A7DD-D0269D338D18.jpg-700.webp | https://postcdn.haraj.com.sa/userfiles30/2026-09-17/720x1280_390C06CA-1594-4D7C-9815-94404F891CB8.jpg-700.webp | https://postcdn.haraj.com.sa/userfiles30/2026-09-17/720x1280_B26380F7-C8F7-4E11-97BA-BBBD56EC0B69.jpg-700.webp | https://postcdn.haraj.com.sa/userfiles30/2026-09-17/720x1280_678B468C-F4D1-4B6A-88E7-36AEF172BFFC.jpg-700.webp | https://v8-cdn.haraj.com.sa/logos/redbox.png | https://v8-cdn.haraj.com.sa/assets/images/app-store-badge.png | https://v8-cdn.haraj.com.sa/assets/images/google-play-badge.png | https://v8-cdn.haraj.com.sa/logos/huawei-badge-black.png | https://v8-cdn.haraj.com.sa/logos/deal_logo.svg | https://v8-cdn.haraj.com.sa/logos/fal_logo.png | https://v8-cdn.haraj.com.sa/logos/p-twitter.svg | https://v8-cdn.haraj.com.sa/logos/p-tik-tok.svg | https://v8-cdn.haraj.com.sa/logos/p-snapchat.svg | https://v8-cdn.haraj.com.sa/logos/p-instagram.svg | https://v8-cdn.haraj.com.sa/logos/p-facebook.svg | https://v8-cdn.haraj.com.sa/logos/p-youtube.svg,Fashion
https://haraj.com.sa/en/11188731147/,11188731147,Shine with a brilliance beyond imagination on the day of pri | Haraj,,,113322aa,3 min. ago,,,SAR,,,,,,,,,,,,,,,,,,,,,https://v8-cdn.haraj.com.sa/flags/uk.svg | https://postcdn.haraj.com.sa/userfiles30/2026-09-17/704x1530_8F3D20DE-F53E-41E9-95C5-663E3D602947.jpg-700.webp | https://v8-cdn.haraj.com.sa/logos/waffy.png | https://v8-cdn.haraj.com.sa/assets/images/app-store-badge.png | https://v8-cdn.haraj.com.sa/assets/images/google-play-badge.png | https://v8-cdn.haraj.com.sa/logos/huawei-badge-black.png | https://v8-cdn.haraj.com.sa/logos/deal_logo.svg | https://v8-cdn.haraj.com.sa/logos/fal_logo.png | https://v8-cdn.haraj.com.sa/logos/p-twitter.svg | https://v8-cdn.haraj.com.sa/logos/p-tik-tok.svg | https://v8-cdn.haraj.com.sa/logos/p-snapchat.svg | https://v8-cdn.haraj.com.sa/logos/p-instagram.svg | https://v8-cdn.haraj.com.sa/logos/p-facebook.svg | https://v8-cdn.haraj.com.sa/logos/p-youtube.svg,Fashion
https://haraj.com.sa/en/11188731076/,11188731076,Dress | Haraj,,,%D8%B9%D8%B6%D9%88%2014%2080111,6 min. ago,,,SAR,,,,,,,,,,,,,,,,,,,,,https://v8-cdn.haraj.com.sa/flags/uk.svg | https://postcdn.haraj.com.sa/userfiles30/2026-09-17/828x1104_2FE7A013-9DFA-4F7E-BD93-C57EA2A1496E.jpg-700.webp | https://postcdn.haraj.com.sa/userfiles30/2026-09-17/828x1104_784B65D4-1450-482B-B38B-245BB2CDD007.jpg-700.webp | https://postcdn.haraj.com.sa/userfiles30/2026-09-17/828x1104_06CE9C60-9CBB-4AAD-906E-7F07F7B3C787.jpg-700.webp | https://postcdn.haraj.com.sa/userfiles30/2026-09-17/1013x1800_81487A2C-3F70-4BA1-82AD-CF0E98803A9F.jpg-700.webp | https://postcdn.haraj.com.sa/userfiles30/2026-09-17/878x1560_F925452D-49A9-4FA6-A5B4-1AE66516F5E9.jpg-700.webp | https://v8-cdn.haraj.com.sa/logos/redbox.png | https://v8-cdn.haraj.com.sa/assets/images/app-store-badge.png | https://v8-cdn.haraj.com.sa/assets/images/google-play-badge.png | https://v8-cdn.haraj.com.sa/logos/huawei-badge-black.png | https://v8-cdn.haraj.com.sa/logos/deal_logo.svg | https://v8-cdn.haraj.com.sa/logos/fal_logo.png | https://v8-cdn.haraj.com.sa/logos/p-twitter.svg | https://v8-cdn.haraj.com.sa/logos/p-tik-tok.svg | https://v8-cdn.haraj.com.sa/logos/p-snapchat.svg | https://v8-cdn.haraj.com.sa/logos/p-instagram.svg | https://v8-cdn.haraj.com.sa/logos/p-facebook.svg | https://v8-cdn.haraj.com.sa/logos/p-youtube.svg,Fashion
https://haraj.com.sa/en/11188731012/,11188731012,Any bag for 45 delivery to all regions | Haraj,,,%D8%B1%D9%8A%D9%85%20%D9%85%D8%AD%D9%85%D8%AF%2020,7 min. ago,,,SAR,,,,,,,,,,,,,,,,,,,,,https://v8-cdn.haraj.com.sa/flags/uk.svg | https://profilecdn.haraj.com.sa/19497097/avatar-md.webp | https://postcdn.haraj.com.sa/userfiles30/2026-09-17/1290x1523_B0B63DF3-DB40-4DB2-AB29-6392A7B1FE29.jpg-700.webp | https://postcdn.haraj.com.sa/userfiles30/2026-09-17/1290x1648_83BB5603-C2C1-4A8D-BC16-E6CB3A6B6B21.jpg-700.webp | https://postcdn.haraj.com.sa/userfiles30/2026-09-17/1290x1401_DBFCB5CB-3AFF-4F79-B550-E8369DB8D680.jpg-700.webp | https://postcdn.haraj.com.sa/userfiles30/2026-09-17/1290x1577_BF055ADC-0692-484E-84DF-7038ECE115E2.jpg-700.webp | https://postcdn.haraj.com.sa/userfiles30/2026-09-17/1099x1363_31937983-EB9E-4A61-8285-4C433D39FD68.jpg-700.webp | https://postcdn.haraj.com.sa/userfiles30/2026-09-17/1290x1493_93977A6A-2662-4ABC-9DAA-DEE1E4877FE9.jpg-700.webp | https://v8-cdn.haraj.com.sa/logos/redbox.png | https://v8-cdn.haraj.com.sa/assets/images/app-store-badge.png | https://v8-cdn.haraj.com.sa/assets/images/google-play-badge.png | https://v8-cdn.haraj.com.sa/logos/huawei-badge-black.png | https://v8-cdn.haraj.com.sa/logos/deal_logo.svg | https://v8-cdn.haraj.com.sa/logos/fal_logo.png | https://v8-cdn.haraj.com.sa/logos/p-twitter.svg | https://v8-cdn.haraj.com.sa/logos/p-tik-tok.svg | https://v8-cdn.haraj.com.sa/logos/p-snapchat.svg | https://v8-cdn.haraj.com.sa/logos/p-instagram.svg | https://v8-cdn.haraj.com.sa/logos/p-facebook.svg | https://v8-cdn.haraj.com.sa/logos/p-youtube.svg,Fashion
https://haraj.com.sa/en/11188730996/,11188730996,Charcoal for incense without an unpleasant odor | Haraj,,,%D8%B2%D9%83%D8%A7%D8%A1%20%D9%84%D9%84%D8%B9%D9%88%D8%AF,8 min. ago,,,SAR,,,,,,,,,,,,,,,,,,,,,https://v8-cdn.haraj.com.sa/flags/uk.svg | https://profilecdn.haraj.com.sa/22094/avatar-md.webp | https://postcdn.haraj.com.sa/userfiles30/2026-09-17/1254x1254_D39B5FEF-036C-4F4D-96B1-E86DD731D062.jpg-700.webp | https://postcdn.haraj.com.sa/userfiles30/2026-09-17/1200x1200_EE0F97DD-23E7-4C8D-AC1F-BBC93FE86C97.jpg-700.webp | https://v8-cdn.haraj.com.sa/logos/redbox.png | https://v8-cdn.haraj.com.sa/assets/images/app-store-badge.png | https://v8-cdn.haraj.com.sa/assets/images/google-play-badge.png | https://v8-cdn.haraj.com.sa/logos/huawei-badge-black.png | https://v8-cdn.haraj.com.sa/logos/deal_logo.svg | https://v8-cdn.haraj.com.sa/logos/fal_logo.png | https://v8-cdn.haraj.com.sa/logos/p-twitter.svg | https://v8-cdn.haraj.com.sa/logos/p-tik-tok.svg | https://v8-cdn.haraj.com.sa/logos/p-snapchat.svg | https://v8-cdn.haraj.com.sa/logos/p-instagram.svg | https://v8-cdn.haraj.com.sa/logos/p-facebook.svg | https://v8-cdn.haraj.com.sa/logos/p-youtube.svg,Fashion
https://haraj.com.sa/en/11188730979/,11188730979,Original Tods Bag | Haraj,,,almomyzah,8 min. ago,,,SAR,,,,,,,,,,,,,,,,,,,,,https://v8-cdn.haraj.com.sa/flags/uk.svg | https://postcdn.haraj.com.sa/userfiles30/2026-09-17/1350x1800_56556EB1-A9BE-4E78-BA5B-A1D509F01CCF_live.jpg-700.webp | https://postcdn.haraj.com.sa/userfiles30/2026-09-17/1350x1800_AB6DB7F0-E094-453B-9C1C-315A53907D24_live.jpg-700.webp | https://postcdn.haraj.com.sa/userfiles30/2026-09-17/1350x1800_41ED690A-63C8-48A9-85AB-F83064C2C2DA_live.jpg-700.webp | https://postcdn.haraj.com.sa/userfiles30/2026-09-17/1350x1800_2FE3BE68-5745-4FB6-9540-3BB96130A82B_live.jpg-700.webp | https://postcdn.haraj.com.sa/userfiles30/2026-09-17/1350x1800_B99F1598-3D96-44BB-A507-9DBE4239147E_live.jpg-700.webp | https://v8-cdn.haraj.com.sa/logos/waffy.png | https://v8-cdn.haraj.com.sa/assets/images/app-store-badge.png | https://v8-cdn.haraj.com.sa/assets/images/google-play-badge.png | https://v8-cdn.haraj.com.sa/logos/huawei-badge-black.png | https://v8-cdn.haraj.com.sa/logos/deal_logo.svg | https://v8-cdn.haraj.com.sa/logos/fal_logo.png | https://v8-cdn.haraj.com.sa/logos/p-twitter.svg | https://v8-cdn.haraj.com.sa/logos/p-tik-tok.svg | https://v8-cdn.haraj.com.sa/logos/p-snapchat.svg | https://v8-cdn.haraj.com.sa/logos/p-instagram.svg | https://v8-cdn.haraj.com.sa/logos/p-facebook.svg | https://v8-cdn.haraj.com.sa/logos/p-youtube.svg,Fashion
https://haraj.com.sa/en/11188730932/,11188730932,Treadmill | Haraj,,,yyy7707,10 min. ago,,,SAR,,,,,,,,,,,,,,,,,,,,,https://v8-cdn.haraj.com.sa/flags/uk.svg | https://postcdn.haraj.com.sa/userfiles30/2026-09-17/1012x1800_213D20D2-D95F-44C6-830A-17CBD8F6BA05.jpg-700.webp | https://postcdn.haraj.com.sa/userfiles30/2026-09-17/1012x1800_DEB4DC57-2B8F-45AC-AB83-AC7FF460572C.jpg-700.webp | https://postcdn.haraj.com.sa/userfiles30/2026-09-17/1012x1800_EE6834EA-7C9A-4E03-90EF-D6A00EAB69FD.jpg-700.webp | https://postcdn.haraj.com.sa/userfiles30/2026-09-17/1012x1800_9A040B99-B450-4788-91D3-273D822F62AE.jpg-700.webp | https://v8-cdn.haraj.com.sa/logos/redbox.png | https://v8-cdn.haraj.com.sa/assets/images/app-store-badge.png | https://v8-cdn.haraj.com.sa/assets/images/google-play-badge.png | https://v8-cdn.haraj.com.sa/logos/huawei-badge-black.png | https://v8-cdn.haraj.com.sa/logos/deal_logo.svg | https://v8-cdn.haraj.com.sa/logos/fal_logo.png | https://v8-cdn.haraj.com.sa/logos/p-twitter.svg | https://v8-cdn.haraj.com.sa/logos/p-tik-tok.svg | https://v8-cdn.haraj.com.sa/logos/p-snapchat.svg | https://v8-cdn.haraj.com.sa/logos/p-instagram.svg | https://v8-cdn.haraj.com.sa/logos/p-facebook.svg | https://v8-cdn.haraj.com.sa/logos/p-youtube.svg,Fashion
https://haraj.com.sa/en/11188730883/,11188730883,Jeddah North Obhur Al Sawari District | Haraj,,,%D8%B9%D8%B6%D9%88%2097%2012360,11 min. ago,,,SAR,,,,,,,,,,,,,,,,,,,,,https://v8-cdn.haraj.com.sa/flags/uk.svg | https://postcdn.haraj.com.sa/userfiles30/2026-09-17/828x1792-1_-GO__MTc4OTYyNDA3OTExODE2MjUwODEzNg.jpg-700.webp | https://v8-cdn.haraj.com.sa/logos/waffy.png | https://v8-cdn.haraj.com.sa/assets/images/app-store-badge.png | https://v8-cdn.haraj.com.sa/assets/images/google-play-badge.png | https://v8-cdn.haraj.com.sa/logos/huawei-badge-black.png | https://v8-cdn.haraj.com.sa/logos/deal_logo.svg | https://v8-cdn.haraj.com.sa/logos/fal_logo.png | https://v8-cdn.haraj.com.sa/logos/p-twitter.svg | https://v8-cdn.haraj.com.sa/logos/p-tik-tok.svg | https://v8-cdn.haraj.com.sa/logos/p-snapchat.svg | https://v8-cdn.haraj.com.sa/logos/p-instagram.svg | https://v8-cdn.haraj.com.sa/logos/p-facebook.svg | https://v8-cdn.haraj.com.sa/logos/p-youtube.svg,Fashion
https://haraj.com.sa/en/11188730857/,11188730857,rado coupole classic automatic | Haraj,,,janan47,12 min. ago,,,SAR,,,,,,,,,,,,,,,,,,,,,https://v8-cdn.haraj.com.sa/flags/uk.svg | https://postcdn.haraj.com.sa/userfiles30/2026-09-17/1350x1800_F71C78E6-3540-4231-B6FB-F4ECBD0BF25B.jpg-700.webp | https://postcdn.haraj.com.sa/userfiles30/2026-09-17/1350x1800_D190E2EE-4654-4AFC-8D72-D23E7EC3986D.jpg-700.webp | https://postcdn.haraj.com.sa/userfiles30/2026-09-17/1350x1800_BE8F72EE-5467-4D39-BDFF-C763582A94E0.jpg-700.webp | https://postcdn.haraj.com.sa/userfiles30/2026-09-17/1350x1800_97572FBE-FF08-4C5C-BDB4-854A929C8A7D.jpg-700.webp | https://v8-cdn.haraj.com.sa/logos/waffy.png | https://v8-cdn.haraj.com.sa/assets/images/app-store-badge.png | https://v8-cdn.haraj.com.sa/assets/images/google-play-badge.png | https://v8-cdn.haraj.com.sa/logos/huawei-badge-black.png | https://v8-cdn.haraj.com.sa/logos/deal_logo.svg | https://v8-cdn.haraj.com.sa/logos/fal_logo.png | https://v8-cdn.haraj.com.sa/logos/p-twitter.svg | https://v8-cdn.haraj.com.sa/logos/p-tik-tok.svg | https://v8-cdn.haraj.com.sa/logos/p-snapchat.svg | https://v8-cdn.haraj.com.sa/logos/p-instagram.svg | https://v8-cdn.haraj.com.sa/logos/p-facebook.svg | https://v8-cdn.haraj.com.sa/logos/p-youtube.svg,Fashion
https://haraj.com.sa/en/11188730837/,11188730837,Elderly and disabled walker mobile walker with seat and brak | Haraj,,,%D8%A7%D8%A8%D9%88%20%D8%B9%D8%A8%D8%AF%D8%A7%D9%84%D9%84%D9%874221,13 min. ago,,,SAR,,,,,,,,,,,,,,,,,,,,,https://v8-cdn.haraj.com.sa/flags/uk.svg | https://postcdn.haraj.com.sa/userfiles30/2026-09-15/900x1200-1_-GO__MTc4OTQ5ODI0NzMwNDE4NjgzNzM2NQ.jpg-700.webp | https://postcdn.haraj.com.sa/userfiles30/2026-09-15/900x1200-1_-GO__MTc4OTQ5ODI0NzQxMzIyMTQ2NDgzMw.jpg-700.webp | https://postcdn.haraj.com.sa/userfiles30/2026-09-15/900x1200-1_-GO__MTc4OTQ5ODI0NzUyODY2MTMzNjg5Ng.jpg-700.webp | https://v8-cdn.haraj.com.sa/logos/waffy.png | https://v8-cdn.haraj.com.sa/assets/images/app-store-badge.png | https://v8-cdn.haraj.com.sa/assets/images/google-play-badge.png | https://v8-cdn.haraj.com.sa/logos/huawei-badge-black.png | https://v8-cdn.haraj.com.sa/logos/deal_logo.svg | https://v8-cdn.haraj.com.sa/logos/fal_logo.png | https://v8-cdn.haraj.com.sa/logos/p-twitter.svg | https://v8-cdn.haraj.com.sa/logos/p-tik-tok.svg | https://v8-cdn.haraj.com.sa/logos/p-snapchat.svg | https://v8-cdn.haraj.com.sa/logos/p-instagram.svg | https://v8-cdn.haraj.com.sa/logos/p-facebook.svg | https://v8-cdn.haraj.com.sa/logos/p-youtube.svg,Fashion
https://haraj.com.sa/en/11188730801/,11188730801,Furlan Marri Meteorite Watch | Haraj,,,m15%20134,14 min. ago,,,SAR,,,,,,,,,,,,,,,,,,,,,https://v8-cdn.haraj.com.sa/flags/uk.svg | https://postcdn.haraj.com.sa/userfiles30/2026-09-17/1023x1268_ABD88F0B-8DCC-4A03-966E-09087A345FF7.jpg-700.webp | https://postcdn.haraj.com.sa/userfiles30/2026-09-17/1128x1478_62AB87C8-467A-422C-969C-960926A0359B.jpg-700.webp | https://postcdn.haraj.com.sa/userfiles30/2026-09-17/1134x1434_4397F03D-31AE-4427-9316-1A7FAB75765D.jpg-700.webp | https://v8-cdn.haraj.com.sa/logos/waffy.png | https://v8-cdn.haraj.com.sa/assets/images/app-store-badge.png | https://v8-cdn.haraj.com.sa/assets/images/google-play-badge.png | https://v8-cdn.haraj.com.sa/logos/huawei-badge-black.png | https://v8-cdn.haraj.com.sa/logos/deal_logo.svg | https://v8-cdn.haraj.com.sa/logos/fal_logo.png | https://v8-cdn.haraj.com.sa/logos/p-twitter.svg | https://v8-cdn.haraj.com.sa/logos/p-tik-tok.svg | https://v8-cdn.haraj.com.sa/logos/p-snapchat.svg | https://v8-cdn.haraj.com.sa/logos/p-instagram.svg | https://v8-cdn.haraj.com.sa/logos/p-facebook.svg | https://v8-cdn.haraj.com.sa/logos/p-youtube.svg,Fashion
https://haraj.com.sa/en/11188730746/,11188730746,Travel Bag | Haraj,,,saad%20_1996,16 min. ago,,,SAR,,,,,,,,,,,,,,,,,,,,,https://v8-cdn.haraj.com.sa/flags/uk.svg | https://profilecdn.haraj.com.sa/22533557/avatar-md.webp | https://postcdn.haraj.com.sa/userfiles30/2026-09-17/1012x1800_B230E16D-A1C2-4B9B-8663-E9AC112FBF83.jpg-700.webp | https://postcdn.haraj.com.sa/userfiles30/2026-09-17/1012x1800_A48600D1-5198-4046-9820-0231040BDC9D.jpg-700.webp | https://postcdn.haraj.com.sa/userfiles30/2026-09-17/1012x1800_9359DC72-3206-4854-AADA-D5215C2462F1.jpg-700.webp | https://postcdn.haraj.com.sa/userfiles30/2026-09-17/1012x1800_6A5A4750-C657-4FAF-986A-ED76996A8359.jpg-700.webp | https://postcdn.haraj.com.sa/userfiles30/2026-09-17/1012x1800_DC90011A-6AA6-4514-93D5-4E90BC32AAA3.jpg-700.webp | https://postcdn.haraj.com.sa/userfiles30/2026-09-17/1012x1800_9B02D7E5-84DC-4003-B777-5DE07A3CA97D.jpg-700.webp | https://postcdn.haraj.com.sa/userfiles30/2026-09-17/1012x1800_40239ADD-EC27-4FF4-B1B4-208CDCBDE9A7.jpg-700.webp | https://postcdn.haraj.com.sa/userfiles30/2026-09-17/1012x1800_AFCF8EA4-178C-420A-A595-46E3F49271C2.jpg-700.webp | https://postcdn.haraj.com.sa/userfiles30/2026-09-17/1012x1800_FF169DB3-C6D4-4308-AF69-F5F5C508360F.jpg-700.webp | https://postcdn.haraj.com.sa/userfiles30/2026-09-17/1012x1800_F886995A-AE2C-4A6E-8E1A-3A0D23C3F6A4.jpg-700.webp | https://postcdn.haraj.com.sa/userfiles30/2026-09-17/1012x1800_5495C463-1A79-4337-A6D2-04897CF86F6D.jpg-700.webp | https://v8-cdn.haraj.com.sa/logos/redbox.png | https://v8-cdn.haraj.com.sa/assets/images/app-store-badge.png | https://v8-cdn.haraj.com.sa/assets/images/google-play-badge.png | https://v8-cdn.haraj.com.sa/logos/huawei-badge-black.png | https://v8-cdn.haraj.com.sa/logos/deal_logo.svg | https://v8-cdn.haraj.com.sa/logos/fal_logo.png | https://v8-cdn.haraj.com.sa/logos/p-twitter.svg | https://v8-cdn.haraj.com.sa/logos/p-tik-tok.svg | https://v8-cdn.haraj.com.sa/logos/p-snapchat.svg | https://v8-cdn.haraj.com.sa/logos/p-instagram.svg | https://v8-cdn.haraj.com.sa/logos/p-facebook.svg | https://v8-cdn.haraj.com.sa/logos/p-youtube.svg,Fashion
https://haraj.com.sa/en/11188730641/,11188730641,Broken treadmill for sale | Haraj,,,%D8%A7%D9%84%D9%85%D9%82%D8%A7%D8%B7%D9%8A%D9%8A,19 min. ago,,,SAR,,,,,,,,,,,,,,,,,,,,,https://v8-cdn.haraj.com.sa/flags/uk.svg | https://postcdn.haraj.com.sa/userfiles30/2026-09-17/1350x1800_B5B0AF91-BD7D-4A21-9924-9B8BEF127B84.jpg-700.webp | https://postcdn.haraj.com.sa/userfiles30/2026-09-17/1350x1800_441733DE-C8BB-46C1-BF89-2A4767432188.jpg-700.webp | https://v8-cdn.haraj.com.sa/logos/waffy.png | https://v8-cdn.haraj.com.sa/assets/images/app-store-badge.png | https://v8-cdn.haraj.com.sa/assets/images/google-play-badge.png | https://v8-cdn.haraj.com.sa/logos/huawei-badge-black.png | https://v8-cdn.haraj.com.sa/logos/deal_logo.svg | https://v8-cdn.haraj.com.sa/logos/fal_logo.png | https://v8-cdn.haraj.com.sa/logos/p-twitter.svg | https://v8-cdn.haraj.com.sa/logos/p-tik-tok.svg | https://v8-cdn.haraj.com.sa/logos/p-snapchat.svg | https://v8-cdn.haraj.com.sa/logos/p-instagram.svg | https://v8-cdn.haraj.com.sa/logos/p-facebook.svg | https://v8-cdn.haraj.com.sa/logos/p-youtube.svg,Fashion
https://haraj.com.sa/en/11188730640/,11188730640,Dresses used once | Haraj,,,%D8%B1%D8%A4%D9%89%20%D9%85%D8%AD%D9%85%D8%AF%20%D8%A7%D9%84,19 min. ago,,,SAR,,,,,,,,,,,,,,,,,,,,,https://v8-cdn.haraj.com.sa/flags/uk.svg | https://postcdn.haraj.com.sa/userfiles30/2026-09-17/768x1364_AAD49EAA-F7A9-40EF-BD33-854D65B3DA0D.jpg-700.webp | https://postcdn.haraj.com.sa/userfiles30/2026-09-17/768x1364_EB0FCDF0-B59A-40D9-9365-A394D2CFFC57.jpg-700.webp | https://postcdn.haraj.com.sa/userfiles30/2026-09-17/768x1362_E619C637-0EE9-4797-BC74-41C023963C8B.jpg-700.webp | https://postcdn.haraj.com.sa/userfiles30/2026-09-17/723x1199_89E14D70-1B59-4C1D-AF23-0FA71B56B6E9.jpg-700.webp | https://postcdn.haraj.com.sa/userfiles30/2026-09-17/704x1524_1253F741-39DC-41AD-AB50-7F4DAE3D7630.jpg-700.webp | https://v8-cdn.haraj.com.sa/logos/redbox.png | https://v8-cdn.haraj.com.sa/assets/images/app-store-badge.png | https://v8-cdn.haraj.com.sa/assets/images/google-play-badge.png | https://v8-cdn.haraj.com.sa/logos/huawei-badge-black.png | https://v8-cdn.haraj.com.sa/logos/deal_logo.svg | https://v8-cdn.haraj.com.sa/logos/fal_logo.png | https://v8-cdn.haraj.com.sa/logos/p-twitter.svg | https://v8-cdn.haraj.com.sa/logos/p-tik-tok.svg | https://v8-cdn.haraj.com.sa/logos/p-snapchat.svg | https://v8-cdn.haraj.com.sa/logos/p-instagram.svg | https://v8-cdn.haraj.com.sa/logos/p-facebook.svg | https://v8-cdn.haraj.com.sa/logos/p-youtube.svg,Fashion
https://haraj.com.sa/en/11188730613/,11188730613,Occasion dress for sale | Haraj,,,%D8%A7%D9%84%D8%B4%D9%85%D8%A7%D9%84%D9%8A%D9%87%0A%D8%A7%D9%84%D8%B4%D9%85%D8%A7%D9%84%D9%8A%D9%87,19 min. ago,,,SAR,,,,,,,,,,,,,,,,,,,,,https://v8-cdn.haraj.com.sa/flags/uk.svg | https://postcdn.haraj.com.sa/userfiles30/2026-9-17/768x1024-1_-vaHawmg6uKNDax.jpg-700.webp | https://v8-cdn.haraj.com.sa/logos/waffy.png | https://v8-cdn.haraj.com.sa/assets/images/app-store-badge.png | https://v8-cdn.haraj.com.sa/assets/images/google-play-badge.png | https://v8-cdn.haraj.com.sa/logos/huawei-badge-black.png | https://v8-cdn.haraj.com.sa/logos/deal_logo.svg | https://v8-cdn.haraj.com.sa/logos/fal_logo.png | https://v8-cdn.haraj.com.sa/logos/p-twitter.svg | https://v8-cdn.haraj.com.sa/logos/p-tik-tok.svg | https://v8-cdn.haraj.com.sa/logos/p-snapchat.svg | https://v8-cdn.haraj.com.sa/logos/p-instagram.svg | https://v8-cdn.haraj.com.sa/logos/p-facebook.svg | https://v8-cdn.haraj.com.sa/logos/p-youtube.svg,Fashion
https://haraj.com.sa/en/11188730592/,11188730592,Billiard Prayer Beads | Haraj,,,barasa%20614768,20 min. ago,,,SAR,,,,,,,,,,,,,,,,,,,,,https://v8-cdn.haraj.com.sa/flags/uk.svg | https://profilecdn.haraj.com.sa/16260583/avatar-md.webp | https://postcdn.haraj.com.sa/userfiles30/2026-09-17/1350x1800_2073D2AC-21F2-4829-B262-30B4FC4E3083.jpg-700.webp | https://postcdn.haraj.com.sa/userfiles30/2026-09-17/1350x1800_4AC0580F-C2CF-42FC-A157-A10490F1B28F.jpg-700.webp | https://postcdn.haraj.com.sa/userfiles30/2026-09-17/1350x1800_39BCD26F-90B6-448F-A18E-2C2481F25E68.jpg-700.webp | https://postcdn.haraj.com.sa/userfiles30/2026-09-17/1350x1800_4DC1D2CD-EA6A-472F-A04C-001265F52249.jpg-700.webp | https://postcdn.haraj.com.sa/userfiles30/2026-09-17/1350x1800_B4738CDB-C349-4E21-B78A-FC8CC53E75D7.jpg-700.webp | https://postcdn.haraj.com.sa/userfiles30/2026-09-17/1350x1800_01648D72-D8FF-4ED7-BAC6-C11AE3FA5464.jpg-700.webp | https://postcdn.haraj.com.sa/userfiles30/2026-09-17/1350x1800_957112BC-91C0-40B7-9E3F-FBA71D2ACA7F.jpg-700.webp | https://postcdn.haraj.com.sa/userfiles30/2026-09-17/1350x1800_0A9BF51C-C850-467E-96B0-6E57FD87D771.jpg-700.webp | https://postcdn.haraj.com.sa/userfiles30/2026-09-17/1350x1800_B87E490C-9CCF-43D5-A9D6-A0765215010A.jpg-700.webp | https://v8-cdn.haraj.com.sa/logos/redbox.png | https://v8-cdn.haraj.com.sa/assets/images/app-store-badge.png | https://v8-cdn.haraj.com.sa/assets/images/google-play-badge.png | https://v8-cdn.haraj.com.sa/logos/huawei-badge-black.png | https://v8-cdn.haraj.com.sa/logos/deal_logo.svg | https://v8-cdn.haraj.com.sa/logos/fal_logo.png | https://v8-cdn.haraj.com.sa/logos/p-twitter.svg | https://v8-cdn.haraj.com.sa/logos/p-tik-tok.svg | https://v8-cdn.haraj.com.sa/logos/p-snapchat.svg | https://v8-cdn.haraj.com.sa/logos/p-instagram.svg | https://v8-cdn.haraj.com.sa/logos/p-facebook.svg | https://v8-cdn.haraj.com.sa/logos/p-youtube.svg,Fashion
https://haraj.com.sa/en/11188730576/,11188730576,New model tasbih ring with lighting giftcondolence distribut | Haraj,,,%D8%A7%D8%A8%D9%88%20%D8%A7%D8%AD%D9%85%D8%AF05556,20 min. ago,,,SAR,,,,,,,,,,,,,,,,,,,,,https://v8-cdn.haraj.com.sa/flags/uk.svg | https://profilecdn.haraj.com.sa/5563720/avatar-md.webp | https://postcdn.haraj.com.sa/userfiles30/2026-09-17/738x775_3F085914-FE45-4501-A85D-5CF6003ED230.jpg-700.webp | https://postcdn.haraj.com.sa/userfiles30/2026-09-17/738x1214_C6831D2C-C6E9-45BE-B997-D10E6A5C2E7A.jpg-700.webp | https://postcdn.haraj.com.sa/userfiles30/2026-09-17/738x1019_FA058792-ED14-4363-9399-DB2BACBA6131.jpg-700.webp | https://v8-cdn.haraj.com.sa/logos/redbox.png | https://v8-cdn.haraj.com.sa/assets/images/app-store-badge.png | https://v8-cdn.haraj.com.sa/assets/images/google-play-badge.png | https://v8-cdn.haraj.com.sa/logos/huawei-badge-black.png | https://v8-cdn.haraj.com.sa/logos/deal_logo.svg | https://v8-cdn.haraj.com.sa/logos/fal_logo.png | https://v8-cdn.haraj.com.sa/logos/p-twitter.svg | https://v8-cdn.haraj.com.sa/logos/p-tik-tok.svg | https://v8-cdn.haraj.com.sa/logos/p-snapchat.svg | https://v8-cdn.haraj.com.sa/logos/p-instagram.svg | https://v8-cdn.haraj.com.sa/logos/p-facebook.svg | https://v8-cdn.haraj.com.sa/logos/p-youtube.svg,Fashion
https://haraj.com.sa/en/11188730536/,11188730536,Original Dolce Gabbana Sunglasses | Haraj,,,%D8%A7%D9%85%20%D8%B9%D8%A8%D8%AF%D8%A7%D9%84%D8%B9%D8%B2%D9%8A%D8%B2%201525,22 min. ago,,,SAR,,,,,,,,,,,,,,,,,,,,,https://v8-cdn.haraj.com.sa/flags/uk.svg | https://postcdn.haraj.com.sa/userfiles30/2026-09-17/900x1200-1_-GO__MTc4OTYyMzM4NjkwMzIwMjI4NzMzMg.jpg-700.webp | https://postcdn.haraj.com.sa/userfiles30/2026-09-17/900x1200-1_-GO__MTc4OTYyMzM4Njk1NTg0OTM5MDUyMg.jpg-700.webp | https://postcdn.haraj.com.sa/userfiles30/2026-09-17/900x1200-1_-GO__MTc4OTYyMzM4NzI5NjY4NDYwNDY2MA.jpg-700.webp | https://v8-cdn.haraj.com.sa/logos/redbox.png | https://v8-cdn.haraj.com.sa/assets/images/app-store-badge.png | https://v8-cdn.haraj.com.sa/assets/images/google-play-badge.png | https://v8-cdn.haraj.com.sa/logos/huawei-badge-black.png | https://v8-cdn.haraj.com.sa/logos/deal_logo.svg | https://v8-cdn.haraj.com.sa/logos/fal_logo.png | https://v8-cdn.haraj.com.sa/logos/p-twitter.svg | https://v8-cdn.haraj.com.sa/logos/p-tik-tok.svg | https://v8-cdn.haraj.com.sa/logos/p-snapchat.svg | https://v8-cdn.haraj.com.sa/logos/p-instagram.svg | https://v8-cdn.haraj.com.sa/logos/p-facebook.svg | https://v8-cdn.haraj.com.sa/logos/p-youtube.svg,Fashion
https://haraj.com.sa/en/11188730519/,11188730519,Treadmill | Haraj,,,moath%204218089,22 min. ago,,,SAR,,,,,,,,,,,,,,,,,,,,,https://v8-cdn.haraj.com.sa/flags/uk.svg | https://postcdn.haraj.com.sa/userfiles30/2026-09-17/1350x1800_5797FE71-F72C-4D2C-A0C4-2620373292C1.jpg-700.webp | https://postcdn.haraj.com.sa/userfiles30/2026-09-17/1350x1800_7DD3ACD0-250E-40B7-9EAC-BDCDAA9CAA25.jpg-700.webp | https://postcdn.haraj.com.sa/userfiles30/2026-09-17/1350x1800_FE9F768D-EC4A-4AD3-8E23-A41759B9639C.jpg-700.webp | https://v8-cdn.haraj.com.sa/logos/waffy.png | https://v8-cdn.haraj.com.sa/assets/images/app-store-badge.png | https://v8-cdn.haraj.com.sa/assets/images/google-play-badge.png | https://v8-cdn.haraj.com.sa/logos/huawei-badge-black.png | https://v8-cdn.haraj.com.sa/logos/deal_logo.svg | https://v8-cdn.haraj.com.sa/logos/fal_logo.png | https://v8-cdn.haraj.com.sa/logos/p-twitter.svg | https://v8-cdn.haraj.com.sa/logos/p-tik-tok.svg | https://v8-cdn.haraj.com.sa/logos/p-snapchat.svg | https://v8-cdn.haraj.com.sa/logos/p-instagram.svg | https://v8-cdn.haraj.com.sa/logos/p-facebook.svg | https://v8-cdn.haraj.com.sa/logos/p-youtube.svg,Fashion
https://haraj.com.sa/en/11188730508/,11188730508,Faturan Rosary | Haraj,,,punkie,23 min. ago,,,SAR,,,,,,,,,,,,,,,,,,,,,https://v8-cdn.haraj.com.sa/flags/uk.svg | https://postcdn.haraj.com.sa/userfiles30/2026-09-17/1350x1800_57D05248-CBD2-4B77-8F3A-7B827548470A.jpg-700.webp | https://postcdn.haraj.com.sa/userfiles30/2026-09-17/1350x1800_CDACFF79-AC1C-40E0-8314-29A3BABF9CE5.jpg-700.webp | https://postcdn.haraj.com.sa/userfiles30/2026-09-17/1350x1800_163E7B83-B612-46D9-9091-979E64186BFA.jpg-700.webp | https://postcdn.haraj.com.sa/userfiles30/2026-09-17/1008x1800_F2699678-748A-4B13-A2EC-AA885E13C02C.jpg-700.webp | https://v8-cdn.haraj.com.sa/logos/redbox.png | https://v8-cdn.haraj.com.sa/assets/images/app-store-badge.png | https://v8-cdn.haraj.com.sa/assets/images/google-play-badge.png | https://v8-cdn.haraj.com.sa/logos/huawei-badge-black.png | https://v8-cdn.haraj.com.sa/logos/deal_logo.svg | https://v8-cdn.haraj.com.sa/logos/fal_logo.png | https://v8-cdn.haraj.com.sa/logos/p-twitter.svg | https://v8-cdn.haraj.com.sa/logos/p-tik-tok.svg | https://v8-cdn.haraj.com.sa/logos/p-snapchat.svg | https://v8-cdn.haraj.com.sa/logos/p-instagram.svg | https://v8-cdn.haraj.com.sa/logos/p-facebook.svg | https://v8-cdn.haraj.com.sa/logos/p-youtube.svg,Fashion
https://haraj.com.sa/en/11188730473/,11188730473,Brand bracelet Daniel Wellington | Haraj,,,blu_7777,24 min. ago,,,SAR,,,,,,,,,,,,,,,,,,,,,https://v8-cdn.haraj.com.sa/flags/uk.svg | https://postcdn.haraj.com.sa/userfiles30/2026-09-17/1280x1280_BD67CABA-7F7F-4FE0-AEDA-FFD766B273CB.jpg-700.webp | https://v8-cdn.haraj.com.sa/logos/waffy.png | https://v8-cdn.haraj.com.sa/assets/images/app-store-badge.png | https://v8-cdn.haraj.com.sa/assets/images/google-play-badge.png | https://v8-cdn.haraj.com.sa/logos/huawei-badge-black.png | https://v8-cdn.haraj.com.sa/logos/deal_logo.svg | https://v8-cdn.haraj.com.sa/logos/fal_logo.png | https://v8-cdn.haraj.com.sa/logos/p-twitter.svg | https://v8-cdn.haraj.com.sa/logos/p-tik-tok.svg | https://v8-cdn.haraj.com.sa/logos/p-snapchat.svg | https://v8-cdn.haraj.com.sa/logos/p-instagram.svg | https://v8-cdn.haraj.com.sa/logos/p-facebook.svg | https://v8-cdn.haraj.com.sa/logos/p-youtube.svg,Fashion
https://haraj.com.sa/en/11186499805/,11186499805,Riyadh painting painter | Haraj,,,%D9%85%D9%82%D8%A7%D9%88%D9%84%20%D8%A7%D9%84%D8%A8%D8%A7%D9%83%D8%B3%D8%AA%D8%A7%D9%86%D9%8A%20%D8%AC%D9%88%D8%AA%D9%86%2029,2 min. ago,,,SAR,,,,,,,,,,,,,,,,,,,,,https://v8-cdn.haraj.com.sa/flags/uk.svg | https://profilecdn.haraj.com.sa/12783066/avatar-md.webp | https://postcdn.haraj.com.sa/userfiles30/2026-08-02/900x675-1_-GO__MTc4NTY2MTYwMTk1MDA2MDk3MDYzNQ.jpg-700.webp | https://postcdn.haraj.com.sa/userfiles30/2026-08-02/864x1152-1_-GO__MTc4NTY2MTYwMTgxMTYwNTA5MjQ4OA.jpg-700.webp | https://postcdn.haraj.com.sa/userfiles30/2026-08-02/900x675-1_-GO__MTc4NTY2MTYwMTk2NjE3ODE2NjU5OQ.jpg-700.webp | https://postcdn.haraj.com.sa/userfiles30/2026-08-02/720x1105-1_-GO__MTc4NTY2MTYwMTg2MTAzMTAzMzgxMQ.jpg-700.webp | https://postcdn.haraj.com.sa/userfiles30/2026-08-02/864x1152-1_-GO__MTc4NTY2MTYwMTg4NTExNDkyNzk0MQ.jpg-700.webp | https://postcdn.haraj.com.sa/userfiles30/2026-08-02/720x1058-1_-GO__MTc4NTY2MTYwMTc1NTczNTk2ODQy.jpg-700.webp | https://postcdn.haraj.com.sa/userfiles30/2026-08-02/864x1152-1_-GO__MTc4NTY2MTYwMTkwNDA4MjUwMDczOA.jpg-700.webp | https://v8-cdn.haraj.com.sa/assets/images/app-store-badge.png | https://v8-cdn.haraj.com.sa/assets/images/google-play-badge.png | https://v8-cdn.haraj.com.sa/logos/huawei-badge-black.png | https://v8-cdn.haraj.com.sa/logos/deal_logo.svg | https://v8-cdn.haraj.com.sa/logos/fal_logo.png | https://v8-cdn.haraj.com.sa/logos/p-twitter.svg | https://v8-cdn.haraj.com.sa/logos/p-tik-tok.svg | https://v8-cdn.haraj.com.sa/logos/p-snapchat.svg | https://v8-cdn.haraj.com.sa/logos/p-instagram.svg | https://v8-cdn.haraj.com.sa/logos/p-facebook.svg | https://v8-cdn.haraj.com.sa/logos/p-youtube.svg,Services
https://haraj.com.sa/en/11185825296/,11185825296,Mecca Furniture Moving Truck | Haraj,,,%D8%A7%D8%A8%D9%88%20%D9%85%D8%AD%D9%85%D8%AF%20%D9%84%D9%86%D9%82%D9%84%2053,2 min. ago,,,SAR,,,,,,,,,,,,,,,,,,,,,https://v8-cdn.haraj.com.sa/flags/uk.svg | https://postcdn.haraj.com.sa/userfiles30/2026-8-5/900x700-1_-duc4WcYm071pWi.jpg-700.webp | https://v8-cdn.haraj.com.sa/logos/waffy.png | https://profilecdn.haraj.com.sa/18566585/avatar-md.webp | https://v8-cdn.haraj.com.sa/assets/images/app-store-badge.png | https://v8-cdn.haraj.com.sa/assets/images/google-play-badge.png | https://v8-cdn.haraj.com.sa/logos/huawei-badge-black.png | https://v8-cdn.haraj.com.sa/logos/deal_logo.svg | https://v8-cdn.haraj.com.sa/logos/fal_logo.png | https://v8-cdn.haraj.com.sa/logos/p-twitter.svg | https://v8-cdn.haraj.com.sa/logos/p-tik-tok.svg | https://v8-cdn.haraj.com.sa/logos/p-snapchat.svg | https://v8-cdn.haraj.com.sa/logos/p-instagram.svg | https://v8-cdn.haraj.com.sa/logos/p-facebook.svg | https://v8-cdn.haraj.com.sa/logos/p-youtube.svg,Services
https://haraj.com.sa/en/11186328875/,11186328875,Technician for installing new bedrooms curtains and kitchens | Haraj,,,%D9%86%D8%AC%D8%A7%D8%B1%20%D8%A8%D8%A7%D9%84%D9%85%D8%AF%D9%8A%D9%86%D9%87,2 min. ago,,,SAR,,,,,,,,,,,,,,,,,,,,,https://v8-cdn.haraj.com.sa/flags/uk.svg | https://profilecdn.haraj.com.sa/14614641/avatar-md.webp | https://postcdn.haraj.com.sa/userfiles30/2026-8-13/810x568-1_-Gh0Mfvzui2Y0VF.jpg-700.webp | https://postcdn.haraj.com.sa/userfiles30/2026-8-13/563x1000-1_-1TNb5nAQ1o9d8s.jpg-700.webp | https://postcdn.haraj.com.sa/userfiles30/2026-8-13/563x1000-1_-Dbe7sv1lsznGj6.jpg-700.webp | https://postcdn.haraj.com.sa/userfiles30/2026-8-13/542x538-1_-X0rwMgKceZqqPi.jpg-700.webp | https://postcdn.haraj.com.sa/userfiles30/2026-8-13/375x375-1_-0qGu0fU73lO2N8.jpg-700.webp | https://v8-cdn.haraj.com.sa/assets/images/app-store-badge.png | https://v8-cdn.haraj.com.sa/assets/images/google-play-badge.png | https://v8-cdn.haraj.com.sa/logos/huawei-badge-black.png | https://v8-cdn.haraj.com.sa/logos/deal_logo.svg | https://v8-cdn.haraj.com.sa/logos/fal_logo.png | https://v8-cdn.haraj.com.sa/logos/p-twitter.svg | https://v8-cdn.haraj.com.sa/logos/p-tik-tok.svg | https://v8-cdn.haraj.com.sa/logos/p-snapchat.svg | https://v8-cdn.haraj.com.sa/logos/p-instagram.svg | https://v8-cdn.haraj.com.sa/logos/p-facebook.svg | https://v8-cdn.haraj.com.sa/logos/p-youtube.svg,Services
https://haraj.com.sa/en/11171156147/,11171156147,Paint and Decorations Specialist | Haraj,,,%D9%84%D9%85%D8%B3%D9%87%20%D8%A5%D8%A8%D8%AF%D8%A7%D8%B9%20%D9%84%D8%AF%D9%83%D9%88%D8%B1%20%D9%88%D8%A7%D9%84%D8%B7%D8%B4%D8%B7%D9%8A%D8%A8,2 min. ago,,,SAR,,,,,,,,,,,,,,,,,,,,,https://v8-cdn.haraj.com.sa/flags/uk.svg | https://profilecdn.haraj.com.sa/17700366/avatar-md.webp | https://postcdn.haraj.com.sa/userfiles30/2025-12-7/2304x1728-1_-eOZQ7hV3NzdTAX.jpg-700.webp | https://postcdn.haraj.com.sa/userfiles30/2025-12-7/2304x1728-1_-gOcq71f69U7l7D.jpg-700.webp | https://postcdn.haraj.com.sa/userfiles30/2025-12-7/1728x2304-1_-DyL1LigTJkfdBh.jpg-700.webp | https://postcdn.haraj.com.sa/userfiles30/2025-12-7/1200x1600-1_-EwIbTPVyZKSSvB.jpg-700.webp | https://postcdn.haraj.com.sa/userfiles30/2025-12-7/591x1280-1_-Ur8DkVVRYu20O3.jpg-700.webp | https://postcdn.haraj.com.sa/userfiles30/2025-12-7/900x1600-1_-KNvBdxuYHWRBqq.jpg-700.webp | https://postcdn.haraj.com.sa/userfiles30/2025-12-7/1728x2304-1_-WKKoSzGmtPGQim.jpg-700.webp | https://postcdn.haraj.com.sa/userfiles30/2025-12-7/1728x2304-1_-Q12QphevxsLdlO.jpg-700.webp | https://postcdn.haraj.com.sa/userfiles30/2025-12-7/1728x2304-1_-1OcgLtNy2woXR6.jpg-700.webp | https://postcdn.haraj.com.sa/userfiles30/2025-12-7/1728x2304-1_-xOv6xGsQFKLPEk.jpg-700.webp | https://v8-cdn.haraj.com.sa/assets/images/app-store-badge.png | https://v8-cdn.haraj.com.sa/assets/images/google-play-badge.png | https://v8-cdn.haraj.com.sa/logos/huawei-badge-black.png | https://v8-cdn.haraj.com.sa/logos/deal_logo.svg | https://v8-cdn.haraj.com.sa/logos/fal_logo.png | https://v8-cdn.haraj.com.sa/logos/p-twitter.svg | https://v8-cdn.haraj.com.sa/logos/p-tik-tok.svg | https://v8-cdn.haraj.com.sa/logos/p-snapchat.svg | https://v8-cdn.haraj.com.sa/logos/p-instagram.svg | https://v8-cdn.haraj.com.sa/logos/p-facebook.svg | https://v8-cdn.haraj.com.sa/logos/p-youtube.svg,Services
https://haraj.com.sa/en/11178771277/,11178771277,Air Conditioning Refrigeration and Maintenance Technician | Haraj,,,%D9%81%D9%83%20%D9%88%D8%AA%D8%B1%D9%83%D9%8A%D8%A8%20%D9%88%D8%B5%D9%8A%D8%A7%D9%86%D9%87%20%D8%A7%D9%84%D8%AA%D9%83%D9%8A%D9%8A%D9%81,2 min. ago,,,SAR,,,,,,,,,,,,,,,,,,,,,https://v8-cdn.haraj.com.sa/flags/uk.svg | https://profilecdn.haraj.com.sa/25181535/avatar-md.webp | https://postcdn.haraj.com.sa/userfiles30/2026-9-7/800x800-1_-xd57vNOf2qe14T.jpg-700.webp | https://postcdn.haraj.com.sa/userfiles30/2026-9-15/682x1024-1_-Wt6PTyYq3ZOVUW.jpg-700.webp | https://postcdn.haraj.com.sa/userfiles30/2026-9-15/716x980-1_-fxWQ5DZ9Lndmez.jpg-700.webp | https://postcdn.haraj.com.sa/userfiles30/2026-9-15/1536x2048-1_-HFlC8qHbfcKb59.jpg-700.webp | https://postcdn.haraj.com.sa/userfiles30/2026-9-15/1200x1599-1_-kuRNpiGzFe20mr.jpg-700.webp | https://postcdn.haraj.com.sa/userfiles30/2026-9-15/460x1024-1_-V7fGNfF8dN3Xd1.jpg-700.webp | https://profilecdn.haraj.com.sa/1849847/avatar-md.webp | https://profilecdn.haraj.com.sa/17444505/avatar-md.webp | https://profilecdn.haraj.com.sa/25292441/avatar-md.webp | https://profilecdn.haraj.com.sa/4396902/avatar-md.webp | https://v8-cdn.haraj.com.sa/assets/images/app-store-badge.png | https://v8-cdn.haraj.com.sa/assets/images/google-play-badge.png | https://v8-cdn.haraj.com.sa/logos/huawei-badge-black.png | https://v8-cdn.haraj.com.sa/logos/deal_logo.svg | https://v8-cdn.haraj.com.sa/logos/fal_logo.png | https://v8-cdn.haraj.com.sa/logos/p-twitter.svg | https://v8-cdn.haraj.com.sa/logos/p-tik-tok.svg | https://v8-cdn.haraj.com.sa/logos/p-snapchat.svg | https://v8-cdn.haraj.com.sa/logos/p-instagram.svg | https://v8-cdn.haraj.com.sa/logos/p-facebook.svg | https://v8-cdn.haraj.com.sa/logos/p-youtube.svg,Services
https://haraj.com.sa/en/11185750246/,11185750246,Carpet apartment tank villa home cleaning company tile polis | Haraj,,,%D8%A7%D9%84%D9%82%D8%A7%D8%AF%D8%A9%20%D9%84%D8%AA%D9%86%D8%B8%D9%8A%D9%81%20%D8%A7%D9%84%D9%85%D9%86%D8%A7%D8%B2%D9%84,2 min. ago,,,SAR,,,,,,,,,,,,,,,,,,,,,https://v8-cdn.haraj.com.sa/flags/uk.svg | https://profilecdn.haraj.com.sa/4266616/avatar-md.webp | https://postcdn.haraj.com.sa/userfiles30/2026-8-4/495x619-1_-rpJExG4TvrjD05.jpg-700.webp | https://postcdn.haraj.com.sa/userfiles30/2026-8-4/447x447-1_-RxHimK5HdCxcy3.jpg-700.webp | https://postcdn.haraj.com.sa/userfiles30/2026-8-4/582x527-1_-9fQw3Wc9sYL78V.jpg-700.webp | https://postcdn.haraj.com.sa/userfiles30/2026-8-4/588x357-1_-B9Ht69WUJVdb4e.jpg-700.webp | https://postcdn.haraj.com.sa/userfiles30/2026-8-4/520x516-1_-My41r0noC5YtwL.jpg-700.webp | https://postcdn.haraj.com.sa/userfiles30/2026-8-4/337x260-1_-S4Nr4lnVVUMZAf.jpg-700.webp | https://postcdn.haraj.com.sa/userfiles30/2026-8-4/300x240-1_-wTWk1tFggRQlmZ.jpg-700.webp | https://postcdn.haraj.com.sa/userfiles30/2026-8-4/501x329-1_-qHpTXy2SGlRERl.jpg-700.webp | https://postcdn.haraj.com.sa/userfiles30/2026-8-4/1080x1080-1_-0DfpFEF3THy2Jc.jpg-700.webp | https://v8-cdn.haraj.com.sa/assets/images/app-store-badge.png | https://v8-cdn.haraj.com.sa/assets/images/google-play-badge.png | https://v8-cdn.haraj.com.sa/logos/huawei-badge-black.png | https://v8-cdn.haraj.com.sa/logos/deal_logo.svg | https://v8-cdn.haraj.com.sa/logos/fal_logo.png | https://v8-cdn.haraj.com.sa/logos/p-twitter.svg | https://v8-cdn.haraj.com.sa/logos/p-tik-tok.svg | https://v8-cdn.haraj.com.sa/logos/p-snapchat.svg | https://v8-cdn.haraj.com.sa/logos/p-instagram.svg | https://v8-cdn.haraj.com.sa/logos/p-facebook.svg | https://v8-cdn.haraj.com.sa/logos/p-youtube.svg,Services
https://haraj.com.sa/en/11186718408/,11186718408,AC Technician Installation of Split Air Conditioners America | Haraj,,,%D8%A7%D9%84%D8%B9%D8%A7%D9%84%D9%85%D9%8A%20%D9%84%D8%AA%D9%85%D8%AF%D9%8A%D8%AF%20%D8%A7%D9%84%D9%86%D8%AD%D8%A7%D8%B3,2 min. ago,,,SAR,,,,,,,,,,,,,,,,,,,,,https://v8-cdn.haraj.com.sa/flags/uk.svg | https://postcdn.haraj.com.sa/userfiles30/2026-08-18/480x640-1_-GO__MTc4NzA3MzUzNjQwMzQzMjQ1MzQ3OQ.jpg-700.webp | https://v8-cdn.haraj.com.sa/assets/images/app-store-badge.png | https://v8-cdn.haraj.com.sa/assets/images/google-play-badge.png | https://v8-cdn.haraj.com.sa/logos/huawei-badge-black.png | https://v8-cdn.haraj.com.sa/logos/deal_logo.svg | https://v8-cdn.haraj.com.sa/logos/fal_logo.png | https://v8-cdn.haraj.com.sa/logos/p-twitter.svg | https://v8-cdn.haraj.com.sa/logos/p-tik-tok.svg | https://v8-cdn.haraj.com.sa/logos/p-snapchat.svg | https://v8-cdn.haraj.com.sa/logos/p-instagram.svg | https://v8-cdn.haraj.com.sa/logos/p-facebook.svg | https://v8-cdn.haraj.com.sa/logos/p-youtube.svg,Services
https://haraj.com.sa/en/11188513351/,11188513351,Professional plumber in Jeddah available and entertainment | Haraj,,,%D8%A7%D8%AD%D9%85%D8%AF%20%D8%A8%D8%A7%D9%87%D9%8A%20%D8%A7%D9%84%D8%B5%D8%B9%D9%8A%D8%AF%D9%8A,2 min. ago,,,SAR,,,,,,,,,,,,,,,,,,,,,https://v8-cdn.haraj.com.sa/flags/uk.svg | https://profilecdn.haraj.com.sa/24130341/avatar-md.webp | https://postcdn.haraj.com.sa/userfiles30/2026-09-13/720x1600-1_-GO__MTc4OTMzODA3MzkzNzU0MjUxNzY5NQ.jpg-700.webp | https://postcdn.haraj.com.sa/userfiles30/2026-09-13/900x1196-1_-GO__MTc4OTMzODA3NDQzNTg2MDY5MDY3Mg.jpg-700.webp | https://postcdn.haraj.com.sa/userfiles30/2026-09-13/720x720-1_-GO__MTc4OTMzODA3MzgxNDk4NDE0NjE1Nw.jpg-700.webp | https://postcdn.haraj.com.sa/userfiles30/2026-09-13/900x1159-1_-GO__MTc4OTMzODA3NDMyMjc2NzM5MzUwMQ.jpg-700.webp | https://v8-cdn.haraj.com.sa/assets/images/app-store-badge.png | https://v8-cdn.haraj.com.sa/assets/images/google-play-badge.png | https://v8-cdn.haraj.com.sa/logos/huawei-badge-black.png | https://v8-cdn.haraj.com.sa/logos/deal_logo.svg | https://v8-cdn.haraj.com.sa/logos/fal_logo.png | https://v8-cdn.haraj.com.sa/logos/p-twitter.svg | https://v8-cdn.haraj.com.sa/logos/p-tik-tok.svg | https://v8-cdn.haraj.com.sa/logos/p-snapchat.svg | https://v8-cdn.haraj.com.sa/logos/p-instagram.svg | https://v8-cdn.haraj.com.sa/logos/p-facebook.svg | https://v8-cdn.haraj.com.sa/logos/p-youtube.svg,Services
https://haraj.com.sa/en/11183997783/,11183997783,Dina 6 meters furniture moving with dismantling and installa | Haraj,,,mmm%20766655,2 min. ago,,,SAR,,,,,,,,,,,,,,,,,,,,,https://v8-cdn.haraj.com.sa/flags/uk.svg | https://postcdn.haraj.com.sa/userfiles30/2026-7-8/612x1350-1_-iSs0UEmSeyMp8f.jpg-700.webp | https://v8-cdn.haraj.com.sa/logos/waffy.png | https://v8-cdn.haraj.com.sa/assets/images/app-store-badge.png | https://v8-cdn.haraj.com.sa/assets/images/google-play-badge.png | https://v8-cdn.haraj.com.sa/logos/huawei-badge-black.png | https://v8-cdn.haraj.com.sa/logos/deal_logo.svg | https://v8-cdn.haraj.com.sa/logos/fal_logo.png | https://v8-cdn.haraj.com.sa/logos/p-twitter.svg | https://v8-cdn.haraj.com.sa/logos/p-tik-tok.svg | https://v8-cdn.haraj.com.sa/logos/p-snapchat.svg | https://v8-cdn.haraj.com.sa/logos/p-instagram.svg | https://v8-cdn.haraj.com.sa/logos/p-facebook.svg | https://v8-cdn.haraj.com.sa/logos/p-youtube.svg,Services
https://haraj.com.sa/en/11164141118/,11164141118,مندوب توصيل طلبات | Haraj,,,%D9%85%D9%86%D8%AF%D9%88%D8%A8%20%D8%AA%D9%88%D8%B5%D9%8A%D9%84%20%D8%B7%D9%84%D8%A8%D8%A7%D8%AA%20%D8%A7%D9%84%D8%B1%D9%8A%D8%A7%D8%B61,2 min. ago,,,SAR,,,,,,,,,,,,,,,,,,,,,https://v8-cdn.haraj.com.sa/flags/uk.svg | https://profilecdn.haraj.com.sa/4499883/avatar-md.webp | https://postcdn.haraj.com.sa/userfiles30/2025-10-15/640x640-1_-kO1VyqE8DGilZc.jpg-700.webp | https://profilecdn.haraj.com.sa/24631302/avatar-md.webp | https://v8-cdn.haraj.com.sa/assets/images/app-store-badge.png | https://v8-cdn.haraj.com.sa/assets/images/google-play-badge.png | https://v8-cdn.haraj.com.sa/logos/huawei-badge-black.png | https://v8-cdn.haraj.com.sa/logos/deal_logo.svg | https://v8-cdn.haraj.com.sa/logos/fal_logo.png | https://v8-cdn.haraj.com.sa/logos/p-twitter.svg | https://v8-cdn.haraj.com.sa/logos/p-tik-tok.svg | https://v8-cdn.haraj.com.sa/logos/p-snapchat.svg | https://v8-cdn.haraj.com.sa/logos/p-instagram.svg | https://v8-cdn.haraj.com.sa/logos/p-facebook.svg | https://v8-cdn.haraj.com.sa/logos/p-youtube.svg,Services
https://haraj.com.sa/en/11187408888/,11187408888,Floor and wall tile breaking workers opening doors demolitio | Haraj,,,%D8%A7%D8%A8%D9%88%20%D8%B9%D9%85%D8%A7%D8%B1%206275,2 min. ago,,,SAR,,,,,,,,,,,,,,,,,,,,,https://v8-cdn.haraj.com.sa/flags/uk.svg | https://profilecdn.haraj.com.sa/18201754/avatar-md.webp | https://postcdn.haraj.com.sa/userfiles30/2026-08-28/612x816-1_-GO__MTc4Nzk0MDAzNTIwMDk5NjY5NTYyNQ.jpg-700.webp | https://postcdn.haraj.com.sa/userfiles30/2026-08-28/900x675-1_-GO__MTc4Nzk0MDAzNTg0NjYxMjAwMzE1MA.jpg-700.webp | https://postcdn.haraj.com.sa/userfiles30/2026-08-28/900x1200-1_-GO__MTc4Nzk0MDAzNjU5ODE1MDEzNDk4MQ.jpg-700.webp | https://postcdn.haraj.com.sa/userfiles30/2026-08-28/900x675-1_-GO__MTc4Nzk0MDAzNjc4NzcxNjYwNTg0Ng.jpg-700.webp | https://postcdn.haraj.com.sa/userfiles30/2026-08-28/900x1200-1_-GO__MTc4Nzk0MDAzNzE5OTA2MTMyMjcyMQ.jpg-700.webp | https://v8-cdn.haraj.com.sa/assets/images/app-store-badge.png | https://v8-cdn.haraj.com.sa/assets/images/google-play-badge.png | https://v8-cdn.haraj.com.sa/logos/huawei-badge-black.png | https://v8-cdn.haraj.com.sa/logos/deal_logo.svg | https://v8-cdn.haraj.com.sa/logos/fal_logo.png | https://v8-cdn.haraj.com.sa/logos/p-twitter.svg | https://v8-cdn.haraj.com.sa/logos/p-tik-tok.svg | https://v8-cdn.haraj.com.sa/logos/p-snapchat.svg | https://v8-cdn.haraj.com.sa/logos/p-instagram.svg | https://v8-cdn.haraj.com.sa/logos/p-facebook.svg | https://v8-cdn.haraj.com.sa/logos/p-youtube.svg,Services
https://haraj.com.sa/en/11161390178/,11161390178,تركيب اسبيلت مكيفات | Haraj,,,%D9%81%D9%86%D9%8A%20%D8%AA%D9%83%D9%8A%D9%8A%D9%81%20%D9%88%D8%AA%D8%A8%D8%B1%D9%8A%D8%AF00,2 min. ago,,,SAR,,,,,,,,,,,,,,,,,,,,,https://v8-cdn.haraj.com.sa/flags/uk.svg | https://profilecdn.haraj.com.sa/21321906/avatar-md.webp | https://v8-cdn.haraj.com.sa/logos/waffy.png | https://v8-cdn.haraj.com.sa/assets/images/app-store-badge.png | https://v8-cdn.haraj.com.sa/assets/images/google-play-badge.png | https://v8-cdn.haraj.com.sa/logos/huawei-badge-black.png | https://v8-cdn.haraj.com.sa/logos/deal_logo.svg | https://v8-cdn.haraj.com.sa/logos/fal_logo.png | https://v8-cdn.haraj.com.sa/logos/p-twitter.svg | https://v8-cdn.haraj.com.sa/logos/p-tik-tok.svg | https://v8-cdn.haraj.com.sa/logos/p-snapchat.svg | https://v8-cdn.haraj.com.sa/logos/p-instagram.svg | https://v8-cdn.haraj.com.sa/logos/p-facebook.svg | https://v8-cdn.haraj.com.sa/logos/p-youtube.svg,Services
https://haraj.com.sa/en/11188657437/,11188657437,Lawyer Law Firm | Haraj,,,%D9%85%D8%AD%D8%A7%D9%85%D9%8A%20%D9%85%D8%B1%D8%AE%D8%B5%20-%20%D9%88%D8%B2%D8%A7%D8%B1%D8%A9%20%D8%A7%D9%84%D8%B9%D8%AF%D9%84,3 min. ago,,,SAR,,,,,,,,,,,,,,,,,,,,,https://v8-cdn.haraj.com.sa/flags/uk.svg | https://profilecdn.haraj.com.sa/18650008/avatar-md.webp | https://postcdn.haraj.com.sa/userfiles30/2026-09-16/1254x1254_00FD87E1-5628-4301-A19E-389D2ACB1C01.jpg-700.webp | https://v8-cdn.haraj.com.sa/assets/images/app-store-badge.png | https://v8-cdn.haraj.com.sa/assets/images/google-play-badge.png | https://v8-cdn.haraj.com.sa/logos/huawei-badge-black.png | https://v8-cdn.haraj.com.sa/logos/deal_logo.svg | https://v8-cdn.haraj.com.sa/logos/fal_logo.png | https://v8-cdn.haraj.com.sa/logos/p-twitter.svg | https://v8-cdn.haraj.com.sa/logos/p-tik-tok.svg | https://v8-cdn.haraj.com.sa/logos/p-snapchat.svg | https://v8-cdn.haraj.com.sa/logos/p-instagram.svg | https://v8-cdn.haraj.com.sa/logos/p-facebook.svg | https://v8-cdn.haraj.com.sa/logos/p-youtube.svg,Services
https://haraj.com.sa/en/11183442117/,11183442117,Air conditioners technician Tabuk | Haraj,,,%D8%B9%D8%B6%D9%88%2037%2076748,3 min. ago,,,SAR,,,,,,,,,,,,,,,,,,,,,https://v8-cdn.haraj.com.sa/flags/uk.svg | https://profilecdn.haraj.com.sa/23085834/avatar-md.webp | https://postcdn.haraj.com.sa/userfiles30/2026-6-29/900x600-1_-rHpF3wWeS63L3b.jpg-700.webp | https://postcdn.haraj.com.sa/userfiles30/2026-6-29/900x600-1_-Es1tYYePfNos22.jpg-700.webp | https://v8-cdn.haraj.com.sa/assets/images/app-store-badge.png | https://v8-cdn.haraj.com.sa/assets/images/google-play-badge.png | https://v8-cdn.haraj.com.sa/logos/huawei-badge-black.png | https://v8-cdn.haraj.com.sa/logos/deal_logo.svg | https://v8-cdn.haraj.com.sa/logos/fal_logo.png | https://v8-cdn.haraj.com.sa/logos/p-twitter.svg | https://v8-cdn.haraj.com.sa/logos/p-tik-tok.svg | https://v8-cdn.haraj.com.sa/logos/p-snapchat.svg | https://v8-cdn.haraj.com.sa/logos/p-instagram.svg | https://v8-cdn.haraj.com.sa/logos/p-facebook.svg | https://v8-cdn.haraj.com.sa/logos/p-youtube.svg,Services
https://haraj.com.sa/en/11187971137/,11187971137,Paint Teacher Painter Paint | Haraj,,,%D8%A7%D8%A8%D9%88%20%D9%8A%D8%B2%D9%860654,3 min. ago,,,SAR,,,,,,,,,,,,,,,,,,,,,https://v8-cdn.haraj.com.sa/flags/uk.svg | https://profilecdn.haraj.com.sa/15201528/avatar-md.webp | https://postcdn.haraj.com.sa/userfiles30/2026-9-6/1200x1600-1_-zIqQKzwIOBKKdJ.jpg-700.webp | https://postcdn.haraj.com.sa/userfiles30/2026-9-6/900x1600-1_-O3sFVQJokQalvw.jpg-700.webp | https://postcdn.haraj.com.sa/userfiles30/2026-9-6/900x1600-1_-l8MTR0wQXtkRfT.jpg-700.webp | https://postcdn.haraj.com.sa/userfiles30/2026-9-6/899x1599-1_-VW7sI7z2OBJ6ow.jpg-700.webp | https://postcdn.haraj.com.sa/userfiles30/2026-9-6/720x1280-1_-ROHvic8VgUaFUo.jpg-700.webp | https://postcdn.haraj.com.sa/userfiles30/2026-9-6/768x1024-1_-9FeWbpycfBFT0w.jpg-700.webp | https://postcdn.haraj.com.sa/userfiles30/2026-9-6/768x1024-1_-IFAzKnkEp5nYSb.jpg-700.webp | https://postcdn.haraj.com.sa/userfiles30/2026-9-6/852x704-1_-5lSpL3N1L6QL2e.jpg-700.webp | https://postcdn.haraj.com.sa/userfiles30/2026-9-6/864x1152-1_-4xSNWZbYew0kNF.jpg-700.webp | https://postcdn.haraj.com.sa/userfiles30/2026-9-6/864x1152-1_-97ouhDx5MhIh6M.jpg-700.webp | https://v8-cdn.haraj.com.sa/assets/images/app-store-badge.png | https://v8-cdn.haraj.com.sa/assets/images/google-play-badge.png | https://v8-cdn.haraj.com.sa/logos/huawei-badge-black.png | https://v8-cdn.haraj.com.sa/logos/deal_logo.svg | https://v8-cdn.haraj.com.sa/logos/fal_logo.png | https://v8-cdn.haraj.com.sa/logos/p-twitter.svg | https://v8-cdn.haraj.com.sa/logos/p-tik-tok.svg | https://v8-cdn.haraj.com.sa/logos/p-snapchat.svg | https://v8-cdn.haraj.com.sa/logos/p-instagram.svg | https://v8-cdn.haraj.com.sa/logos/p-facebook.svg | https://v8-cdn.haraj.com.sa/logos/p-youtube.svg,Services
https://haraj.com.sa/en/11187715630/,11187715630,Moving truck for furniture transport inside and outside Jedd | Haraj,,,%D8%B2%D9%87%D8%B1%D8%A9%20%D8%A7%D9%84%D9%85%D8%B1%D8%AC%D8%A7%D9%86%202020,3 min. ago,,,SAR,,,,,,,,,,,,,,,,,,,,,https://v8-cdn.haraj.com.sa/flags/uk.svg | https://profilecdn.haraj.com.sa/22559310/avatar-md.webp | https://postcdn.haraj.com.sa/userfiles30/2026-9-2/720x727-1_-J51PSAuVjQsXwf.jpg-700.webp | https://v8-cdn.haraj.com.sa/assets/images/app-store-badge.png | https://v8-cdn.haraj.com.sa/assets/images/google-play-badge.png | https://v8-cdn.haraj.com.sa/logos/huawei-badge-black.png | https://v8-cdn.haraj.com.sa/logos/deal_logo.svg | https://v8-cdn.haraj.com.sa/logos/fal_logo.png | https://v8-cdn.haraj.com.sa/logos/p-twitter.svg | https://v8-cdn.haraj.com.sa/logos/p-tik-tok.svg | https://v8-cdn.haraj.com.sa/logos/p-snapchat.svg | https://v8-cdn.haraj.com.sa/logos/p-instagram.svg | https://v8-cdn.haraj.com.sa/logos/p-facebook.svg | https://v8-cdn.haraj.com.sa/logos/p-youtube.svg,Services
https://haraj.com.sa/en/11187607936/,11187607936,Sewer compressor drain cleaning sewage suction | Haraj,,,%D8%B2%D9%87%D8%B1%D9%87%20%D8%A7%D9%84%D8%AC%D9%86%D9%88%D9%88%D8%A8%20%D9%84%D8%B5%D8%B1%D9%81%20%D8%A7%D9%84%D8%B5%D8%AD%D9%89,3 min. ago,,,SAR,,,,,,,,,,,,,,,,,,,,,https://v8-cdn.haraj.com.sa/flags/uk.svg | https://profilecdn.haraj.com.sa/2516505/avatar-md.webp | https://postcdn.haraj.com.sa/userfiles30/2026-8-31/1228x1082-1_-yQGGN5xbaOQkNe.jpg-700.webp | https://v8-cdn.haraj.com.sa/assets/images/app-store-badge.png | https://v8-cdn.haraj.com.sa/assets/images/google-play-badge.png | https://v8-cdn.haraj.com.sa/logos/huawei-badge-black.png | https://v8-cdn.haraj.com.sa/logos/deal_logo.svg | https://v8-cdn.haraj.com.sa/logos/fal_logo.png | https://v8-cdn.haraj.com.sa/logos/p-twitter.svg | https://v8-cdn.haraj.com.sa/logos/p-tik-tok.svg | https://v8-cdn.haraj.com.sa/logos/p-snapchat.svg | https://v8-cdn.haraj.com.sa/logos/p-instagram.svg | https://v8-cdn.haraj.com.sa/logos/p-facebook.svg | https://v8-cdn.haraj.com.sa/logos/p-youtube.svg,Services
https://haraj.com.sa/en/11175131270/,11175131270,Italian elevators with modern technologies | Haraj,,,%D8%B9%D8%B6%D9%88%20%20abdullah12,3 min. ago,,,SAR,,,,,,,,,,,,,,,,,,,,,https://v8-cdn.haraj.com.sa/flags/uk.svg | https://profilecdn.haraj.com.sa/17987153/avatar-md.webp | https://v8-cdn.haraj.com.sa/logos/waffy.png | https://v8-cdn.haraj.com.sa/assets/images/app-store-badge.png | https://v8-cdn.haraj.com.sa/assets/images/google-play-badge.png | https://v8-cdn.haraj.com.sa/logos/huawei-badge-black.png | https://v8-cdn.haraj.com.sa/logos/deal_logo.svg | https://v8-cdn.haraj.com.sa/logos/fal_logo.png | https://v8-cdn.haraj.com.sa/logos/p-twitter.svg | https://v8-cdn.haraj.com.sa/logos/p-tik-tok.svg | https://v8-cdn.haraj.com.sa/logos/p-snapchat.svg | https://v8-cdn.haraj.com.sa/logos/p-instagram.svg | https://v8-cdn.haraj.com.sa/logos/p-facebook.svg | https://v8-cdn.haraj.com.sa/logos/p-youtube.svg,Services
https://haraj.com.sa/en/11167698818/,11167698818,جميع انواع الدهنات دخلي وخرجي بديل خشب ورق قدران دهان ابكسي | Haraj,,,%D8%A7%D8%A8%D9%88%20%D8%A7%D9%8A%D8%A7%D8%AF1458,3 min. ago,,,SAR,,,,,,,,,,,,,,,,,,,,,https://v8-cdn.haraj.com.sa/flags/uk.svg | https://profilecdn.haraj.com.sa/21678845/avatar-md.webp | https://postcdn.haraj.com.sa/userfiles30/2025-10-13/768x1024-1_-5iMCqM1SKfbBRj.jpg-700.webp | https://v8-cdn.haraj.com.sa/assets/images/app-store-badge.png | https://v8-cdn.haraj.com.sa/assets/images/google-play-badge.png | https://v8-cdn.haraj.com.sa/logos/huawei-badge-black.png | https://v8-cdn.haraj.com.sa/logos/deal_logo.svg | https://v8-cdn.haraj.com.sa/logos/fal_logo.png | https://v8-cdn.haraj.com.sa/logos/p-twitter.svg | https://v8-cdn.haraj.com.sa/logos/p-tik-tok.svg | https://v8-cdn.haraj.com.sa/logos/p-snapchat.svg | https://v8-cdn.haraj.com.sa/logos/p-instagram.svg | https://v8-cdn.haraj.com.sa/logos/p-facebook.svg | https://v8-cdn.haraj.com.sa/logos/p-youtube.svg,Services
https://haraj.com.sa/en/11188579008/,11188579008,Carpet Cleaning Company AC Washing Apartments Majlis Mattres | Haraj,,,%D9%83%D9%84%D9%8A%D9%86%20%D8%A7%D9%84%D9%85%D8%B3%D8%AA%D9%82%D8%A8%D9%84,3 min. ago,,,SAR,,,,,,,,,,,,,,,,,,,,,https://v8-cdn.haraj.com.sa/flags/uk.svg | https://profilecdn.haraj.com.sa/5104798/avatar-md.webp | https://postcdn.haraj.com.sa/userfiles30/2026-9-14/1254x1254-1_-iVVfhhxj2jb3rj.jpg-700.webp | https://postcdn.haraj.com.sa/userfiles30/2026-9-14/757x1280-1_-wcjr7iTaIgdbQe.jpg-700.webp | https://postcdn.haraj.com.sa/userfiles30/2026-9-14/1200x1600-1_-SDpT7CLQyJCgAC.jpg-700.webp | https://postcdn.haraj.com.sa/userfiles30/2026-9-14/500x375-1_-BBzOfegy0seiIe.jpg-700.webp | https://postcdn.haraj.com.sa/userfiles30/2026-9-14/1199x1270-1_-p8waTBN1AtZUJY.jpg-700.webp | https://postcdn.haraj.com.sa/userfiles30/2026-9-14/900x1600-1_-E6NRvn3546NBpx.jpg-700.webp | https://postcdn.haraj.com.sa/userfiles30/2026-9-14/1200x1600-1_-DJpivuoHUsaW4c.jpg-700.webp | https://v8-cdn.haraj.com.sa/assets/images/app-store-badge.png | https://v8-cdn.haraj.com.sa/assets/images/google-play-badge.png | https://v8-cdn.haraj.com.sa/logos/huawei-badge-black.png | https://v8-cdn.haraj.com.sa/logos/deal_logo.svg | https://v8-cdn.haraj.com.sa/logos/fal_logo.png | https://v8-cdn.haraj.com.sa/logos/p-twitter.svg | https://v8-cdn.haraj.com.sa/logos/p-tik-tok.svg | https://v8-cdn.haraj.com.sa/logos/p-snapchat.svg | https://v8-cdn.haraj.com.sa/logos/p-instagram.svg | https://v8-cdn.haraj.com.sa/logos/p-facebook.svg | https://v8-cdn.haraj.com.sa/logos/p-youtube.svg,Services
